key;context;value;
Laricque;query;place|GLOB2_1001|Larike;
Larieke;query;place|GLOB2_1001|Larike;
Larieque;query;place|GLOB2_1001|Larike;
Larike;query;place|GLOB2_1001|Larike;
Larique;query;place|GLOB2_1001|Larike;
Larricque;query;place|GLOB2_1001|Larike;
Laryecque;query;place|GLOB2_1001|Larike;
Carnatica;query;place|GLOB2_1003|Vijayanagara;
Vijayanagara;query;place|GLOB2_1003|Vijayanagara;
Maba;query;place|GLOB2_1007|Maba;
Hela;query;place|GLOB2_1009|Hila;
Hijla;query;place|GLOB2_1009|Hila;
Hila;query;place|GLOB2_1009|Hila;
Hilla;query;place|GLOB2_1009|Hila;
Hela;query;place|GLOB2_1009_HUM_1|Hila;
Hijla;query;place|GLOB2_1009_HUM_1|Hila;
Hila;query;place|GLOB2_1009_HUM_1|Hila;
Hilla;query;place|GLOB2_1009_HUM_1|Hila;
Hela;query;place|GLOB2_1009_HUM_2|Hila;
Hijla;query;place|GLOB2_1009_HUM_2|Hila;
Hila;query;place|GLOB2_1009_HUM_2|Hila;
Hilla;query;place|GLOB2_1009_HUM_2|Hila;
Fort Amsterdam (Ambon);query;place|GLOB2_1009_HUM_3|Fort Amsterdam (Ambon);
Kasteel van Verre;query;place|GLOB2_1009_HUM_3|Fort Amsterdam (Ambon);
fort Amsterdam;query;place|GLOB2_1009_HUM_3|Fort Amsterdam (Ambon);
fort Hila;query;place|GLOB2_1009_HUM_3|Fort Amsterdam (Ambon);
Calechut;query;place|GLOB2_1010|Kozhikode;
Calecuth;query;place|GLOB2_1010|Kozhikode;
Caliacatta;query;place|GLOB2_1010|Kozhikode;
Calicata;query;place|GLOB2_1010|Kozhikode;
Calicatto;query;place|GLOB2_1010|Kozhikode;
Calicut;query;place|GLOB2_1010|Kozhikode;
Calij Catta;query;place|GLOB2_1010|Kozhikode;
Kozhikode;query;place|GLOB2_1010|Kozhikode;
Tallo;query;place|GLOB2_1018|Tallo;
Talloq;query;place|GLOB2_1018|Tallo;
Tello;query;place|GLOB2_1018|Tallo;
Gujarāt;query;place|GLOB2_1019|Gujarāt;
Guzeratte;query;place|GLOB2_1019|Gujarāt;
Beijing;query;place|GLOB2_1020|Beijing;
Packijn;query;place|GLOB2_1020|Beijing;
Packin;query;place|GLOB2_1020|Beijing;
Packjan;query;place|GLOB2_1020|Beijing;
Paquin;query;place|GLOB2_1020|Beijing;
Peking;query;place|GLOB2_1020|Beijing;
北京;query;place|GLOB2_1020|Beijing;
Sangihe;query;place|GLOB2_1021|Sangihe Besar Island;
Sangihe Besar Island;query;place|GLOB2_1021|Sangihe Besar Island;
Sangij;query;place|GLOB2_1021|Sangihe Besar Island;
Towadjo;query;place|GLOB2_1022|Wajo;
Wadjo;query;place|GLOB2_1022|Wajo;
Wajo;query;place|GLOB2_1022|Wajo;
Dompo;query;place|GLOB2_1023|Dompu;
Dompu;query;place|GLOB2_1023|Dompu;
Sweden;query;place|GLOB2_1026|Sweden;
Zweden;query;place|GLOB2_1026|Sweden;
Tartaria;query;place|GLOB2_1027|Tartary;
Tartarije;query;place|GLOB2_1027|Tartary;
Tartary;query;place|GLOB2_1027|Tartary;
Tartarye;query;place|GLOB2_1027|Tartary;
Pauh;query;place|GLOB2_1028|Pauh;
Pauw;query;place|GLOB2_1028|Pauh;
Kisar;query;place|GLOB2_1029|Pulau Kisar;
Kisser;query;place|GLOB2_1029|Pulau Kisar;
Maccisser;query;place|GLOB2_1029|Pulau Kisar;
Makisser;query;place|GLOB2_1029|Pulau Kisar;
Pulau Kisar;query;place|GLOB2_1029|Pulau Kisar;
Baliapal;query;place|GLOB2_1031|Baliapal;
Ballipaal;query;place|GLOB2_1031|Baliapal;
Piepelij;query;place|GLOB2_1031|Baliapal;
Pipeli;query;place|GLOB2_1031|Baliapal;
Pipelij;query;place|GLOB2_1031|Baliapal;
Pipely;query;place|GLOB2_1031|Baliapal;
Pipilipatan;query;place|GLOB2_1031|Baliapal;
Gooram;query;place|GLOB2_1033|Gorom Island;
Goram;query;place|GLOB2_1033|Gorom Island;
Gorom Island;query;place|GLOB2_1033|Gorom Island;
Pulau Gorom;query;place|GLOB2_1033|Gorom Island;
Pulau Gorong;query;place|GLOB2_1033|Gorom Island;
Nias;query;place|GLOB2_1034|Pulau Nias;
Pulau Nias;query;place|GLOB2_1034|Pulau Nias;
Buol;query;place|GLOB2_1035|Buol;
Bwool;query;place|GLOB2_1035|Buol;
Bwooll;query;place|GLOB2_1035|Buol;
Celebar;query;place|GLOB2_1036|Silebar;
Cillebaer;query;place|GLOB2_1036|Silebar;
Silebar;query;place|GLOB2_1036|Silebar;
Zillebaar;query;place|GLOB2_1036|Silebar;
Tambora;query;place|GLOB2_1038|Tambora;
Tombora;query;place|GLOB2_1038|Tambora;
Gunung Tambora;query;place|GLOB2_1038_GEO_1|Gunung Tambora;
Tambora;query;place|GLOB2_1038_GEO_1|Gunung Tambora;
Tombora;query;place|GLOB2_1038_GEO_1|Gunung Tambora;
Tambora;query;place|GLOB2_1038_HUM_1|Tambora Kingdom;
Tambora Kingdom;query;place|GLOB2_1038_HUM_1|Tambora Kingdom;
Tombora;query;place|GLOB2_1038_HUM_1|Tambora Kingdom;
Tangarang;query;place|GLOB2_1041|Tangerang;
Tangeran;query;place|GLOB2_1041|Tangerang;
Tangerang;query;place|GLOB2_1041|Tangerang;
Tangerangh;query;place|GLOB2_1041|Tangerang;
fort Tangerang;query;place|GLOB2_1041|Tangerang;
Tangarang;query;place|GLOB2_1041_HUM_1|Tangerang;
Tangeran;query;place|GLOB2_1041_HUM_1|Tangerang;
Tangerang;query;place|GLOB2_1041_HUM_1|Tangerang;
Tangerangh;query;place|GLOB2_1041_HUM_1|Tangerang;
Fort Tangerang;query;place|GLOB2_1041_HUM_2|Fort Tangerang;
Tangarang;query;place|GLOB2_1041_HUM_2|Fort Tangerang;
Tangeran;query;place|GLOB2_1041_HUM_2|Fort Tangerang;
Tangerang;query;place|GLOB2_1041_HUM_2|Fort Tangerang;
Tangerangh;query;place|GLOB2_1041_HUM_2|Fort Tangerang;
Balambangan;query;place|GLOB2_1045|Blambangan;
Balamboangan;query;place|GLOB2_1045|Blambangan;
Balemboangang;query;place|GLOB2_1045|Blambangan;
Baliboangh;query;place|GLOB2_1045|Blambangan;
Blambangan;query;place|GLOB2_1045|Blambangan;
Guinea Coast;query;place|GLOB2_1047|Guinea Coast;
Guinea, Kust van;query;place|GLOB2_1047|Guinea Coast;
Ragamahol;query;place|GLOB2_1049|Rājmahal;
Ragiamahol;query;place|GLOB2_1049|Rājmahal;
Ragiemahol;query;place|GLOB2_1049|Rājmahal;
Ragimahol;query;place|GLOB2_1049|Rājmahal;
Rajmahal;query;place|GLOB2_1049|Rājmahal;
Rājmahal;query;place|GLOB2_1049|Rājmahal;
Caruan;query;place|GLOB2_1050|Karawang;
Carwangh;query;place|GLOB2_1050|Karawang;
Craoang;query;place|GLOB2_1050|Karawang;
Craoangh;query;place|GLOB2_1050|Karawang;
Crawang;query;place|GLOB2_1050|Karawang;
Croang;query;place|GLOB2_1050|Karawang;
Hoek van Craoangh;query;place|GLOB2_1050|Karawang;
Karawang;query;place|GLOB2_1050|Karawang;
Krawang;query;place|GLOB2_1050|Karawang;
Hoek van Craoangh;query;place|GLOB2_1050_GEO_1|Tanjung Karawang;
Tanjung Karawang;query;place|GLOB2_1050_GEO_1|Tanjung Karawang;
Caruan;query;place|GLOB2_1050_GEO_2|Ci Tarum;
Carwangh;query;place|GLOB2_1050_GEO_2|Ci Tarum;
Ci Tarum;query;place|GLOB2_1050_GEO_2|Ci Tarum;
Craoangse rivier;query;place|GLOB2_1050_GEO_2|Ci Tarum;
Karawang;query;place|GLOB2_1050_GEO_2|Ci Tarum;
Moordenaars R.;query;place|GLOB2_1050_GEO_2|Ci Tarum;
Tjitarum;query;place|GLOB2_1050_GEO_2|Ci Tarum;
Caruan;query;place|GLOB2_1050_HUM_1|Karawang;
Carwangh;query;place|GLOB2_1050_HUM_1|Karawang;
Craoang;query;place|GLOB2_1050_HUM_1|Karawang;
Craoangh;query;place|GLOB2_1050_HUM_1|Karawang;
Crawang;query;place|GLOB2_1050_HUM_1|Karawang;
Croang;query;place|GLOB2_1050_HUM_1|Karawang;
Karawang;query;place|GLOB2_1050_HUM_1|Karawang;
Krawang;query;place|GLOB2_1050_HUM_1|Karawang;
Mosambique;query;place|GLOB2_1051|Mozambique;
Mosambyque;query;place|GLOB2_1051|Mozambique;
Mousanbick;query;place|GLOB2_1051|Mozambique;
Mozambique;query;place|GLOB2_1051|Mozambique;
Mozambique coast;query;place|GLOB2_1051|Mozambique;
Satsuma;query;place|GLOB2_1053|Satsuma;
Zatsuma;query;place|GLOB2_1053|Satsuma;
薩摩;query;place|GLOB2_1053|Satsuma;
Martapoura;query;place|GLOB2_1056|Martapura;
Martapura;query;place|GLOB2_1056|Martapura;
Parigi;query;place|GLOB2_1062|Parigi;
Parigie;query;place|GLOB2_1062|Parigi;
Parigij;query;place|GLOB2_1062|Parigi;
Parygy;query;place|GLOB2_1062|Parigi;
Bajang;query;place|GLOB2_1063|Bayang;
Bayang;query;place|GLOB2_1063|Bayang;
Bayangh;query;place|GLOB2_1063|Bayang;
Londen;query;place|GLOB2_1066|London;
London;query;place|GLOB2_1066|London;
Ende;query;place|GLOB2_1067|Flores;
Endeh;query;place|GLOB2_1067|Flores;
Flores;query;place|GLOB2_1067|Flores;
Pulau Flores;query;place|GLOB2_1067|Flores;
Africa;query;place|GLOB2_1070|Africa;
Afrika;query;place|GLOB2_1070|Africa;
Afrique;query;place|GLOB2_1070|Africa;
Gingee;query;place|GLOB2_1071|Gingee;
Gingi;query;place|GLOB2_1071|Gingee;
Gingie;query;place|GLOB2_1071|Gingee;
Gingier;query;place|GLOB2_1071|Gingee;
Sinsier;query;place|GLOB2_1071|Gingee;
Gingee;query;place|GLOB2_1071_HUM_1|Gingee;
Gingi;query;place|GLOB2_1071_HUM_1|Gingee;
Gingie;query;place|GLOB2_1071_HUM_1|Gingee;
Gingier;query;place|GLOB2_1071_HUM_1|Gingee;
Gingee Fort;query;place|GLOB2_1071_HUM_2|Gingee Fort;
Gingi;query;place|GLOB2_1071_HUM_2|Gingee Fort;
Gingie;query;place|GLOB2_1071_HUM_2|Gingee Fort;
Sinsier;query;place|GLOB2_1071_HUM_2|Gingee Fort;
Lamajuta;query;place|GLOB2_1078|Menjuto;
Lamanjuta;query;place|GLOB2_1078|Menjuto;
Lammajuta;query;place|GLOB2_1078|Menjuto;
Majutte;query;place|GLOB2_1078|Menjuto;
Mandjuta;query;place|GLOB2_1078|Menjuto;
Manjuta;query;place|GLOB2_1078|Menjuto;
Manjutte;query;place|GLOB2_1078|Menjuto;
Menjuto;query;place|GLOB2_1078|Menjuto;
Passarouang;query;place|GLOB2_1080|Pasuruan;
Passoeroeang;query;place|GLOB2_1080|Pasuruan;
Passourawang;query;place|GLOB2_1080|Pasuruan;
Passouroang;query;place|GLOB2_1080|Pasuruan;
Passourouan;query;place|GLOB2_1080|Pasuruan;
Passourouang;query;place|GLOB2_1080|Pasuruan;
Passourouangh;query;place|GLOB2_1080|Pasuruan;
Passourowang;query;place|GLOB2_1080|Pasuruan;
Pasuruan;query;place|GLOB2_1080|Pasuruan;
Pasuruhan;query;place|GLOB2_1080|Pasuruan;
Waaijer;query;place|GLOB2_1081|Wayer;
Waer;query;place|GLOB2_1081|Wayer;
Waijer;query;place|GLOB2_1081|Wayer;
Wajer;query;place|GLOB2_1081|Wayer;
Wayer;query;place|GLOB2_1081|Wayer;
Waaijer;query;place|GLOB2_1081_HUM_1|Wayer (settlement);
Waer;query;place|GLOB2_1081_HUM_1|Wayer (settlement);
Waijer;query;place|GLOB2_1081_HUM_1|Wayer (settlement);
Wajer;query;place|GLOB2_1081_HUM_1|Wayer (settlement);
Wayer (settlement);query;place|GLOB2_1081_HUM_1|Wayer (settlement);
Waaijer;query;place|GLOB2_1081_HUM_2|Wayer (perk);
Waer;query;place|GLOB2_1081_HUM_2|Wayer (perk);
Waijer;query;place|GLOB2_1081_HUM_2|Wayer (perk);
Wajer;query;place|GLOB2_1081_HUM_2|Wayer (perk);
Wayer (perk);query;place|GLOB2_1081_HUM_2|Wayer (perk);
Fort Concordia (Banda Lonthor);query;place|GLOB2_1081_HUM_3|Fort Concordia (Banda Lonthor);
fort Concordia;query;place|GLOB2_1081_HUM_3|Fort Concordia (Banda Lonthor);
fort Oerangie;query;place|GLOB2_1081_HUM_3|Fort Concordia (Banda Lonthor);
fort Orangie;query;place|GLOB2_1081_HUM_3|Fort Concordia (Banda Lonthor);
fort Wajer;query;place|GLOB2_1081_HUM_3|Fort Concordia (Banda Lonthor);
fort Wayer;query;place|GLOB2_1081_HUM_3|Fort Concordia (Banda Lonthor);
Lisboa;query;place|GLOB2_1082|Lisbon;
Lisbon;query;place|GLOB2_1082|Lisbon;
Lissabon;query;place|GLOB2_1082|Lisbon;
Rotterdam;query;place|GLOB2_1085|Rotterdam;
Allamparwa;query;place|GLOB2_1088|Allamparwa;
Allemperwe;query;place|GLOB2_1088|Allamparwa;
Allenberwe;query;place|GLOB2_1088|Allamparwa;
Malaija;query;place|GLOB2_1090|Malayu;
Malayo;query;place|GLOB2_1090|Malayu;
Malayu;query;place|GLOB2_1090|Malayu;
Maleijo;query;place|GLOB2_1090|Malayu;
Maleyo;query;place|GLOB2_1090|Malayu;
Maliaro;query;place|GLOB2_1090|Malayu;
Bangka, Straat;query;place|GLOB2_1098|Selat Bangka;
Selat Bangka;query;place|GLOB2_1098|Selat Bangka;
Straet Banca;query;place|GLOB2_1098|Selat Bangka;
Oostende;query;place|GLOB2_1099|Ostend;
Ostend;query;place|GLOB2_1099|Ostend;
Dieuw;query;place|GLOB2_1105|Diu;
Diu;query;place|GLOB2_1105|Diu;
Delft;query;place|GLOB2_1107|Delft;
Fort Victoria (Ambon);query;place|GLOB2_1110|Fort Victoria (Ambon);
Fort of Our Lady of the Annunciation;query;place|GLOB2_1110|Fort Victoria (Ambon);
Forte de Nossa Senhora da Anunciada;query;place|GLOB2_1110|Fort Victoria (Ambon);
Kota Laha;query;place|GLOB2_1110|Fort Victoria (Ambon);
Victoria, Kasteel;query;place|GLOB2_1110|Fort Victoria (Ambon);
Victoria, fort;query;place|GLOB2_1110|Fort Victoria (Ambon);
fort Nieuw Victoria;query;place|GLOB2_1110|Fort Victoria (Ambon);
fort Victoria;query;place|GLOB2_1110|Fort Victoria (Ambon);
Aleppo;query;place|GLOB2_1112|Aleppo;
Colastrij;query;place|GLOB2_1114|Kolathunadu;
Colatrie;query;place|GLOB2_1114|Kolathunadu;
Kolathunadu;query;place|GLOB2_1114|Kolathunadu;
Kolattiri;query;place|GLOB2_1114|Kolathunadu;
Tampsuy;query;place|GLOB2_1117|Tan-shui;
Tamsuij;query;place|GLOB2_1117|Tan-shui;
Tamsuy;query;place|GLOB2_1117|Tan-shui;
Tan-Sui;query;place|GLOB2_1117|Tan-shui;
Tan-shui;query;place|GLOB2_1117|Tan-shui;
Tangswij;query;place|GLOB2_1117|Tan-shui;
Tanshui;query;place|GLOB2_1117|Tan-shui;
淡水;query;place|GLOB2_1117|Tan-shui;
Dodinga;query;place|GLOB2_1118|Dodinga;
Dodingo;query;place|GLOB2_1118|Dodinga;
Daman;query;place|GLOB2_1119|Daman;
Damaon;query;place|GLOB2_1119|Daman;
Dammang;query;place|GLOB2_1119|Daman;
Dammangh;query;place|GLOB2_1119|Daman;
Deman;query;place|GLOB2_1119|Daman;
Coedoes;query;place|GLOB2_1121|Kudus;
Koedoes;query;place|GLOB2_1121|Kudus;
Kudus;query;place|GLOB2_1121|Kudus;
Soualij Strant;query;place|GLOB2_1122|Suvali;
Soualy;query;place|GLOB2_1122|Suvali;
Sualy;query;place|GLOB2_1122|Suvali;
Suhalij;query;place|GLOB2_1122|Suvali;
Suvali;query;place|GLOB2_1122|Suvali;
Tiga Belas Kota;query;place|GLOB2_1126|Tiga Belas Kota;
Tigaballa Cotta;query;place|GLOB2_1126|Tiga Belas Kota;
Tigabelas Kota;query;place|GLOB2_1126|Tiga Belas Kota;
Tigablas Cottas;query;place|GLOB2_1126|Tiga Belas Kota;
Babar;query;place|GLOB2_1127|Pulau Babar;
Babber;query;place|GLOB2_1127|Pulau Babar;
Pulau Babar;query;place|GLOB2_1127|Pulau Babar;
Sangora;query;place|GLOB2_1128|Songkhla;
Singora;query;place|GLOB2_1128|Songkhla;
Songkhla;query;place|GLOB2_1128|Songkhla;
Bengkalis;query;place|GLOB2_1131|Pulau Bengkalis;
Pulau Bengkalis;query;place|GLOB2_1131|Pulau Bengkalis;
Cambelle;query;place|GLOB2_1132|Serikambela;
Cambello;query;place|GLOB2_1132|Serikambela;
Kambello;query;place|GLOB2_1132|Serikambela;
Serikambela;query;place|GLOB2_1132|Serikambela;
Serikkembelo;query;place|GLOB2_1132|Serikambela;
Makkah;query;place|GLOB2_1134|Makkah;
Mecca;query;place|GLOB2_1134|Makkah;
Mekka;query;place|GLOB2_1134|Makkah;
Covelang;query;place|GLOB2_1135|Covelong;
Covelon;query;place|GLOB2_1135|Covelong;
Covelong;query;place|GLOB2_1135|Covelong;
Limpho;query;place|GLOB2_1137|Ningbo;
Limpo;query;place|GLOB2_1137|Ningbo;
Nimpho;query;place|GLOB2_1137|Ningbo;
Nimpo;query;place|GLOB2_1137|Ningbo;
Ning-po;query;place|GLOB2_1137|Ningbo;
Ningbo;query;place|GLOB2_1137|Ningbo;
Nunbpoe;query;place|GLOB2_1137|Ningbo;
寧波;query;place|GLOB2_1137|Ningbo;
Galesong;query;place|GLOB2_1138|Galesong;
Glisson;query;place|GLOB2_1138|Galesong;
Moa;query;place|GLOB2_1139|Moa Island;
Moa Island;query;place|GLOB2_1139|Moa Island;
Pulau Moa;query;place|GLOB2_1139|Moa Island;
Toradja;query;place|GLOB2_1143|Toraja lands;
Toraja;query;place|GLOB2_1143|Toraja lands;
Toraja lands;query;place|GLOB2_1143|Toraja lands;
Utrecht;query;place|GLOB2_1149|Utrecht;
Sawai;query;place|GLOB2_1150|Sawai;
Sawaij;query;place|GLOB2_1150|Sawai;
Saway;query;place|GLOB2_1150|Sawai;
Zaway;query;place|GLOB2_1150|Sawai;
Brazil;query;place|GLOB2_1154|Brazil;
Brazilië;query;place|GLOB2_1154|Brazil;
Leiden;query;place|GLOB2_1157|Leiden;
Boano;query;place|GLOB2_1159|Pulau Boano;
Bonoa;query;place|GLOB2_1159|Pulau Boano;
Pulau Boano;query;place|GLOB2_1159|Pulau Boano;
Helena, Sint;query;place|GLOB2_1161|Saint Helena Island;
Island of St. Helena;query;place|GLOB2_1161|Saint Helena Island;
Saint Helena Island;query;place|GLOB2_1161|Saint Helena Island;
Sint Helena;query;place|GLOB2_1161|Saint Helena Island;
St. Helena;query;place|GLOB2_1161|Saint Helena Island;
St. Helena eiland;query;place|GLOB2_1161|Saint Helena Island;
Tantoly;query;place|GLOB2_1162|Toli-Toli;
Toli-Toli;query;place|GLOB2_1162|Toli-Toli;
Tolitoli;query;place|GLOB2_1162|Toli-Toli;
Tontoli;query;place|GLOB2_1162|Toli-Toli;
Tontolij;query;place|GLOB2_1162|Toli-Toli;
Totolij;query;place|GLOB2_1162|Toli-Toli;
Loeboe;query;place|GLOB2_1165|Luwu;
Loubou;query;place|GLOB2_1165|Luwu;
Luwu;query;place|GLOB2_1165|Luwu;
Luwuk;query;place|GLOB2_1165|Luwu;
Enkhuizen;query;place|GLOB2_1166|Enkhuizen;
Naning;query;place|GLOB2_1168|Naning;
Naningh;query;place|GLOB2_1168|Naning;
Nanning;query;place|GLOB2_1168|Naning;
Sadayo;query;place|GLOB2_1170|Sidayu;
Sidaju;query;place|GLOB2_1170|Sidayu;
Sidayoe;query;place|GLOB2_1170|Sidayu;
Sidayu;query;place|GLOB2_1170|Sidayu;
Hattuwe;query;place|GLOB2_1173|Hatuwe;
Hatuwe;query;place|GLOB2_1173|Hatuwe;
Venetië;query;place|GLOB2_1174|Venice;
Venice;query;place|GLOB2_1174|Venice;
Conimur;query;place|GLOB2_1182|Koonimedu;
Conjemere;query;place|GLOB2_1182|Koonimedu;
Koonimedu;query;place|GLOB2_1182|Koonimedu;
Kunimedu;query;place|GLOB2_1182|Koonimedu;
Conimur;query;place|GLOB2_1182_HUM_1|Koonimedu;
Conjemere;query;place|GLOB2_1182_HUM_1|Koonimedu;
Koonimedu;query;place|GLOB2_1182_HUM_1|Koonimedu;
Kunimedu;query;place|GLOB2_1182_HUM_1|Koonimedu;
Conimur;query;place|GLOB2_1182_HUM_2|Koonimedu;
Conjemere;query;place|GLOB2_1182_HUM_2|Koonimedu;
Koonimedu;query;place|GLOB2_1182_HUM_2|Koonimedu;
Kunimedu;query;place|GLOB2_1182_HUM_2|Koonimedu;
Singhia;query;place|GLOB2_1189|Singhia;
Singia;query;place|GLOB2_1189|Singhia;
Madura;query;place|GLOB2_1190|Madura (Indonesia);
Madura (Indonesia);query;place|GLOB2_1190|Madura (Indonesia);
Bongaja;query;place|GLOB2_1194|Bungaya;
Bungaya;query;place|GLOB2_1194|Bungaya;
Banjoemas;query;place|GLOB2_1195|Banyumas;
Banjumas;query;place|GLOB2_1195|Banyumas;
Banyumas;query;place|GLOB2_1195|Banyumas;
Candar;query;place|GLOB2_1198|Kendahe;
Candhar;query;place|GLOB2_1198|Kendahe;
Kandhar;query;place|GLOB2_1198|Kendahe;
Kendahe;query;place|GLOB2_1198|Kendahe;
Belgica, Kasteel;query;place|GLOB2_1201|Belgica, fort (Banda);
Belgica, fort;query;place|GLOB2_1201|Belgica, fort (Banda);
Belgica, fort (Banda);query;place|GLOB2_1201|Belgica, fort (Banda);
fort Belgica;query;place|GLOB2_1201|Belgica, fort (Banda);
fort Bellegika;query;place|GLOB2_1201|Belgica, fort (Banda);
redoute Neira;query;place|GLOB2_1201|Belgica, fort (Banda);
Malay Peninsula;query;place|GLOB2_1204|Malay Peninsula;
Malaya;query;place|GLOB2_1204|Malay Peninsula;
Barsalore;query;place|GLOB2_1206|Basrūr;
Barssalur;query;place|GLOB2_1206|Basrūr;
Basrūr;query;place|GLOB2_1206|Basrūr;
Bessalor;query;place|GLOB2_1206|Basrūr;
Lansjang;query;place|GLOB2_1208|Laos;
Laos;query;place|GLOB2_1208|Laos;
Louwen-Landt;query;place|GLOB2_1208|Laos;
Louwen-lant;query;place|GLOB2_1208|Laos;
Manganitoe;query;place|GLOB2_1210|Manganitu;
Manganitu;query;place|GLOB2_1210|Manganitu;
Pati;query;place|GLOB2_1211|Pati;
Hoorn;query;place|GLOB2_1212|Hoorn;
Caijbobo;query;place|GLOB2_1213|Kaibobo;
Caybobo;query;place|GLOB2_1213|Kaibobo;
Kaibobo;query;place|GLOB2_1213|Kaibobo;
Molenvlied;query;place|GLOB2_1214|Molenvliet;
Molenvliet;query;place|GLOB2_1214|Molenvliet;
Toudjouw Kotta;query;place|GLOB2_1216|Tujuh Kota;
Tudjuh Kota;query;place|GLOB2_1216|Tujuh Kota;
Tujuh Kota;query;place|GLOB2_1216|Tujuh Kota;
Teluk Tomini;query;place|GLOB2_1217|Teluk Tomini;
Tomini (Bocht van);query;place|GLOB2_1217|Teluk Tomini;
Tomini, Golf van;query;place|GLOB2_1217|Teluk Tomini;
Tomini, bocht van;query;place|GLOB2_1217|Teluk Tomini;
Fort Geldria;query;place|GLOB2_1218|Fort Geldria;
Geldria, Kasteel;query;place|GLOB2_1218|Fort Geldria;
Gelria, Kasteel;query;place|GLOB2_1218|Fort Geldria;
fort Gelderland;query;place|GLOB2_1218|Fort Geldria;
fort Geldria;query;place|GLOB2_1218|Fort Geldria;
Ende;query;place|GLOB2_1219|Pulau Ende;
Pulau Ende;query;place|GLOB2_1219|Pulau Ende;
New Spain;query;place|GLOB2_1220|New Spain;
Nieuw-Spanje;query;place|GLOB2_1220|New Spain;
Nova Espanga;query;place|GLOB2_1220|New Spain;
Nova Hispania;query;place|GLOB2_1220|New Spain;
Nova Spaigna;query;place|GLOB2_1220|New Spain;
Nova Spangien;query;place|GLOB2_1220|New Spain;
Concordia, Kasteel;query;place|GLOB2_1221|Concordia, fort (Timor);
Concordia, fort (Timor);query;place|GLOB2_1221|Concordia, fort (Timor);
Saint Malo;query;place|GLOB2_1223|Saint-Malo;
Saint-Malo;query;place|GLOB2_1223|Saint-Malo;
St. Malo;query;place|GLOB2_1223|Saint-Malo;
Golepalem;query;place|GLOB2_1224|Gollapalem;
Gollapalem;query;place|GLOB2_1224|Gollapalem;
Pulau Teor;query;place|GLOB2_1228|Pulau Teor;
Teeuwer;query;place|GLOB2_1228|Pulau Teor;
Tioor;query;place|GLOB2_1228|Pulau Teor;
Fort Oranje (Ternate);query;place|GLOB2_1229|Fort Oranje (Ternate);
Oranje, Kasteel;query;place|GLOB2_1229|Fort Oranje (Ternate);
Oranje, fort;query;place|GLOB2_1229|Fort Oranje (Ternate);
fort Orangie;query;place|GLOB2_1229|Fort Oranje (Ternate);
Schotland;query;place|GLOB2_1231|Scotland;
Scotland;query;place|GLOB2_1231|Scotland;
Magindanao;query;place|GLOB2_1232|Maguindanao;
Magindenao;query;place|GLOB2_1232|Maguindanao;
Maguindanao;query;place|GLOB2_1232|Maguindanao;
Brebes;query;place|GLOB2_1233|Brebes;
Lawajang;query;place|GLOB2_1234|Lohayong;
Lawajong;query;place|GLOB2_1234|Lohayong;
Lawayang;query;place|GLOB2_1234|Lohayong;
Lawayangh;query;place|GLOB2_1234|Lohayong;
Lohayong;query;place|GLOB2_1234|Lohayong;
Lowayang;query;place|GLOB2_1234|Lohayong;
Mekong;query;place|GLOB2_1236|Mekong River;
Mekong River;query;place|GLOB2_1236|Mekong River;
Saldanha;query;place|GLOB2_1238|Saldanha Bay;
Saldanha Bay;query;place|GLOB2_1238|Saldanha Bay;
Saldanhabaai;query;place|GLOB2_1238|Saldanha Bay;
Saldanhabaaij;query;place|GLOB2_1238|Saldanha Bay;
Saldanhabaij;query;place|GLOB2_1238|Saldanha Bay;
Saldanhabay;query;place|GLOB2_1238|Saldanha Bay;
Saldanhabhaij;query;place|GLOB2_1238|Saldanha Bay;
Saldanhaijbaij;query;place|GLOB2_1238|Saldanha Bay;
Saldanhaybaey;query;place|GLOB2_1238|Saldanha Bay;
Zaldanhabaaij;query;place|GLOB2_1238|Saldanha Bay;
Zaldanhabaij;query;place|GLOB2_1238|Saldanha Bay;
Zaldanhaybay;query;place|GLOB2_1238|Saldanha Bay;
Texel;query;place|GLOB2_1239|Texel;
Thie;query;place|GLOB2_1240|Thie;
Thy;query;place|GLOB2_1240|Thie;
Tie;query;place|GLOB2_1240|Thie;
Timor: Tie;query;place|GLOB2_1240|Thie;
Saccam;query;place|GLOB2_1241|Saccam;
Saccan;query;place|GLOB2_1241|Saccam;
Sakam;query;place|GLOB2_1241|Saccam;
Siccam;query;place|GLOB2_1241|Saccam;
Minahasa;query;place|GLOB2_1243|Minahasa;
Minahassa;query;place|GLOB2_1243|Minahasa;
Laut Poelo;query;place|GLOB2_1245|Pulau Laut;
Laut, Pulau;query;place|GLOB2_1245|Pulau Laut;
Pulau Laut;query;place|GLOB2_1245|Pulau Laut;
Tobang;query;place|GLOB2_1248|Tuban;
Toeban;query;place|GLOB2_1248|Tuban;
Tuban;query;place|GLOB2_1248|Tuban;
Nizampatam;query;place|GLOB2_1253|Nizampatnam;
Nizampatnam;query;place|GLOB2_1253|Nizampatnam;
Peettapoely;query;place|GLOB2_1253|Nizampatnam;
Petapoely;query;place|GLOB2_1253|Nizampatnam;
Petapoli;query;place|GLOB2_1253|Nizampatnam;
Petapuli;query;place|GLOB2_1253|Nizampatnam;
Bilba;query;place|GLOB2_1256|Bilba;
Bulba;query;place|GLOB2_1256|Bilba;
Bulboe;query;place|GLOB2_1256|Bilba;
Seven Korales;query;place|GLOB2_1259|Seven Korales;
Zeven Corles;query;place|GLOB2_1259|Seven Korales;
Pacific Ocean;query;place|GLOB2_1266|Pacific Ocean;
Stille Oceaan;query;place|GLOB2_1266|Pacific Ocean;
Stille Zuidzee;query;place|GLOB2_1266|Pacific Ocean;
Lamahala;query;place|GLOB2_1267|Lamahala;
Lamahala Jaya;query;place|GLOB2_1267|Lamahala;
Lamacquera;query;place|GLOB2_1268|Lamakera;
Lamake;query;place|GLOB2_1268|Lamakera;
Lamakera;query;place|GLOB2_1268|Lamakera;
Benteng Tolukko;query;place|GLOB2_1270|Benteng Tolukko;
Talouky;query;place|GLOB2_1270|Benteng Tolukko;
Taloyky;query;place|GLOB2_1270|Benteng Tolukko;
Taluco;query;place|GLOB2_1270|Benteng Tolukko;
Terlucco;query;place|GLOB2_1270|Benteng Tolukko;
Tolloucke;query;place|GLOB2_1270|Benteng Tolukko;
Tolokko;query;place|GLOB2_1270|Benteng Tolukko;
Tolouco;query;place|GLOB2_1270|Benteng Tolukko;
Tolucco;query;place|GLOB2_1270|Benteng Tolukko;
Tolukko;query;place|GLOB2_1270|Benteng Tolukko;
Kay;query;place|GLOB2_1271|Kepulauan Kei;
Kei;query;place|GLOB2_1271|Kepulauan Kei;
Kepulauan Kei;query;place|GLOB2_1271|Kepulauan Kei;
Gunung Parang;query;place|GLOB2_1272|Gunung Parang;
Parang;query;place|GLOB2_1272|Gunung Parang;
Parran;query;place|GLOB2_1272|Gunung Parang;
Island of Salawatty;query;place|GLOB2_1273|Pulau Salawati;
Pulau Salawati;query;place|GLOB2_1273|Pulau Salawati;
Salawati;query;place|GLOB2_1273|Pulau Salawati;
Salwattij;query;place|GLOB2_1273|Pulau Salawati;
Mahe;query;place|GLOB2_1274|Mahē;
Mahé;query;place|GLOB2_1274|Mahē;
Mahē;query;place|GLOB2_1274|Mahē;
Maje;query;place|GLOB2_1274|Mahē;
Majelle;query;place|GLOB2_1274|Mahē;
Maye;query;place|GLOB2_1274|Mahē;
Mayyazhi;query;place|GLOB2_1274|Mahē;
Ragepour;query;place|GLOB2_1275|Rajapur;
Ragiapour;query;place|GLOB2_1275|Rajapur;
Rajapur;query;place|GLOB2_1275|Rajapur;
Rasepour;query;place|GLOB2_1275|Rajapur;
Rasiapour;query;place|GLOB2_1275|Rajapur;
Batang;query;place|GLOB2_1278|Batang;
Bantimurung;query;place|GLOB2_1281|Bantimurung;
Batimouro;query;place|GLOB2_1281|Bantimurung;
Vlaardingen;query;place|GLOB2_1282|Vlaardingen;
Vlaerdinghen;query;place|GLOB2_1282|Vlaardingen;
Batanghari;query;place|GLOB2_1287|Sungai Batang Hari;
Sungai Batang Hari;query;place|GLOB2_1287|Sungai Batang Hari;
Erang;query;place|GLOB2_1289|Erang;
Erangh;query;place|GLOB2_1289|Erang;
Air Musi;query;place|GLOB2_1292|Air Musi;
Musi;query;place|GLOB2_1292|Air Musi;
Italië;query;place|GLOB2_1298|Italy;
Italy;query;place|GLOB2_1298|Italy;
Peru;query;place|GLOB2_1299|Peru;
Pamanoekan;query;place|GLOB2_1300|Pamanukan;
Pamanuccan;query;place|GLOB2_1300|Pamanukan;
Pamanukan;query;place|GLOB2_1300|Pamanukan;
Sincan;query;place|GLOB2_1305|Sinkang;
Sinckan;query;place|GLOB2_1305|Sinkang;
Sinkan;query;place|GLOB2_1305|Sinkang;
Sinkang;query;place|GLOB2_1305|Sinkang;
Mangonjadja;query;place|GLOB2_1307|Mangun Jayo;
Mangun Jayo;query;place|GLOB2_1307|Mangun Jayo;
Mangundjaja;query;place|GLOB2_1307|Mangun Jayo;
Mangunjaya;query;place|GLOB2_1307|Mangun Jayo;
Mongonjaja;query;place|GLOB2_1307|Mangun Jayo;
Obi eilanden;query;place|GLOB2_1311|Pulau Pulau Obi;
Pulau Pulau Obi;query;place|GLOB2_1311|Pulau Pulau Obi;
Jolo Island;query;place|GLOB2_1314|Jolo Island;
Solock;query;place|GLOB2_1314|Jolo Island;
Solot;query;place|GLOB2_1314|Jolo Island;
Sulu;query;place|GLOB2_1314|Jolo Island;
Laha;query;place|GLOB2_1315|Laha;
Madion;query;place|GLOB2_1316|Madiun;
Madiun;query;place|GLOB2_1316|Madiun;
Sepa;query;place|GLOB2_1319|Sepa;
Daensburch;query;place|GLOB2_1322|Fort Dansborg;
Danisborgh;query;place|GLOB2_1322|Fort Dansborg;
Danisburgh;query;place|GLOB2_1322|Fort Dansborg;
Dansborch;query;place|GLOB2_1322|Fort Dansborg;
Dansborg;query;place|GLOB2_1322|Fort Dansborg;
Dansburgh;query;place|GLOB2_1322|Fort Dansborg;
Fort Dansborg;query;place|GLOB2_1322|Fort Dansborg;
Sodia;query;place|GLOB2_1325|Sudiang;
Sodiang;query;place|GLOB2_1325|Sudiang;
Soediang;query;place|GLOB2_1325|Sudiang;
Sudiang;query;place|GLOB2_1325|Sudiang;
Zodian;query;place|GLOB2_1325|Sudiang;
Baía de Maputo;query;place|GLOB2_1326|Baía de Maputo;
Delagoa Bay;query;place|GLOB2_1326|Baía de Maputo;
Delagoabaai;query;place|GLOB2_1326|Baía de Maputo;
Malda;query;place|GLOB2_1334|Malda;
Maldah;query;place|GLOB2_1334|Malda;
Malde;query;place|GLOB2_1334|Malda;
Beloe;query;place|GLOB2_1336|Belu;
Belu;query;place|GLOB2_1336|Belu;
Aurangabad;query;place|GLOB2_1337|Aurangābād;
Aurangābād;query;place|GLOB2_1337|Aurangābād;
Orangabaad;query;place|GLOB2_1337|Aurangābād;
Orangabad;query;place|GLOB2_1337|Aurangābād;
Ourangabadda;query;place|GLOB2_1337|Aurangābād;
Atinggola;query;place|GLOB2_1339|Atinggola;
Attingola;query;place|GLOB2_1339|Atinggola;
Attingolo;query;place|GLOB2_1339|Atinggola;
Campon Barouw;query;place|GLOB2_1341|Kampungbaru;
Camponbero;query;place|GLOB2_1341|Kampungbaru;
Kampon Baroe;query;place|GLOB2_1341|Kampungbaru;
Kampong Baru;query;place|GLOB2_1341|Kampungbaru;
Kampungbaru;query;place|GLOB2_1341|Kampungbaru;
Kinderzee;query;place|GLOB2_1342|Segara Anakan;
Sagaranakan;query;place|GLOB2_1342|Segara Anakan;
Segara Anakan;query;place|GLOB2_1342|Segara Anakan;
Zagaranakan;query;place|GLOB2_1342|Segara Anakan;
Mascarene Islands;query;place|GLOB2_1348|Mascarene Islands;
Mascarenhas;query;place|GLOB2_1348|Mascarene Islands;
Robben Eijland;query;place|GLOB2_1349|Robben Island;
Robben Eijlant;query;place|GLOB2_1349|Robben Island;
Robben Island;query;place|GLOB2_1349|Robben Island;
Robbeneijland;query;place|GLOB2_1349|Robben Island;
Robbeneijlandt;query;place|GLOB2_1349|Robben Island;
Robbeneiland;query;place|GLOB2_1349|Robben Island;
Robbeneyland;query;place|GLOB2_1349|Robben Island;
Robbeneylandt;query;place|GLOB2_1349|Robben Island;
Constantinopel;query;place|GLOB2_1351|Istanbul;
Istanbul;query;place|GLOB2_1351|Istanbul;
Castela;query;place|GLOB2_1354|Castela;
Gam Lamo;query;place|GLOB2_1354|Castela;
Gamma Lamma;query;place|GLOB2_1354|Castela;
Gammalama;query;place|GLOB2_1354|Castela;
Gammalamma;query;place|GLOB2_1354|Castela;
Gammelamma;query;place|GLOB2_1354|Castela;
Gammelamme;query;place|GLOB2_1354|Castela;
Paloe;query;place|GLOB2_1355|Palu;
Palu;query;place|GLOB2_1355|Palu;
Banger;query;place|GLOB2_1357|Bangil;
Bangil;query;place|GLOB2_1357|Bangil;
Deli;query;place|GLOB2_1360|Deli (Sumatra);
Deli (Sumatra);query;place|GLOB2_1360|Deli (Sumatra);
Dilli;query;place|GLOB2_1360|Deli (Sumatra);
Ban Bang Khli;query;place|GLOB2_1363|Ban Bang Khli;
Bangary;query;place|GLOB2_1363|Ban Bang Khli;
Bangery;query;place|GLOB2_1363|Ban Bang Khli;
Water Gate;query;place|GLOB2_1365|Waterpoort (Batavia);
Waterpoort;query;place|GLOB2_1365|Waterpoort (Batavia);
Waterpoort (Batavia);query;place|GLOB2_1365|Waterpoort (Batavia);
Lasem;query;place|GLOB2_1366|Lasem;
Lassam;query;place|GLOB2_1366|Lasem;
Lassem;query;place|GLOB2_1366|Lasem;
Lassum;query;place|GLOB2_1366|Lasem;
Aliaalcherij;query;place|GLOB2_1368|Arialcherry;
Arialcherry;query;place|GLOB2_1368|Arialcherry;
Arialchery;query;place|GLOB2_1368|Arialcherry;
Nagalwancha;query;place|GLOB2_1371|Nagalwancha;
Nagelwanse;query;place|GLOB2_1371|Nagalwancha;
Nagelwanze;query;place|GLOB2_1371|Nagalwancha;
Nagulvancha;query;place|GLOB2_1371|Nagalwancha;
Cauw;query;place|GLOB2_1372|Kao;
Kao;query;place|GLOB2_1372|Kao;
Kau;query;place|GLOB2_1372|Kao;
Pulau Romang;query;place|GLOB2_1376|Pulau Romang;
Roma;query;place|GLOB2_1376|Pulau Romang;
Romang;query;place|GLOB2_1376|Pulau Romang;
Teralta;query;place|GLOB2_1376|Pulau Romang;
Terr'Alta;query;place|GLOB2_1376|Pulau Romang;
Bakibazaar;query;place|GLOB2_1380|Banquibazar;
Bankebazaar;query;place|GLOB2_1380|Banquibazar;
Bankibasaar;query;place|GLOB2_1380|Banquibazar;
Banquibazar;query;place|GLOB2_1380|Banquibazar;
Agam;query;place|GLOB2_1381|Agam;
Fort Nassau (Banda);query;place|GLOB2_1382|Fort Nassau (Banda);
Nassau, Kasteel;query;place|GLOB2_1382|Fort Nassau (Banda);
Neira fort Nassauw;query;place|GLOB2_1382|Fort Nassau (Banda);
Neira fort Nassou;query;place|GLOB2_1382|Fort Nassau (Banda);
Neira fort Nassouw;query;place|GLOB2_1382|Fort Nassau (Banda);
fort Nassau;query;place|GLOB2_1382|Fort Nassau (Banda);
Falta;query;place|GLOB2_1383|Phalta;
Phalta;query;place|GLOB2_1383|Phalta;
Volta;query;place|GLOB2_1383|Phalta;
Anger;query;place|GLOB2_1385|Anyer;
Anguer;query;place|GLOB2_1385|Anyer;
Anjar;query;place|GLOB2_1385|Anyer;
Anjer;query;place|GLOB2_1385|Anyer;
Anyar;query;place|GLOB2_1385|Anyer;
Anyer;query;place|GLOB2_1385|Anyer;
Gamkonora;query;place|GLOB2_1387|Gamkonora;
Gammacanorre;query;place|GLOB2_1387|Gamkonora;
Gammaknorra;query;place|GLOB2_1387|Gamkonora;
Pulau-pulau Talaud;query;place|GLOB2_1390|Pulau-pulau Talaud;
Talaud;query;place|GLOB2_1390|Pulau-pulau Talaud;
Talauw;query;place|GLOB2_1390|Pulau-pulau Talaud;
Bayāna;query;place|GLOB2_1391|Bayāna;
Biana;query;place|GLOB2_1391|Bayāna;
Pehoe;query;place|GLOB2_1393|Penghu Qundao;
Pehou;query;place|GLOB2_1393|Penghu Qundao;
Pehu;query;place|GLOB2_1393|Penghu Qundao;
Peng-Hu;query;place|GLOB2_1393|Penghu Qundao;
Penghoe;query;place|GLOB2_1393|Penghu Qundao;
Penghu;query;place|GLOB2_1393|Penghu Qundao;
Penghu Islands;query;place|GLOB2_1393|Penghu Qundao;
Penghu Qundao;query;place|GLOB2_1393|Penghu Qundao;
Pescadores;query;place|GLOB2_1393|Penghu Qundao;
澎湖;query;place|GLOB2_1393|Penghu Qundao;
澎湖諸島;query;place|GLOB2_1393|Penghu Qundao;
Genoa;query;place|GLOB2_1395|Genoa;
Genua;query;place|GLOB2_1395|Genoa;
Pahan;query;place|GLOB2_1401|Pahang;
Pahang;query;place|GLOB2_1401|Pahang;
Pahangh;query;place|GLOB2_1401|Pahang;
Delft (eiland);query;place|GLOB2_1402|Delft Island (Sri Lanka);
Delft Island (Sri Lanka);query;place|GLOB2_1402|Delft Island (Sri Lanka);
Cipir;query;place|GLOB2_1403|Pulau Kayangan;
Cuijpers Eijlandt;query;place|GLOB2_1403|Pulau Kayangan;
Cuyper;query;place|GLOB2_1403|Pulau Kayangan;
Kuijper;query;place|GLOB2_1403|Pulau Kayangan;
Kuiper (eiland);query;place|GLOB2_1403|Pulau Kayangan;
Kuyper Eyland;query;place|GLOB2_1403|Pulau Kayangan;
Pulau Kahyangan;query;place|GLOB2_1403|Pulau Kayangan;
Pulau Kayangan;query;place|GLOB2_1403|Pulau Kayangan;
Luconia;query;place|GLOB2_1405|Luzon;
Luzon;query;place|GLOB2_1405|Luzon;
Greece;query;place|GLOB2_1406|Greece;
Griekenland;query;place|GLOB2_1406|Greece;
Grobogan;query;place|GLOB2_1407|Grobogan;
Fort Noordwijk;query;place|GLOB2_1409|Fort Noordwijk;
Noordwijk;query;place|GLOB2_1409|Fort Noordwijk;
fort Noordwijck;query;place|GLOB2_1409|Fort Noordwijk;
fort Noortwijck;query;place|GLOB2_1409|Fort Noordwijk;
Chandannagar;query;place|GLOB2_1411|Chandannagar;
Chandernagore;query;place|GLOB2_1411|Chandannagar;
Onin;query;place|GLOB2_1412|Semenanjung Onin;
Ony;query;place|GLOB2_1412|Semenanjung Onin;
Ounig;query;place|GLOB2_1412|Semenanjung Onin;
Ounigh;query;place|GLOB2_1412|Semenanjung Onin;
Semenanjung Onin;query;place|GLOB2_1412|Semenanjung Onin;
South Pacific Ocean;query;place|GLOB2_1413|South Pacific Ocean;
Suydtzee;query;place|GLOB2_1413|South Pacific Ocean;
Zuidzee;query;place|GLOB2_1413|South Pacific Ocean;
Zuytzee;query;place|GLOB2_1413|South Pacific Ocean;
Sarkhej;query;place|GLOB2_1414|Sarkhej;
Sergees;query;place|GLOB2_1414|Sarkhej;
Sharkej;query;place|GLOB2_1414|Sarkhej;
Sirches;query;place|GLOB2_1414|Sarkhej;
Sirgees;query;place|GLOB2_1414|Sarkhej;
Sirkhej;query;place|GLOB2_1414|Sarkhej;
Nollot;query;place|GLOB2_1415|Nolot;
Nolot;query;place|GLOB2_1415|Nolot;
Anjouan;query;place|GLOB2_1416|Anjouan Island;
Anjouan Island;query;place|GLOB2_1416|Anjouan Island;
Ansjouan;query;place|GLOB2_1416|Anjouan Island;
Ansuany;query;place|GLOB2_1416|Anjouan Island;
Answany;query;place|GLOB2_1416|Anjouan Island;
Anzuani;query;place|GLOB2_1416|Anjouan Island;
Anzuany;query;place|GLOB2_1416|Anjouan Island;
Hinzuan;query;place|GLOB2_1416|Anjouan Island;
Johanna;query;place|GLOB2_1416|Anjouan Island;
Ndzuwani;query;place|GLOB2_1416|Anjouan Island;
Ndzwani;query;place|GLOB2_1416|Anjouan Island;
Nzwani;query;place|GLOB2_1416|Anjouan Island;
West Indies;query;place|GLOB2_1422|West Indies;
West-Indië;query;place|GLOB2_1422|West Indies;
Singapore Strait;query;place|GLOB2_1424|Singapore Strait;
Singapore, Straat;query;place|GLOB2_1424|Singapore Strait;
Singapura, Straat van;query;place|GLOB2_1424|Singapore Strait;
Straete Cincapure;query;place|GLOB2_1424|Singapore Strait;
Bali, Straat;query;place|GLOB2_1426|Selat Bali;
Selat Bali;query;place|GLOB2_1426|Selat Bali;
Aloor;query;place|GLOB2_1428|Alor Island;
Alor;query;place|GLOB2_1428|Alor Island;
Alor Island;query;place|GLOB2_1428|Alor Island;
Basar van Alor;query;place|GLOB2_1428|Alor Island;
Bacaassij;query;place|GLOB2_1429|Bekasi;
Bacassie;query;place|GLOB2_1429|Bekasi;
Bacassij;query;place|GLOB2_1429|Bekasi;
Baccassie;query;place|GLOB2_1429|Bekasi;
Baccassy;query;place|GLOB2_1429|Bekasi;
Bekasi;query;place|GLOB2_1429|Bekasi;
Bocassie;query;place|GLOB2_1429|Bekasi;
Lambotto;query;place|GLOB2_1430|Limboto;
Limboto;query;place|GLOB2_1430|Limboto;
Limbotte;query;place|GLOB2_1430|Limboto;
Limbotto;query;place|GLOB2_1430|Limboto;
Rackauw;query;place|GLOB2_1431|Ringgou;
Ringgou;query;place|GLOB2_1431|Ringgou;
Ringgur;query;place|GLOB2_1431|Ringgou;
Rokkou;query;place|GLOB2_1431|Ringgou;
Guinea;query;place|GLOB2_1435|Guinea;
Guinee;query;place|GLOB2_1435|Guinea;
Amabi;query;place|GLOB2_1436|Amabi;
Amanabi;query;place|GLOB2_1436|Amabi;
Ammaby;query;place|GLOB2_1436|Amabi;
Damar-Besar;query;place|GLOB2_1437|Pulau Damar Besar;
Edam;query;place|GLOB2_1437|Pulau Damar Besar;
Pulau Damar Besar;query;place|GLOB2_1437|Pulau Damar Besar;
Fort Speelwijk;query;place|GLOB2_1440|Fort Speelwijk;
Speelwijk, Kasteel;query;place|GLOB2_1440|Fort Speelwijk;
fort Speelwijck;query;place|GLOB2_1440|Fort Speelwijk;
fort Spelwijck;query;place|GLOB2_1440|Fort Speelwijk;
Tomini;query;place|GLOB2_1441|Tomini;
An-Hai;query;place|GLOB2_1442|Anhai;
Anhai;query;place|GLOB2_1442|Anhai;
Anhaij;query;place|GLOB2_1442|Anhai;
Anhay;query;place|GLOB2_1442|Anhai;
安海;query;place|GLOB2_1442|Anhai;
Carangantoe;query;place|GLOB2_1443|Pelabuhankarangantu;
Karangantu;query;place|GLOB2_1443|Pelabuhankarangantu;
Pelabuhankarangantu;query;place|GLOB2_1443|Pelabuhankarangantu;
Lange Eyland;query;place|GLOB2_1444|Pulau Panjang (Banten);
Pulau Pandjang;query;place|GLOB2_1444|Pulau Panjang (Banten);
Pulau Panjang (Banten);query;place|GLOB2_1444|Pulau Panjang (Banten);
Pulo Panjangh;query;place|GLOB2_1444|Pulau Panjang (Banten);
Bastion Groningen (Batavia);query;place|GLOB2_1445|Bastion Groningen (Batavia);
Groningen, Punt;query;place|GLOB2_1445|Bastion Groningen (Batavia);
Alang;query;place|GLOB2_1447|Alang;
Allang;query;place|GLOB2_1447|Alang;
Sorkam;query;place|GLOB2_1448|Sorkam;
Surcam;query;place|GLOB2_1448|Sorkam;
Palk Bay;query;place|GLOB2_1451|Palk Bay;
Tondi, bocht van;query;place|GLOB2_1451|Palk Bay;
Bastion Saphier (Batavia);query;place|GLOB2_1452|Bastion Saphier (Batavia);
Saffier, Punt;query;place|GLOB2_1452|Bastion Saphier (Batavia);
Safier, Punt;query;place|GLOB2_1452|Bastion Saphier (Batavia);
Saint Jacques;query;place|GLOB2_1455|St. Jacques;
Saint Jago;query;place|GLOB2_1455|St. Jacques;
Santiago;query;place|GLOB2_1455|St. Jacques;
Sint Jago;query;place|GLOB2_1455|St. Jacques;
St. Jacques;query;place|GLOB2_1455|St. Jacques;
baie St. Jago;query;place|GLOB2_1455|St. Jacques;
Sadrebone;query;place|GLOB2_1457|Sanrobone;
Sandraboni;query;place|GLOB2_1457|Sanrobone;
Sandrabonij;query;place|GLOB2_1457|Sanrobone;
Sanrabone;query;place|GLOB2_1457|Sanrobone;
Sanrobone;query;place|GLOB2_1457|Sanrobone;
Laboea;query;place|GLOB2_1458|Labuha;
Laboua;query;place|GLOB2_1458|Labuha;
Labuha;query;place|GLOB2_1458|Labuha;
Favorlang;query;place|GLOB2_1461|Favorlangh;
Favorlangh;query;place|GLOB2_1461|Favorlangh;
Favorolang;query;place|GLOB2_1461|Favorlangh;
Favorolangh;query;place|GLOB2_1461|Favorlangh;
Vavoralangh;query;place|GLOB2_1461|Favorlangh;
Vovorolang;query;place|GLOB2_1461|Favorlangh;
Madrid;query;place|GLOB2_1463|Madrid;
Chaul;query;place|GLOB2_1464|Chaul;
Rome;query;place|GLOB2_1467|Rome;
Lahor;query;place|GLOB2_1471|Lahore;
Lahore;query;place|GLOB2_1471|Lahore;
Bira;query;place|GLOB2_1472|Bira;
Lommelaija;query;place|GLOB2_1473|Rumahkai;
Roemacay;query;place|GLOB2_1473|Rumahkai;
Roumakay;query;place|GLOB2_1473|Rumahkai;
Rumahkai;query;place|GLOB2_1473|Rumahkai;
Corea;query;place|GLOB2_1475|Korea;
Korea;query;place|GLOB2_1475|Korea;
Corea;query;place|GLOB2_1475_GEO_1|Korean Peninsula;
Korean Peninsula;query;place|GLOB2_1475_GEO_1|Korean Peninsula;
Corea;query;place|GLOB2_1475_HUM_1|Korea;
Korea;query;place|GLOB2_1475_HUM_1|Korea;
Erican;query;place|GLOB2_1476|Ïrakam;
Erikan;query;place|GLOB2_1476|Ïrakam;
Ïrakam;query;place|GLOB2_1476|Ïrakam;
Cikoco;query;place|GLOB2_1478|Kyushu;
Kioesjoe;query;place|GLOB2_1478|Kyushu;
Kiushiu;query;place|GLOB2_1478|Kyushu;
Kyushu;query;place|GLOB2_1478|Kyushu;
Kyūshū;query;place|GLOB2_1478|Kyushu;
Qoesiouw;query;place|GLOB2_1478|Kyushu;
Quoesiouw;query;place|GLOB2_1478|Kyushu;
Saijkock;query;place|GLOB2_1478|Kyushu;
Saikock;query;place|GLOB2_1478|Kyushu;
九州;query;place|GLOB2_1478|Kyushu;
The Hague;query;place|GLOB2_1480|The Hague;
`s-Gravenhage;query;place|GLOB2_1480|The Hague;
Aijnam;query;place|GLOB2_1482|Hainan Dao;
Ainam;query;place|GLOB2_1482|Hainan Dao;
Ainaon;query;place|GLOB2_1482|Hainan Dao;
Ainnaon;query;place|GLOB2_1482|Hainan Dao;
Hainan;query;place|GLOB2_1482|Hainan Dao;
Hainan Dao;query;place|GLOB2_1482|Hainan Dao;
海南;query;place|GLOB2_1482|Hainan Dao;
Four Korales;query;place|GLOB2_1485|Four Korales;
Vier Korala;query;place|GLOB2_1485|Four Korales;
Pampanga;query;place|GLOB2_1487|Pampanga;
Papanga;query;place|GLOB2_1487|Pampanga;
Warnama;query;place|GLOB2_1488|Werinama;
Werinama;query;place|GLOB2_1488|Werinama;
Imbanagara;query;place|GLOB2_1489|Imbanagara;
Bastion Parel (Batavia);query;place|GLOB2_1491|Bastion Parel (Batavia);
Paerle;query;place|GLOB2_1491|Bastion Parel (Batavia);
Parel, Punt;query;place|GLOB2_1491|Bastion Parel (Batavia);
Peerl;query;place|GLOB2_1491|Bastion Parel (Batavia);
Canael;query;place|GLOB2_1495|English Channel;
English Channel;query;place|GLOB2_1495|English Channel;
Kanaal;query;place|GLOB2_1495|English Channel;
Lesidi;query;place|GLOB2_1496|Lesidi;
Lessidi;query;place|GLOB2_1496|Lesidi;
Lessidij;query;place|GLOB2_1496|Lesidi;
Lissidi;query;place|GLOB2_1496|Lesidi;
Diepan;query;place|GLOB2_1497|Jipang;
Djipan;query;place|GLOB2_1497|Jipang;
Djipang;query;place|GLOB2_1497|Jipang;
Jipang;query;place|GLOB2_1497|Jipang;
Parakan Muntjang;query;place|GLOB2_1498|Parakanmuncang;
Parakanmuncang;query;place|GLOB2_1498|Parakanmuncang;
Parakanmuntjang;query;place|GLOB2_1498|Parakanmuncang;
Pracamoentjang;query;place|GLOB2_1498|Parakanmuncang;
Prackan Moentjang;query;place|GLOB2_1498|Parakanmuncang;
Prakamontjang;query;place|GLOB2_1498|Parakanmuncang;
Prakan Moentsjang;query;place|GLOB2_1498|Parakanmuncang;
Duitsland;query;place|GLOB2_1499|Germany;
Germany;query;place|GLOB2_1499|Germany;
Alas;query;place|GLOB2_1500|Alas;
Allas;query;place|GLOB2_1500|Alas;
Wilhelmus, Fort;query;place|GLOB2_1503|William Fort (Chettuva);
William Fort (Chettuva);query;place|GLOB2_1503|William Fort (Chettuva);
fort Wilhelmus;query;place|GLOB2_1503|William Fort (Chettuva);
Ceram Laut;query;place|GLOB2_1505|Pulau Seram Laut;
Ceram Lauw;query;place|GLOB2_1505|Pulau Seram Laut;
Ceram-Laut;query;place|GLOB2_1505|Pulau Seram Laut;
Ceramlaut;query;place|GLOB2_1505|Pulau Seram Laut;
Pulau Seram Laut;query;place|GLOB2_1505|Pulau Seram Laut;
Seram Laut;query;place|GLOB2_1505|Pulau Seram Laut;
Dabhol;query;place|GLOB2_1506|Dābhol;
Dabhul;query;place|GLOB2_1506|Dābhol;
Dabul;query;place|GLOB2_1506|Dābhol;
Dābhol;query;place|GLOB2_1506|Dābhol;
Lande;query;place|GLOB2_1507|Pulau Landu;
Landu;query;place|GLOB2_1507|Pulau Landu;
Pulau Landu;query;place|GLOB2_1507|Pulau Landu;
Sala Tiga;query;place|GLOB2_1508|Salatiga;
Salatiga;query;place|GLOB2_1508|Salatiga;
Haomei;query;place|GLOB2_1512|Wancan;
Wancan;query;place|GLOB2_1512|Wancan;
Wanckan;query;place|GLOB2_1512|Wancan;
Wankan;query;place|GLOB2_1512|Wancan;
蚊港;query;place|GLOB2_1512|Wancan;
Fort Rotterdam (Makassar);query;place|GLOB2_1514|Fort Rotterdam (Makassar);
Rotterdam, Kasteel;query;place|GLOB2_1514|Fort Rotterdam (Makassar);
Rotterdam, fort;query;place|GLOB2_1514|Fort Rotterdam (Makassar);
Ujung Pandang;query;place|GLOB2_1514|Fort Rotterdam (Makassar);
fort Panyua;query;place|GLOB2_1514|Fort Rotterdam (Makassar);
fort Rotterdam;query;place|GLOB2_1514|Fort Rotterdam (Makassar);
kasteel Rotterdam;query;place|GLOB2_1514|Fort Rotterdam (Makassar);
Banda Lontar;query;place|GLOB2_1515|Pulau Banda Besar;
Banda Lonthar;query;place|GLOB2_1515|Pulau Banda Besar;
Banda-Lontar;query;place|GLOB2_1515|Pulau Banda Besar;
Banda-Lonthar;query;place|GLOB2_1515|Pulau Banda Besar;
Groot Banda;query;place|GLOB2_1515|Pulau Banda Besar;
Lontar;query;place|GLOB2_1515|Pulau Banda Besar;
Lonthoijr;query;place|GLOB2_1515|Pulau Banda Besar;
Lonthoir;query;place|GLOB2_1515|Pulau Banda Besar;
Lonthor;query;place|GLOB2_1515|Pulau Banda Besar;
Lonthour;query;place|GLOB2_1515|Pulau Banda Besar;
Lontoijr;query;place|GLOB2_1515|Pulau Banda Besar;
Lontoor;query;place|GLOB2_1515|Pulau Banda Besar;
Lontor;query;place|GLOB2_1515|Pulau Banda Besar;
Pulau Banda;query;place|GLOB2_1515|Pulau Banda Besar;
Pulau Banda Besar;query;place|GLOB2_1515|Pulau Banda Besar;
Eastcoast of Sumatra;query;place|GLOB2_1516|Sumatra's Eastern Coast;
Oostkust van Sumatra;query;place|GLOB2_1516|Sumatra's Eastern Coast;
Sumatra's Eastern Coast;query;place|GLOB2_1516|Sumatra's Eastern Coast;
Sumatra's Oostkust;query;place|GLOB2_1516|Sumatra's Eastern Coast;
Toncal;query;place|GLOB2_1517|Tungkal;
Tonkal;query;place|GLOB2_1517|Tungkal;
Tungkal;query;place|GLOB2_1517|Tungkal;
Sungai Tungkal;query;place|GLOB2_1517_GEO_1|Sungai Tungkal;
Toncal;query;place|GLOB2_1517_GEO_1|Sungai Tungkal;
Tonkal;query;place|GLOB2_1517_GEO_1|Sungai Tungkal;
Tungkal;query;place|GLOB2_1517_GEO_1|Sungai Tungkal;
Kuala Tungkal;query;place|GLOB2_1517_HUM_1|Kuala Tungkal;
Toncal;query;place|GLOB2_1517_HUM_1|Kuala Tungkal;
Tonkal;query;place|GLOB2_1517_HUM_1|Kuala Tungkal;
Tungkal;query;place|GLOB2_1517_HUM_1|Kuala Tungkal;
Bonto Parrang;query;place|GLOB2_1518|Bontoparang;
Bontoparang;query;place|GLOB2_1518|Bontoparang;
Nagari Toboh Gadang;query;place|GLOB2_1520|Nagari Toboh Gadang;
Thobo;query;place|GLOB2_1520|Nagari Toboh Gadang;
Tobo;query;place|GLOB2_1520|Nagari Toboh Gadang;
Toboh;query;place|GLOB2_1520|Nagari Toboh Gadang;
Tobok;query;place|GLOB2_1520|Nagari Toboh Gadang;
Bastion Diamant (Batavia);query;place|GLOB2_1523|Bastion Diamant (Batavia);
Diamant, Punt;query;place|GLOB2_1523|Bastion Diamant (Batavia);
Ciamis;query;place|GLOB2_1524|Ciamis;
Tjiamis;query;place|GLOB2_1524|Ciamis;
Tsjamies;query;place|GLOB2_1524|Ciamis;
Soulang;query;place|GLOB2_1526|Soulang;
Soulangh;query;place|GLOB2_1526|Soulang;
Sulang;query;place|GLOB2_1526|Soulang;
Camarien;query;place|GLOB2_1527|Kamarian;
Kamarian;query;place|GLOB2_1527|Kamarian;
Kamarin;query;place|GLOB2_1527|Kamarian;
Mangalor;query;place|GLOB2_1528|Mangaluru;
Mangalore;query;place|GLOB2_1528|Mangaluru;
Mangalur;query;place|GLOB2_1528|Mangaluru;
Mangaluru;query;place|GLOB2_1528|Mangaluru;
Taseho;query;place|GLOB2_1531|Taseho;
Thoccho;query;place|GLOB2_1531|Taseho;
Thoucheneo;query;place|GLOB2_1531|Taseho;
Tocheho;query;place|GLOB2_1531|Taseho;
Toheso;query;place|GLOB2_1531|Taseho;
Toseho;query;place|GLOB2_1531|Taseho;
Toseku;query;place|GLOB2_1531|Taseho;
Tosjeo;query;place|GLOB2_1531|Taseho;
Tosscho;query;place|GLOB2_1531|Taseho;
Tosseho;query;place|GLOB2_1531|Taseho;
Tossehoe;query;place|GLOB2_1531|Taseho;
Toutcheo;query;place|GLOB2_1531|Taseho;
Tomacallangh;query;place|GLOB2_1534|Tomokalang;
Tomocalang;query;place|GLOB2_1534|Tomokalang;
Tomokalang;query;place|GLOB2_1534|Tomokalang;
Terboyo;query;place|GLOB2_1536|Terboyo;
Torbaya;query;place|GLOB2_1536|Terboyo;
Tabalola;query;place|GLOB2_1537|Tabalola;
Tabelola;query;place|GLOB2_1537|Tabalola;
Tabelolo;query;place|GLOB2_1537|Tabalola;
fort Tabilolo;query;place|GLOB2_1537|Tabalola;
fort Wailoa;query;place|GLOB2_1537|Tabalola;
America;query;place|GLOB2_1538|America;
America (unspecified port);query;place|GLOB2_1538|America;
Americas;query;place|GLOB2_1538|America;
Amerika;query;place|GLOB2_1538|America;
Dordrecht;query;place|GLOB2_1539|Dordrecht;
Tafasoho;query;place|GLOB2_1540|Tafasoho;
Taffasoha;query;place|GLOB2_1540|Tafasoho;
fort Tafaco;query;place|GLOB2_1540|Tafasoho;
fort Tafasoho;query;place|GLOB2_1540|Tafasoho;
fort Tofasoha;query;place|GLOB2_1540|Tafasoho;
fort Zeven Provincieën;query;place|GLOB2_1540|Tafasoho;
Côn Sơn;query;place|GLOB2_1542|Côn Sơn;
Kondor, Pulau;query;place|GLOB2_1542|Côn Sơn;
Poulo Condoor;query;place|GLOB2_1542|Côn Sơn;
Pulo Condor;query;place|GLOB2_1542|Côn Sơn;
Tacome;query;place|GLOB2_1544|Takome;
Takome;query;place|GLOB2_1544|Takome;
Tacome;query;place|GLOB2_1544_HUM_1|Takome;
Takome;query;place|GLOB2_1544_HUM_1|Takome;
Fort Takome;query;place|GLOB2_1544_HUM_2|Fort Takome;
fort Tacomi;query;place|GLOB2_1544_HUM_2|Fort Takome;
fort Willemstad;query;place|GLOB2_1544_HUM_2|Fort Takome;
Eastern Salient;query;place|GLOB2_1546|Oosthoek;
Java's Oosthoek;query;place|GLOB2_1546|Oosthoek;
Oosthoek;query;place|GLOB2_1546|Oosthoek;
de Oosthoek;query;place|GLOB2_1546|Oosthoek;
Arandara;query;place|GLOB2_1548|Arandara;
Arandore;query;place|GLOB2_1548|Arandara;
Pulau Tidore;query;place|GLOB2_1549|Pulau Tidore;
Tidoor;query;place|GLOB2_1549|Pulau Tidore;
Tidoore;query;place|GLOB2_1549|Pulau Tidore;
Tidor;query;place|GLOB2_1549|Pulau Tidore;
Tidore;query;place|GLOB2_1549|Pulau Tidore;
Tydor;query;place|GLOB2_1549|Pulau Tidore;
Panarockan;query;place|GLOB2_1550|Panarukan;
Panaroekan;query;place|GLOB2_1550|Panarukan;
Panarukan;query;place|GLOB2_1550|Panarukan;
Pannaroekan;query;place|GLOB2_1550|Panarukan;
Panneroekan;query;place|GLOB2_1550|Panarukan;
Pannoerakan;query;place|GLOB2_1550|Panarukan;
Ontong Java;query;place|GLOB2_1553|Tanjung Burung;
Tanjung Burung;query;place|GLOB2_1553|Tanjung Burung;
Untung Djawa;query;place|GLOB2_1553|Tanjung Burung;
Parankali;query;place|GLOB2_1555|Perunkali;
Peringaly;query;place|GLOB2_1555|Perunkali;
Peroengalli;query;place|GLOB2_1555|Perunkali;
Perunkali;query;place|GLOB2_1555|Perunkali;
Pringali;query;place|GLOB2_1555|Perunkali;
Pringalij;query;place|GLOB2_1555|Perunkali;
Binongko;query;place|GLOB2_1557|Pulau Binongko;
Pinonco;query;place|GLOB2_1557|Pulau Binongko;
Pulau Binongko;query;place|GLOB2_1557|Pulau Binongko;
Papenberg;query;place|GLOB2_1559|Takaboko-shima;
Papeneiland;query;place|GLOB2_1559|Takaboko-shima;
Tackabaka;query;place|GLOB2_1559|Takaboko-shima;
Tackaboca;query;place|GLOB2_1559|Takaboko-shima;
Takabee;query;place|GLOB2_1559|Takaboko-shima;
Takaboko-shima;query;place|GLOB2_1559|Takaboko-shima;
Takabokojima;query;place|GLOB2_1559|Takaboko-shima;
高鉾島;query;place|GLOB2_1559|Takaboko-shima;
Bastion Robijn (Batavia);query;place|GLOB2_1564|Bastion Robijn (Batavia);
Robijn, Punt;query;place|GLOB2_1564|Bastion Robijn (Batavia);
Syria;query;place|GLOB2_1566|Syria;
Syrië;query;place|GLOB2_1566|Syria;
Coddachery;query;place|GLOB2_1568|Kozhancheri;
Kodachery;query;place|GLOB2_1568|Kozhancheri;
Kozhancheri;query;place|GLOB2_1568|Kozhancheri;
Drie Korala;query;place|GLOB2_1571|Three Korales;
Three Korales;query;place|GLOB2_1571|Three Korales;
Gilan;query;place|GLOB2_1574|Gīlān;
Gīlān;query;place|GLOB2_1574|Gīlān;
Annam;query;place|GLOB2_1576|Dai Viet;
Dai Viet;query;place|GLOB2_1576|Dai Viet;
安南;query;place|GLOB2_1576|Dai Viet;
Buton, Straat;query;place|GLOB2_1577|Selat Buton;
Selat Buton;query;place|GLOB2_1577|Selat Buton;
Kilmuri;query;place|GLOB2_1580|Kilmuri;
Quellimoury;query;place|GLOB2_1580|Kilmuri;
Hato Patola;query;place|GLOB2_1587|Lisabata;
Hatu Patola;query;place|GLOB2_1587|Lisabata;
Lisabata;query;place|GLOB2_1587|Lisabata;
Lisabatta;query;place|GLOB2_1587|Lisabata;
Lisbatte;query;place|GLOB2_1587|Lisabata;
Lissabatha;query;place|GLOB2_1587|Lisabata;
Lissabatte;query;place|GLOB2_1587|Lisabata;
Munster;query;place|GLOB2_1588|Münster;
Münster;query;place|GLOB2_1588|Münster;
Junnan;query;place|GLOB2_1590|Yunnan;
Yunnan;query;place|GLOB2_1590|Yunnan;
Lole;query;place|GLOB2_1594|Lole;
Loleh;query;place|GLOB2_1594|Lole;
Loleij;query;place|GLOB2_1594|Lole;
Lolij;query;place|GLOB2_1594|Lole;
Loly;query;place|GLOB2_1594|Lole;
Indian Ocean;query;place|GLOB2_1595|Indian Ocean;
Indische Oceaan;query;place|GLOB2_1595|Indian Ocean;
Api, Gunung;query;place|GLOB2_1596|Mount Api;
Mount Api;query;place|GLOB2_1596|Mount Api;
Comber;query;place|GLOB2_1597|Combir;
Combir;query;place|GLOB2_1597|Combir;
Commer;query;place|GLOB2_1597|Combir;
Komber;query;place|GLOB2_1597|Combir;
Comber;query;place|GLOB2_1597_GEO_1|Combir;
Combir;query;place|GLOB2_1597_GEO_1|Combir;
Commer;query;place|GLOB2_1597_GEO_1|Combir;
Komber;query;place|GLOB2_1597_GEO_1|Combir;
Comber;query;place|GLOB2_1597_HUM_1|Combir;
Combir;query;place|GLOB2_1597_HUM_1|Combir;
Commer;query;place|GLOB2_1597_HUM_1|Combir;
Komber;query;place|GLOB2_1597_HUM_1|Combir;
Comber;query;place|GLOB2_1597_HUM_2|Combir;
Combir;query;place|GLOB2_1597_HUM_2|Combir;
Commer;query;place|GLOB2_1597_HUM_2|Combir;
Komber;query;place|GLOB2_1597_HUM_2|Combir;
Saba;query;place|GLOB2_1598|Sawang;
Saban;query;place|GLOB2_1598|Sawang;
Sawang;query;place|GLOB2_1598|Sawang;
Saint Helena Bay;query;place|GLOB2_1599|Saint Helena Bay;
St Helenabhay;query;place|GLOB2_1599|Saint Helena Bay;
St. Helenabaai;query;place|GLOB2_1599|Saint Helena Bay;
Godavari;query;place|GLOB2_1600|Godāvari River;
Godāvari River;query;place|GLOB2_1600|Godāvari River;
Ciasem;query;place|GLOB2_1603|Ciasem;
Siassam;query;place|GLOB2_1603|Ciasem;
Tjiasem;query;place|GLOB2_1603|Ciasem;
Benteng Saboega;query;place|GLOB2_1604|Benteng Saboega;
Sabougo;query;place|GLOB2_1604|Benteng Saboega;
Sabugo;query;place|GLOB2_1604|Benteng Saboega;
Sabugou;query;place|GLOB2_1604|Benteng Saboega;
fort Saboga;query;place|GLOB2_1604|Benteng Saboega;
fort Sabugo;query;place|GLOB2_1604|Benteng Saboega;
Arima;query;place|GLOB2_1605|Arima;
有馬;query;place|GLOB2_1605|Arima;
Arimagon;query;place|GLOB2_1606|Armagon;
Armagon;query;place|GLOB2_1606|Armagon;
Armigon;query;place|GLOB2_1606|Armagon;
Tackilis;query;place|GLOB2_1608|Taraboan;
Taraboan;query;place|GLOB2_1608|Taraboan;
Taroboan;query;place|GLOB2_1608|Taraboan;
Tarraboan;query;place|GLOB2_1608|Taraboan;
Terraboan;query;place|GLOB2_1608|Taraboan;
Terroboangh;query;place|GLOB2_1608|Taraboan;
Ierland;query;place|GLOB2_1610|Ireland;
Ireland;query;place|GLOB2_1610|Ireland;
Balangnipa;query;place|GLOB2_1611|Balanipa;
Balanipa;query;place|GLOB2_1611|Balanipa;
Lamongan;query;place|GLOB2_1612|Lamongan;
Pulau Bidadari;query;place|GLOB2_1613|Pulau Bidadari;
Purmenend;query;place|GLOB2_1613|Pulau Bidadari;
Purmenent;query;place|GLOB2_1613|Pulau Bidadari;
Purmerend;query;place|GLOB2_1613|Pulau Bidadari;
Purmerendt;query;place|GLOB2_1613|Pulau Bidadari;
Purmerent;query;place|GLOB2_1613|Pulau Bidadari;
Modderbaai;query;place|GLOB2_1615|Mud Bay;
Modderbhay;query;place|GLOB2_1615|Mud Bay;
Mud Bay;query;place|GLOB2_1615|Mud Bay;
Fort Rijswijk (1656-1720);query;place|GLOB2_1616_1|Fort Rijswijk (1656-1720);
Rijswijk;query;place|GLOB2_1616_1|Fort Rijswijk (1656-1720);
fort Reijswijk;query;place|GLOB2_1616_1|Fort Rijswijk (1656-1720);
fort Rijswijck;query;place|GLOB2_1616_1|Fort Rijswijk (1656-1720);
Fort Rijswijk (1668-1811);query;place|GLOB2_1616_2|Fort Rijswijk (1668-1811);
Rijswijk;query;place|GLOB2_1616_2|Fort Rijswijk (1668-1811);
fort Reijswijk;query;place|GLOB2_1616_2|Fort Rijswijk (1668-1811);
fort Rijswijck;query;place|GLOB2_1616_2|Fort Rijswijk (1668-1811);
Boutuan;query;place|GLOB2_1622|Butuan;
Butuan;query;place|GLOB2_1622|Butuan;
Jemen;query;place|GLOB2_1623|Yemen;
Yemen;query;place|GLOB2_1623|Yemen;
Hamburg;query;place|GLOB2_1624|Hamburg;
Noorderkwartier, Kamers van het;query;place|GLOB2_1626|Noorderkwartier, Kamers van het;
South India;query;place|GLOB2_1627|South India;
Zuid-India;query;place|GLOB2_1627|South India;
Tanniyurnagaram;query;place|GLOB2_1628|Tanniyurnagaram;
Tannoor;query;place|GLOB2_1628|Tanniyurnagaram;
Tanoer;query;place|GLOB2_1628|Tanniyurnagaram;
Tanur;query;place|GLOB2_1628|Tanniyurnagaram;
Tanniyurnagaram (city);query;place|GLOB2_1628_HUM_1|Tanniyurnagaram (city);
Tannoor;query;place|GLOB2_1628_HUM_1|Tanniyurnagaram (city);
Tanoer;query;place|GLOB2_1628_HUM_1|Tanniyurnagaram (city);
Tanur;query;place|GLOB2_1628_HUM_1|Tanniyurnagaram (city);
Tanniyurnagaram (kingdom);query;place|GLOB2_1628_HUM_2|Tanniyurnagaram (kingdom);
Tannoor;query;place|GLOB2_1628_HUM_2|Tanniyurnagaram (kingdom);
Tanoer;query;place|GLOB2_1628_HUM_2|Tanniyurnagaram (kingdom);
Tanur;query;place|GLOB2_1628_HUM_2|Tanniyurnagaram (kingdom);
Mombasa;query;place|GLOB2_1629|Mombasa;
Mombase;query;place|GLOB2_1629|Mombasa;
Mombassa;query;place|GLOB2_1629|Mombasa;
Monbasse;query;place|GLOB2_1629|Mombasa;
Noorderdistricten;query;place|GLOB2_1630|Northern Districts;
Noorderprovincies (Celebes);query;place|GLOB2_1630|Northern Districts;
Northern Districts;query;place|GLOB2_1630|Northern Districts;
Bastion Gelderland (Batavia);query;place|GLOB2_1631|Bastion Gelderland (Batavia);
Gelderland, Punt;query;place|GLOB2_1631|Bastion Gelderland (Batavia);
Copenhagen;query;place|GLOB2_1633|Copenhagen;
Coppenhaven;query;place|GLOB2_1633|Copenhagen;
Kopenhagen;query;place|GLOB2_1633|Copenhagen;
København;query;place|GLOB2_1633|Copenhagen;
Cabon;query;place|GLOB2_1637|Kabun;
Kabun;query;place|GLOB2_1637|Kabun;
Bongus;query;place|GLOB2_1638|Bungus;
Bungus;query;place|GLOB2_1638|Bungus;
Diest Gate;query;place|GLOB2_1643|Diestpoort (Batavia);
Diestpoort;query;place|GLOB2_1643|Diestpoort (Batavia);
Diestpoort (Batavia);query;place|GLOB2_1643|Diestpoort (Batavia);
Handiael;query;place|GLOB2_1644|Hāndiāl;
Hendiaal;query;place|GLOB2_1644|Hāndiāl;
Hāndiāl;query;place|GLOB2_1644|Hāndiāl;
Benteng Lohayong;query;place|GLOB2_1645|Benteng Lohayong;
Henricus, Kasteel;query;place|GLOB2_1645|Benteng Lohayong;
fort Fredrik Hendrik;query;place|GLOB2_1645|Benteng Lohayong;
fort Henricus;query;place|GLOB2_1645|Benteng Lohayong;
fort Lohayong;query;place|GLOB2_1645|Benteng Lohayong;
Bega;query;place|GLOB2_1647|Bega;
Coromandel, Zuid;query;place|GLOB2_1649|South Coromandel;
South Coromandel;query;place|GLOB2_1649|South Coromandel;
Bangka Strait;query;place|GLOB2_1652|Selat Bangka;
Selat Bangka;query;place|GLOB2_1652|Selat Bangka;
Straat Banca;query;place|GLOB2_1652|Selat Bangka;
Straat Bangka;query;place|GLOB2_1652|Selat Bangka;
Straet Banca;query;place|GLOB2_1652|Selat Bangka;
Sangar;query;place|GLOB2_1653|Sanggar;
Sangara;query;place|GLOB2_1653|Sanggar;
Sanggar;query;place|GLOB2_1653|Sanggar;
Toratte;query;place|GLOB2_1655|Turatea;
Turatea;query;place|GLOB2_1655|Turatea;
Turatte;query;place|GLOB2_1655|Turatea;
Bato Poety;query;place|GLOB2_1656|Pulau Batuputih;
Batu Putih;query;place|GLOB2_1656|Pulau Batuputih;
Pulau Batuputih;query;place|GLOB2_1656|Pulau Batuputih;
Caeymelse revier;query;place|GLOB2_1659|Maha Oya;
Caymelle;query;place|GLOB2_1659|Maha Oya;
Kaymelle;query;place|GLOB2_1659|Maha Oya;
Maha Oya;query;place|GLOB2_1659|Maha Oya;
Mamala;query;place|GLOB2_1661|Mamala;
Mamalo;query;place|GLOB2_1661|Mamala;
Mamalou;query;place|GLOB2_1661|Mamala;
Mokervaart;query;place|GLOB2_1662|Mookervaart;
Mookervaart;query;place|GLOB2_1662|Mookervaart;
Kadinding;query;place|GLOB2_1663|Kadinding;
Kadingding;query;place|GLOB2_1663|Kadinding;
Kadingdingh;query;place|GLOB2_1663|Kadinding;
Dinding;query;place|GLOB2_1664|Pulau Pangkor;
Dindings;query;place|GLOB2_1664|Pulau Pangkor;
Dinghdingh;query;place|GLOB2_1664|Pulau Pangkor;
Pangkor;query;place|GLOB2_1664|Pulau Pangkor;
Pangkor eiland;query;place|GLOB2_1664|Pulau Pangkor;
Poulo Gom;query;place|GLOB2_1664|Pulau Pangkor;
Pulau Giam;query;place|GLOB2_1664|Pulau Pangkor;
Pulau Pangkor;query;place|GLOB2_1664|Pulau Pangkor;
Pulo Gom;query;place|GLOB2_1664|Pulau Pangkor;
Hasanabadur;query;place|GLOB2_1666|Hassenabadoer;
Hassenabadoer;query;place|GLOB2_1666|Hassenabadoer;
Tirumullaivasal;query;place|GLOB2_1667|Tirumullaivasal;
Trimelevaas;query;place|GLOB2_1667|Tirumullaivasal;
Trimilevaes;query;place|GLOB2_1667|Tirumullaivasal;
Trimilivas;query;place|GLOB2_1667|Tirumullaivasal;
Auwt;query;place|GLOB2_1668|Awadh;
Awadh;query;place|GLOB2_1668|Awadh;
Oudh;query;place|GLOB2_1668|Awadh;
Woena;query;place|GLOB2_1669|Wuna;
Wuna;query;place|GLOB2_1669|Wuna;
Gandikota;query;place|GLOB2_1670|Gandikota;
Gendecata;query;place|GLOB2_1670|Gandikota;
Gendicotta;query;place|GLOB2_1670|Gandikota;
Gendikota;query;place|GLOB2_1670|Gandikota;
Andaman Islands;query;place|GLOB2_1671|Andaman Islands;
Andamanen;query;place|GLOB2_1671|Andaman Islands;
Tosora;query;place|GLOB2_1672|Tosora;
Tossora;query;place|GLOB2_1672|Tosora;
Kadjang;query;place|GLOB2_1673|Kajang;
Kadziang;query;place|GLOB2_1673|Kajang;
Kajang;query;place|GLOB2_1673|Kajang;
Cabo de Spiritu Santo;query;place|GLOB2_1676|Cape Espiritu Santo;
Cape Espiritu Santo;query;place|GLOB2_1676|Cape Espiritu Santo;
Spiritu Santo, Kaap;query;place|GLOB2_1676|Cape Espiritu Santo;
Pasemah;query;place|GLOB2_1677|Pasemah;
Passaman;query;place|GLOB2_1677|Pasemah;
Pescena;query;place|GLOB2_1677|Pasemah;
Wolvendaal;query;place|GLOB2_1678|Wolvendaal Church;
Wolvendaal Church;query;place|GLOB2_1678|Wolvendaal Church;
Amsterdam, Pakhuis;query;place|GLOB2_1679|Pakhuis Amsterdam;
Pakhuis Amsterdam;query;place|GLOB2_1679|Pakhuis Amsterdam;
Lamadjang;query;place|GLOB2_1682|Lumajang;
Lumadjang;query;place|GLOB2_1682|Lumajang;
Lumajang;query;place|GLOB2_1682|Lumajang;
Capo Rachado;query;place|GLOB2_1683|Tanjung Tuan;
Rachado, Kaap;query;place|GLOB2_1683|Tanjung Tuan;
Tanjung Tuan;query;place|GLOB2_1683|Tanjung Tuan;
Duizend eilanden;query;place|GLOB2_1684|Kepulauan Seribu;
Duysent Eylanden;query;place|GLOB2_1684|Kepulauan Seribu;
Kepulauan Seribu;query;place|GLOB2_1684|Kepulauan Seribu;
Landack;query;place|GLOB2_1688|Landak;
Landak;query;place|GLOB2_1688|Landak;
Brabant;query;place|GLOB2_1689|Brabant;
Fort Revenge;query;place|GLOB2_1690|Fort Revenge;
Revengie, Kasteel;query;place|GLOB2_1690|Fort Revenge;
fort Ay;query;place|GLOB2_1690|Fort Revenge;
fort Revengie;query;place|GLOB2_1690|Fort Revenge;
Zeeborg;query;place|GLOB2_1692|Zeeburgh (Ngofakiaha);
Zeeburg;query;place|GLOB2_1692|Zeeburgh (Ngofakiaha);
Zeeburg, Kasteel;query;place|GLOB2_1692|Zeeburgh (Ngofakiaha);
Zeeburgh;query;place|GLOB2_1692|Zeeburgh (Ngofakiaha);
Zeeburgh (Ngofakiaha);query;place|GLOB2_1692|Zeeburgh (Ngofakiaha);
Caloncon;query;place|GLOB2_1695|Kalongkong;
Kalonco;query;place|GLOB2_1695|Kalongkong;
Kalongkong;query;place|GLOB2_1695|Kalongkong;
Kalungkung;query;place|GLOB2_1695|Kalongkong;
Madou;query;place|GLOB2_1700|Madou;
Mattau;query;place|GLOB2_1700|Madou;
Mattauw;query;place|GLOB2_1700|Madou;
Pulau Wamar;query;place|GLOB2_1702|Pulau Wamar;
Wamar;query;place|GLOB2_1702|Pulau Wamar;
Wammer;query;place|GLOB2_1702|Pulau Wamar;
Keema;query;place|GLOB2_1704|Kema;
Kema;query;place|GLOB2_1704|Kema;
Bintan;query;place|GLOB2_1705|Pulau Bintan;
Bintang;query;place|GLOB2_1705|Pulau Bintan;
Pulau Bintan;query;place|GLOB2_1705|Pulau Bintan;
Bednur;query;place|GLOB2_1706|Bednur;
Bedroer;query;place|GLOB2_1706|Bednur;
Bidnoer;query;place|GLOB2_1706|Bednur;
Bidroer;query;place|GLOB2_1706|Bednur;
Utrecht Gate;query;place|GLOB2_1707|Utrecht Gate;
Utrechtse poort (te Batavia);query;place|GLOB2_1707|Utrecht Gate;
Liwas;query;place|GLOB2_1709|Liwas;
Serra Liona;query;place|GLOB2_1710|Sierra Leone;
Sierra Leone;query;place|GLOB2_1710|Sierra Leone;
New Gate;query;place|GLOB2_1711|Nieuwpoort (Batavia);
Nieuwpoort;query;place|GLOB2_1711|Nieuwpoort (Batavia);
Nieuwpoort (Batavia);query;place|GLOB2_1711|Nieuwpoort (Batavia);
Bandar Kong;query;place|GLOB2_1712|Bandar-e Kong;
Bandar-e Kong;query;place|GLOB2_1712|Bandar-e Kong;
Bande Kong;query;place|GLOB2_1712|Bandar-e Kong;
Bender-Kong;query;place|GLOB2_1712|Bandar-e Kong;
Conge;query;place|GLOB2_1712|Bandar-e Kong;
Congo;query;place|GLOB2_1712|Bandar-e Kong;
Kong, Bandar;query;place|GLOB2_1712|Bandar-e Kong;
Kung;query;place|GLOB2_1712|Bandar-e Kong;
Bay of Bengal;query;place|GLOB2_1715|Bay of Bengal;
Bengalen, Golf van;query;place|GLOB2_1715|Bay of Bengal;
Tamilau;query;place|GLOB2_1716|Tamilau;
Tamillaauw;query;place|GLOB2_1716|Tamilau;
Tamlouw;query;place|GLOB2_1716|Tamilau;
Tammelau;query;place|GLOB2_1716|Tamilau;
Gouli Gouli;query;place|GLOB2_1721|Pulau Panjang (East Seram);
Guli-Guli;query;place|GLOB2_1721|Pulau Panjang (East Seram);
Pulau Panjang (East Seram);query;place|GLOB2_1721|Pulau Panjang (East Seram);
Balanta;query;place|GLOB2_1722|Balantak;
Balantak;query;place|GLOB2_1722|Balantak;
Balante;query;place|GLOB2_1722|Balantak;
Desa Gemulak;query;place|GLOB2_1723|Desa Gemulak;
Goemalak;query;place|GLOB2_1723|Desa Gemulak;
Goemoelak;query;place|GLOB2_1723|Desa Gemulak;
Gumulak;query;place|GLOB2_1723|Desa Gemulak;
Engano;query;place|GLOB2_1724|Pulau Enggano;
Enggano;query;place|GLOB2_1724|Pulau Enggano;
Pulau Enggano;query;place|GLOB2_1724|Pulau Enggano;
Grote Rivier (te Batavia);query;place|GLOB2_1726|Kali Besar;
Kali Besar;query;place|GLOB2_1726|Kali Besar;
Hongarije;query;place|GLOB2_1729|Kingdom of Hungary;
Kingdom of Hungary;query;place|GLOB2_1729|Kingdom of Hungary;
Berampoer;query;place|GLOB2_1730|Burhānpur;
Boerhanpoer;query;place|GLOB2_1730|Burhānpur;
Brampour;query;place|GLOB2_1730|Burhānpur;
Burhanpur;query;place|GLOB2_1730|Burhānpur;
Burhānpur;query;place|GLOB2_1730|Burhānpur;
Tripalewaram;query;place|GLOB2_1731|Tripalewaron;
Tripalewaron;query;place|GLOB2_1731|Tripalewaron;
Tripelewaran;query;place|GLOB2_1731|Tripalewaron;
Trippewaron;query;place|GLOB2_1731|Tripalewaron;
Pruisen;query;place|GLOB2_1734|Prussia;
Prussia;query;place|GLOB2_1734|Prussia;
Henatelloe;query;place|GLOB2_1736|Henatelo;
Henatelo;query;place|GLOB2_1736|Henatelo;
Henatelu;query;place|GLOB2_1736|Henatelo;
Henetello;query;place|GLOB2_1736|Henatelo;
Hennetelle;query;place|GLOB2_1736|Henatelo;
Hennetello;query;place|GLOB2_1736|Henatelo;
Hinetelle;query;place|GLOB2_1736|Henatelo;
Simuay;query;place|GLOB2_1737|Simuay;
Sinway;query;place|GLOB2_1737|Simuay;
Alican;query;place|GLOB2_1739|Bentota Ganga;
Alikan;query;place|GLOB2_1739|Bentota Ganga;
Bentota Ganga;query;place|GLOB2_1739|Bentota Ganga;
Fort Marlborough;query;place|GLOB2_1740|Fort Marlborough;
Marlborough, Kasteel;query;place|GLOB2_1740|Fort Marlborough;
fort Marlbourg;query;place|GLOB2_1740|Fort Marlborough;
Plymouth;query;place|GLOB2_1743|Plymouth;
Socotra;query;place|GLOB2_1744|Socotra;
Sucatora;query;place|GLOB2_1744|Socotra;
Succatora;query;place|GLOB2_1744|Socotra;
Chile;query;place|GLOB2_1745|Chile;
Chili;query;place|GLOB2_1745|Chile;
Friesland;query;place|GLOB2_1748|Friesland;
Vriese;query;place|GLOB2_1748|Friesland;
Bodjong Lopang;query;place|GLOB2_1749|Bodjonglopang;
Bodjonglopang;query;place|GLOB2_1749|Bodjonglopang;
Boedjong Lopan;query;place|GLOB2_1749|Bodjonglopang;
Boedjonglopang;query;place|GLOB2_1749|Bodjonglopang;
Manchuria;query;place|GLOB2_1750|Manchuria;
Mandsjoerije;query;place|GLOB2_1750|Manchuria;
Caspian Sea;query;place|GLOB2_1751|Caspian Sea;
Kaspische Zee;query;place|GLOB2_1751|Caspian Sea;
Bebligamme;query;place|GLOB2_1752|Bibligamme;
Bibilegamme;query;place|GLOB2_1752|Bibligamme;
Bibligamme;query;place|GLOB2_1752|Bibligamme;
Desa Liliboy;query;place|GLOB2_1753|Desa Liliboy;
Liliboi;query;place|GLOB2_1753|Desa Liliboy;
Lilleboy;query;place|GLOB2_1753|Desa Liliboy;
Thiemo;query;place|GLOB2_1755|Timu;
Tima;query;place|GLOB2_1755|Timu;
Timo;query;place|GLOB2_1755|Timu;
Timu;query;place|GLOB2_1755|Timu;
Bonto Panno;query;place|GLOB2_1756|Bontopanno;
Bontopanno;query;place|GLOB2_1756|Bontopanno;
Tepas;query;place|GLOB2_1757|Tepas;
Terong;query;place|GLOB2_1758|Terong;
Trong;query;place|GLOB2_1758|Terong;
Trongh;query;place|GLOB2_1758|Terong;
Tibore;query;place|GLOB2_1759|Tioro;
Tioro;query;place|GLOB2_1759|Tioro;
Tiworo;query;place|GLOB2_1759|Tioro;
Salseet;query;place|GLOB2_1761|Salsette Island;
Salset;query;place|GLOB2_1761|Salsette Island;
Salsette;query;place|GLOB2_1761|Salsette Island;
Salsette Island;query;place|GLOB2_1761|Salsette Island;
Desa Salajo;query;place|GLOB2_1762|Desa Salajo;
Saladjo;query;place|GLOB2_1762|Desa Salajo;
Saladjoe;query;place|GLOB2_1762|Desa Salajo;
Saladjouw;query;place|GLOB2_1762|Desa Salajo;
Saladju;query;place|GLOB2_1762|Desa Salajo;
Chekiang;query;place|GLOB2_1764|Zhejiang;
Chekiangh;query;place|GLOB2_1764|Zhejiang;
Chequian;query;place|GLOB2_1764|Zhejiang;
Zhejiang;query;place|GLOB2_1764|Zhejiang;
Pinnorouan;query;place|GLOB2_1765|Wu-lao-wan;
Pinorowan;query;place|GLOB2_1765|Wu-lao-wan;
Pulauan;query;place|GLOB2_1765|Wu-lao-wan;
Wu-lao-wan;query;place|GLOB2_1765|Wu-lao-wan;
Sidangoli;query;place|GLOB2_1766|Sidangoli;
Sidangolij;query;place|GLOB2_1766|Sidangoli;
Sindagnolij;query;place|GLOB2_1766|Sidangoli;
Chawela Cattu;query;place|GLOB2_1767|Sjawele Cattoe;
Chiauwelecattoe;query;place|GLOB2_1767|Sjawele Cattoe;
Sjallacoedij;query;place|GLOB2_1767|Sjawele Cattoe;
Sjawele Cattoe;query;place|GLOB2_1767|Sjawele Cattoe;
Milanen;query;place|GLOB2_1768|Pulau Molana;
Mulana;query;place|GLOB2_1768|Pulau Molana;
Pulau Molana;query;place|GLOB2_1768|Pulau Molana;
Rotterdam Gate;query;place|GLOB2_1770|Rotterdamse Poort (Batavia);
Rotterdammer poort;query;place|GLOB2_1770|Rotterdamse Poort (Batavia);
Rotterdamse Poort (Batavia);query;place|GLOB2_1770|Rotterdamse Poort (Batavia);
Moscow;query;place|GLOB2_1771|Moscow;
Moskou;query;place|GLOB2_1771|Moscow;
Sesterganti;query;place|GLOB2_1772|Sesterganty;
Sesterganty;query;place|GLOB2_1772|Sesterganty;
Sestraganty;query;place|GLOB2_1772|Sesterganty;
Bardes;query;place|GLOB2_1773|Bardez;
Bardez;query;place|GLOB2_1773|Bardez;
Magoltoer;query;place|GLOB2_1774|Mogalthur;
Mogalthur;query;place|GLOB2_1774|Mogalthur;
Mogalturru;query;place|GLOB2_1774|Mogalthur;
Mogoltoer;query;place|GLOB2_1774|Mogalthur;
Mogoltour;query;place|GLOB2_1774|Mogalthur;
Brest;query;place|GLOB2_1775|Brest;
Breste;query;place|GLOB2_1775|Brest;
Mamouwako;query;place|GLOB2_1776|Pulau Manawoka;
Manawoka;query;place|GLOB2_1776|Pulau Manawoka;
Mannewoke;query;place|GLOB2_1776|Pulau Manawoka;
Manowako;query;place|GLOB2_1776|Pulau Manawoka;
Pulau Manawoka;query;place|GLOB2_1776|Pulau Manawoka;
Baddaal;query;place|GLOB2_1778|Baddaal;
Wiera Saba;query;place|GLOB2_1779|Wirasaba;
Wirasaba;query;place|GLOB2_1779|Wirasaba;
Martabahan;query;place|GLOB2_1780|Martaban;
Martaban;query;place|GLOB2_1780|Martaban;
Martavaan;query;place|GLOB2_1780|Martaban;
Martavan;query;place|GLOB2_1780|Martaban;
Groot-Sabe;query;place|GLOB2_1781|Seba;
Saba;query;place|GLOB2_1781|Seba;
Seba;query;place|GLOB2_1781|Seba;
Zeba;query;place|GLOB2_1781|Seba;
Kingdom of Poland;query;place|GLOB2_1782|Kingdom of Poland;
Polen;query;place|GLOB2_1782|Kingdom of Poland;
Pulau Dua;query;place|GLOB2_1784|Pulau Dua;
Twee Gebroeders;query;place|GLOB2_1784|Pulau Dua;
Majo;query;place|GLOB2_1785|Pulau Mayu;
Mayu;query;place|GLOB2_1785|Pulau Mayu;
Meao;query;place|GLOB2_1785|Pulau Mayu;
Meauw;query;place|GLOB2_1785|Pulau Mayu;
Pulau Mayu;query;place|GLOB2_1785|Pulau Mayu;
Boni, Golf van;query;place|GLOB2_1786|Gulf of Boni;
Gulf of Boni;query;place|GLOB2_1786|Gulf of Boni;
Haarlem;query;place|GLOB2_1787|Haarlem;
Jellingij;query;place|GLOB2_1788|Jellingij;
Southern Districts;query;place|GLOB2_1789|Southern Districts;
Zuiderdistricten;query;place|GLOB2_1789|Southern Districts;
Zuiderprovincies;query;place|GLOB2_1789|Southern Districts;
Delagoa;query;place|GLOB2_1791|Lusutfu;
Lagoa;query;place|GLOB2_1791|Lusutfu;
Lusutfu;query;place|GLOB2_1791|Lusutfu;
Maputo;query;place|GLOB2_1791|Lusutfu;
Rio Delagoa;query;place|GLOB2_1791|Lusutfu;
Rio de Lagoa;query;place|GLOB2_1791|Lusutfu;
Rio de la Goa;query;place|GLOB2_1791|Lusutfu;
Hatielang;query;place|GLOB2_1792|Hatile;
Hatile;query;place|GLOB2_1792|Hatile;
Hatilen;query;place|GLOB2_1792|Hatile;
Hatilin;query;place|GLOB2_1792|Hatile;
Hatiling;query;place|GLOB2_1792|Hatile;
Hative;query;place|GLOB2_1793|Hative;
Hatuaha;query;place|GLOB2_1793|Hative;
Hatuawa;query;place|GLOB2_1793|Hative;
Hatuwa;query;place|GLOB2_1793|Hative;
Cabolangh;query;place|GLOB2_1795|Kavalan;
Cavalangh;query;place|GLOB2_1795|Kavalan;
Kabolang;query;place|GLOB2_1795|Kavalan;
Kavalan;query;place|GLOB2_1795|Kavalan;
Dili (Timor);query;place|GLOB2_1796|Dili (Timor);
Dillij;query;place|GLOB2_1796|Dili (Timor);
Dilly;query;place|GLOB2_1796|Dili (Timor);
Barneveld, Kasteel;query;place|GLOB2_1797|Barneveld, fort;
Barneveld, fort;query;place|GLOB2_1797|Barneveld, fort;
Celam;query;place|GLOB2_1802|Selamon;
Celame;query;place|GLOB2_1802|Selamon;
Celamme;query;place|GLOB2_1802|Selamon;
Celemat;query;place|GLOB2_1802|Selamon;
Chalam;query;place|GLOB2_1802|Selamon;
Selamma;query;place|GLOB2_1802|Selamon;
Selamme;query;place|GLOB2_1802|Selamon;
Selamon;query;place|GLOB2_1802|Selamon;
Zelam;query;place|GLOB2_1802|Selamon;
Mangallekana;query;place|GLOB2_1803|Mangallekana;
Mangelicana;query;place|GLOB2_1803|Mangallekana;
Mangelikana;query;place|GLOB2_1803|Mangallekana;
Enrekang;query;place|GLOB2_1805|Enrekang;
Henrecan;query;place|GLOB2_1805|Enrekang;
Amsterdam, Punt;query;place|GLOB2_1806|Bastion Amsterdam (Batavia);
Bastion Amsterdam (Batavia);query;place|GLOB2_1806|Bastion Amsterdam (Batavia);
12 Vastigheden;query;place|GLOB2_1807|Dua Belas Kota;
Doablas Cotas;query;place|GLOB2_1807|Dua Belas Kota;
Dua Belas Kota;query;place|GLOB2_1807|Dua Belas Kota;
Duabelas Kota;query;place|GLOB2_1807|Dua Belas Kota;
Duablas Cottas;query;place|GLOB2_1807|Dua Belas Kota;
Twaelff Cotas;query;place|GLOB2_1807|Dua Belas Kota;
Stellenbosch;query;place|GLOB2_1808|Stellenbosch;
Stellenboss;query;place|GLOB2_1808|Stellenbosch;
Manca Negara;query;place|GLOB2_1809|Manca Negara;
Mantjanegara;query;place|GLOB2_1809|Manca Negara;
Caboel;query;place|GLOB2_1810|Kabul;
Kabul;query;place|GLOB2_1810|Kabul;
Lato;query;place|GLOB2_1811|Latu;
Latu;query;place|GLOB2_1811|Latu;
Aden, Golf van;query;place|GLOB2_1812|Gulf of Aden;
Gulf of Aden;query;place|GLOB2_1812|Gulf of Aden;
Tahana;query;place|GLOB2_1813|Tahane;
Tahane;query;place|GLOB2_1813|Tahane;
Thana;query;place|GLOB2_1813|Tahane;
Land van Waveren;query;place|GLOB2_1814|Land van Waveren;
Waveren;query;place|GLOB2_1814|Land van Waveren;
t Land van Waveren;query;place|GLOB2_1814|Land van Waveren;
Madapalen;query;place|GLOB2_1815|Madapollam;
Madapolam;query;place|GLOB2_1815|Madapollam;
Madapollam;query;place|GLOB2_1815|Madapollam;
Maduapalem;query;place|GLOB2_1815|Madapollam;
Musala, Pulau;query;place|GLOB2_1816|Pulau Musala;
Muyselaar;query;place|GLOB2_1816|Pulau Musala;
Pulau Musala;query;place|GLOB2_1816|Pulau Musala;
Pulo Meuselaar;query;place|GLOB2_1816|Pulau Musala;
Drakenstein;query;place|GLOB2_1817|Drakenstein;
Drakensteyn;query;place|GLOB2_1817|Drakenstein;
Drakenstyn;query;place|GLOB2_1817|Drakenstein;
Groot Drakenstein;query;place|GLOB2_1817|Drakenstein;
Macause eilanden;query;place|GLOB2_1818|Macause eilanden;
Masanderan;query;place|GLOB2_1819|Mazandaran;
Mazandaran;query;place|GLOB2_1819|Mazandaran;
Berau;query;place|GLOB2_1820|Berau;
Berroe;query;place|GLOB2_1820|Berau;
Hatoe;query;place|GLOB2_1821|Hatu;
Hatu;query;place|GLOB2_1821|Hatu;
Hittoelamme;query;place|GLOB2_1822|Hitulama;
Hittolamma;query;place|GLOB2_1822|Hitulama;
Hitulama;query;place|GLOB2_1822|Hitulama;
Sambilang Cotta;query;place|GLOB2_1823|Sembilan Koto;
Sembilan Kota;query;place|GLOB2_1823|Sembilan Koto;
Sembilan Koto;query;place|GLOB2_1823|Sembilan Koto;
Bejouw;query;place|GLOB2_1824|Bejouw;
Mabomba;query;place|GLOB2_1825|Mawomba;
Mawomba;query;place|GLOB2_1825|Mawomba;
Cabite;query;place|GLOB2_1826|Cavite;
Cavite;query;place|GLOB2_1826|Cavite;
Pulau Serua;query;place|GLOB2_1827|Pulau Serua;
Serouwa;query;place|GLOB2_1827|Pulau Serua;
Serouwe;query;place|GLOB2_1827|Pulau Serua;
Serua;query;place|GLOB2_1827|Pulau Serua;
Nova Sofala;query;place|GLOB2_1828|Sofala;
Sofala;query;place|GLOB2_1828|Sofala;
Soffala;query;place|GLOB2_1828|Sofala;
Gingeli;query;place|GLOB2_1829|Gingelly coast;
Gingelly coast;query;place|GLOB2_1829|Gingelly coast;
Sgongelou;query;place|GLOB2_1829|Gingelly coast;
Kapajang, Sungai;query;place|GLOB2_1830|Songy Capajang;
Kepahiang, Sungai;query;place|GLOB2_1830|Songy Capajang;
Songy Capajang;query;place|GLOB2_1830|Songy Capajang;
Songy Capayangh;query;place|GLOB2_1830|Songy Capajang;
Moronda;query;place|GLOB2_1831|Sungai Blencong;
Sungai Blencong;query;place|GLOB2_1831|Sungai Blencong;
de Maronda;query;place|GLOB2_1831|Sungai Blencong;
de Marunda;query;place|GLOB2_1831|Sungai Blencong;
Talingany;query;place|GLOB2_1832|Talingany;
Santiepoer;query;place|GLOB2_1833|Santipur;
Santipoer;query;place|GLOB2_1833|Santipur;
Santipur;query;place|GLOB2_1833|Santipur;
Kelurahan Pisang;query;place|GLOB2_1834|Kelurahan Pisang;
Piesang;query;place|GLOB2_1834|Kelurahan Pisang;
Pisang;query;place|GLOB2_1834|Kelurahan Pisang;
Lampong Poetie;query;place|GLOB2_1835|Putih;
Putih;query;place|GLOB2_1835|Putih;
Kets;query;place|GLOB2_1836|Kutch;
Kits;query;place|GLOB2_1836|Kutch;
Kutch;query;place|GLOB2_1836|Kutch;
Vellore;query;place|GLOB2_1837|Vellore;
Veloer;query;place|GLOB2_1837|Vellore;
Backouan;query;place|GLOB2_1838|Desa Negeri Pakuan;
Desa Negeri Pakuan;query;place|GLOB2_1838|Desa Negeri Pakuan;
Packouan;query;place|GLOB2_1838|Desa Negeri Pakuan;
Pakuan;query;place|GLOB2_1838|Desa Negeri Pakuan;
Swellendam;query;place|GLOB2_1839|Swellendam;
Calang;query;place|GLOB2_1840|Klang (Malaysia);
Calangh;query;place|GLOB2_1840|Klang (Malaysia);
Klang (Malaysia);query;place|GLOB2_1840|Klang (Malaysia);
Calang;query;place|GLOB2_1840_GEO_1|Sungai Kelang (Malaysia);
Calangh;query;place|GLOB2_1840_GEO_1|Sungai Kelang (Malaysia);
Klang River;query;place|GLOB2_1840_GEO_1|Sungai Kelang (Malaysia);
Sungai Kelang (Malaysia);query;place|GLOB2_1840_GEO_1|Sungai Kelang (Malaysia);
Calang;query;place|GLOB2_1840_HUM_1|Klang (Malaysia);
Calangh;query;place|GLOB2_1840_HUM_1|Klang (Malaysia);
Klang (Malaysia);query;place|GLOB2_1840_HUM_1|Klang (Malaysia);
Halar;query;place|GLOB2_1841|Halar;
Hallaar;query;place|GLOB2_1841|Halar;
Sampan;query;place|GLOB2_1842|Sampang;
Sampang;query;place|GLOB2_1842|Sampang;
Bantam Bovenlanden;query;place|GLOB2_1843|Bantamsche Bovenlanden;
Bantamsche Bovenlanden;query;place|GLOB2_1843|Bantamsche Bovenlanden;
Angola;query;place|GLOB2_1844|Angola;
Ragiabach;query;place|GLOB2_1845|Raybag;
Ragiebach;query;place|GLOB2_1845|Raybag;
Raibag;query;place|GLOB2_1845|Raybag;
Rajbag;query;place|GLOB2_1845|Raybag;
Rajbagh;query;place|GLOB2_1845|Raybag;
Raybag;query;place|GLOB2_1845|Raybag;
Marhoenij;query;place|GLOB2_1846|Marhoenij;
Marhuni;query;place|GLOB2_1846|Marhoenij;
Georgia;query;place|GLOB2_1847|Georgia;
Georgië;query;place|GLOB2_1847|Georgia;
Gorgestan;query;place|GLOB2_1847|Georgia;
Java's Noord Oostkust;query;place|GLOB2_1848|Java's Northeastern Coast;
Java's Noordoostkust;query;place|GLOB2_1848|Java's Northeastern Coast;
Java's Northeastern Coast;query;place|GLOB2_1848|Java's Northeastern Coast;
Si-Iding;query;place|GLOB2_1850|Sjending;
Siending;query;place|GLOB2_1850|Sjending;
Sijding;query;place|GLOB2_1850|Sjending;
Sijending;query;place|GLOB2_1850|Sjending;
Sinding;query;place|GLOB2_1850|Sjending;
Sjending;query;place|GLOB2_1850|Sjending;
Batavia Castle;query;place|GLOB2_1851|Batavia Castle;
Batavia, kasteel;query;place|GLOB2_1851|Batavia Castle;
Ajudhia;query;place|GLOB2_1852|Phra Nakhon Si Ayutthaya;
Ayuthia;query;place|GLOB2_1852|Phra Nakhon Si Ayutthaya;
Ayutthaya;query;place|GLOB2_1852|Phra Nakhon Si Ayutthaya;
Iudiad;query;place|GLOB2_1852|Phra Nakhon Si Ayutthaya;
Iudja;query;place|GLOB2_1852|Phra Nakhon Si Ayutthaya;
Jocdia;query;place|GLOB2_1852|Phra Nakhon Si Ayutthaya;
Judea;query;place|GLOB2_1852|Phra Nakhon Si Ayutthaya;
Judia;query;place|GLOB2_1852|Phra Nakhon Si Ayutthaya;
Judja;query;place|GLOB2_1852|Phra Nakhon Si Ayutthaya;
Phra Nakhon Si Ayutthaya;query;place|GLOB2_1852|Phra Nakhon Si Ayutthaya;
Tirumalarajanpatnam;query;place|GLOB2_1854|Tirumalarajanpatnam;
Trimilepatam;query;place|GLOB2_1854|Tirumalarajanpatnam;
Trimmelepatam;query;place|GLOB2_1854|Tirumalarajanpatnam;
Tiro;query;place|GLOB2_1855|Tiro;
Veere;query;place|GLOB2_1856|Veere;
Papekat;query;place|GLOB2_1857|Pekat;
Pekat;query;place|GLOB2_1857|Pekat;
Pekkat;query;place|GLOB2_1857|Pekat;
Rauwas;query;place|GLOB2_1858|Rawas;
Rawas;query;place|GLOB2_1858|Rawas;
Taboejang;query;place|GLOB2_1859|Tabuyung;
Taboeyangh;query;place|GLOB2_1859|Tabuyung;
Tabuyung;query;place|GLOB2_1859|Tabuyung;
Toboejong;query;place|GLOB2_1859|Tabuyung;
Lalapette;query;place|GLOB2_1860|Lalpettai;
Lallapette;query;place|GLOB2_1860|Lalpettai;
Lalpettai;query;place|GLOB2_1860|Lalpettai;
Crimata;query;place|GLOB2_1862|Karimata;
Karimata;query;place|GLOB2_1862|Karimata;
Crimata;query;place|GLOB2_1862_GEO_1|Kepulauan Karimata;
Karimata;query;place|GLOB2_1862_GEO_1|Kepulauan Karimata;
Kepulauan Karimata;query;place|GLOB2_1862_GEO_1|Kepulauan Karimata;
Crimata;query;place|GLOB2_1862_GEO_2|Pulau Karimata;
Karimata;query;place|GLOB2_1862_GEO_2|Pulau Karimata;
Pulau Karimata;query;place|GLOB2_1862_GEO_2|Pulau Karimata;
Voorburg, Punt;query;place|GLOB2_1863|Voorburg, post;
Voorburg, fort;query;place|GLOB2_1863|Voorburg, post;
Voorburg, post;query;place|GLOB2_1863|Voorburg, post;
fort Foorburg;query;place|GLOB2_1863|Voorburg, post;
fort Kotanaka;query;place|GLOB2_1863|Voorburg, post;
fort Santosa;query;place|GLOB2_1863|Voorburg, post;
fort Voorburg;query;place|GLOB2_1863|Voorburg, post;
fort Voorburgh;query;place|GLOB2_1863|Voorburg, post;
Balochistan;query;place|GLOB2_1864|Balochistan;
Baluchistan;query;place|GLOB2_1864|Balochistan;
Carras;query;place|GLOB2_1865|Pulau Karas;
Karas;query;place|GLOB2_1865|Pulau Karas;
Pulau Karas;query;place|GLOB2_1865|Pulau Karas;
Walajapet;query;place|GLOB2_1866|Walajapet;
Walajepette;query;place|GLOB2_1866|Walajapet;
Caligawe;query;place|GLOB2_1867|Kali Gawe;
Calligawe;query;place|GLOB2_1867|Kali Gawe;
Kali Gawe;query;place|GLOB2_1867|Kali Gawe;
Kaligawa;query;place|GLOB2_1867|Kali Gawe;
Fort Hollandia (Banda);query;place|GLOB2_1868|Fort Hollandia (Banda);
Hollandia, Kasteel (Lonthoir);query;place|GLOB2_1868|Fort Hollandia (Banda);
fort Hollandia;query;place|GLOB2_1868|Fort Hollandia (Banda);
Beuytenzorg;query;place|GLOB2_1869|Bogor;
Bogor;query;place|GLOB2_1869|Bogor;
Buijtensorg;query;place|GLOB2_1869|Bogor;
Buitenzorg;query;place|GLOB2_1869|Bogor;
Buytenzorg;query;place|GLOB2_1869|Bogor;
Quelimana;query;place|GLOB2_1870|Quelimane (settlement);
Quelimane;query;place|GLOB2_1870|Quelimane (settlement);
Quelimane (settlement);query;place|GLOB2_1870|Quelimane (settlement);
Quelimanie;query;place|GLOB2_1870|Quelimane (settlement);
Decca;query;place|GLOB2_1872|Dengka (nusak);
Dengka;query;place|GLOB2_1872|Dengka (nusak);
Dengka (nusak);query;place|GLOB2_1872|Dengka (nusak);
Nonialy;query;place|GLOB2_1873|Nuniali;
Nuniali;query;place|GLOB2_1873|Nuniali;
Graaf Rynet;query;place|GLOB2_1874|Graaff Reinet;
Graaff Reinet;query;place|GLOB2_1874|Graaff Reinet;
Graaff-Reinet;query;place|GLOB2_1874|Graaff Reinet;
Oudagins;query;place|GLOB2_1875|Oudagins;
Udagins;query;place|GLOB2_1875|Oudagins;
Malmesbury;query;place|GLOB2_1876|Swartland;
Swartland;query;place|GLOB2_1876|Swartland;
Zwartland;query;place|GLOB2_1876|Swartland;
het Swartland;query;place|GLOB2_1876|Swartland;
het Zwart-Land;query;place|GLOB2_1876|Swartland;
Aurewaka;query;place|GLOB2_1877|Aurewake;
Aurewake;query;place|GLOB2_1877|Aurewake;
Auriewake;query;place|GLOB2_1877|Aurewake;
Auriwake;query;place|GLOB2_1877|Aurewake;
Cais;query;place|GLOB2_1878|Kayts;
Caits;query;place|GLOB2_1878|Kayts;
Cayts;query;place|GLOB2_1878|Kayts;
Kayts;query;place|GLOB2_1878|Kayts;
Coringa;query;place|GLOB2_1880|Coringa;
Coringe;query;place|GLOB2_1880|Coringa;
Batoe;query;place|GLOB2_1881|Kepulauan Batu;
Batu-eilanden;query;place|GLOB2_1881|Kepulauan Batu;
Kepulauan Batu;query;place|GLOB2_1881|Kepulauan Batu;
Oostenburg;query;place|GLOB2_1883|Oostenburg;
Ostenburg;query;place|GLOB2_1883|Oostenburg;
fort Oostenburg;query;place|GLOB2_1883|Oostenburg;
fort Oostenburgh;query;place|GLOB2_1883|Oostenburg;
Malwa;query;place|GLOB2_1885|Malwa;
Soccawajana;query;place|GLOB2_1886|Sukawayana;
Sukawajana;query;place|GLOB2_1886|Sukawayana;
Sukawayana;query;place|GLOB2_1886|Sukawayana;
St. Vincent;query;place|GLOB2_1887|São Vicente;
São Vicente;query;place|GLOB2_1887|São Vicente;
Ladronen;query;place|GLOB2_1888|Mariana Islands;
Ladrones;query;place|GLOB2_1888|Mariana Islands;
Ladronse eylanden;query;place|GLOB2_1888|Mariana Islands;
Mariana Islands;query;place|GLOB2_1888|Mariana Islands;
Laccaer;query;place|GLOB2_1889|Pulau Lakor;
Lakor;query;place|GLOB2_1889|Pulau Lakor;
Pulau Lakor;query;place|GLOB2_1889|Pulau Lakor;
Bazar Mirzapur;query;place|GLOB2_1891|Bazar Mirzapur;
Mirzapore;query;place|GLOB2_1891|Bazar Mirzapur;
Mirzapur;query;place|GLOB2_1891|Bazar Mirzapur;
Tobelo;query;place|GLOB2_1892|Tobelo;
Tubella;query;place|GLOB2_1892|Tobelo;
Paarl;query;place|GLOB2_1893|Paarl;
de Paarl;query;place|GLOB2_1893|Paarl;
Bancallang;query;place|GLOB2_1894|Bangkalan;
Bangkalan;query;place|GLOB2_1894|Bangkalan;
Bancallang;query;place|GLOB2_1894_HUM_1|Bangkalan;
Bangkalan;query;place|GLOB2_1894_HUM_1|Bangkalan;
Bangkalan, fort;query;place|GLOB2_1894_HUM_2|Bangkalan, fort;
fort Bancalang;query;place|GLOB2_1894_HUM_2|Bangkalan, fort;
fort Bancallang;query;place|GLOB2_1894_HUM_2|Bangkalan, fort;
fort Bancalling;query;place|GLOB2_1894_HUM_2|Bangkalan, fort;
fort Bangkalan;query;place|GLOB2_1894_HUM_2|Bangkalan, fort;
fort Erfprins;query;place|GLOB2_1894_HUM_2|Bangkalan, fort;
Banjoewangie;query;place|GLOB2_1895|Banyuwangi;
Banyuwangi;query;place|GLOB2_1895|Banyuwangi;
Baviaan;query;place|GLOB2_1896|Bawean Island;
Baviaan eiland;query;place|GLOB2_1896|Bawean Island;
Bavian;query;place|GLOB2_1896|Bawean Island;
Bawean;query;place|GLOB2_1896|Bawean Island;
Bawean Island;query;place|GLOB2_1896|Bawean Island;
Lubok;query;place|GLOB2_1896|Bawean Island;
Boejalalie;query;place|GLOB2_1897|Boyolali;
Boejolalie;query;place|GLOB2_1897|Boyolali;
Bojolale;query;place|GLOB2_1897|Boyolali;
Bojolalie;query;place|GLOB2_1897|Boyolali;
Boujolalie;query;place|GLOB2_1897|Boyolali;
Boyolali;query;place|GLOB2_1897|Boyolali;
De Passen;query;place|GLOB2_1898|De Passen;
Jaffenapatnamse passen;query;place|GLOB2_1898|De Passen;
Jaffenasche passen;query;place|GLOB2_1898|De Passen;
Jaffenase passen;query;place|GLOB2_1898|De Passen;
Amahoesoe;query;place|GLOB2_1899|Amahusu;
Amahusu;query;place|GLOB2_1899|Amahusu;
Cagayan;query;place|GLOB2_1900|Cagayan;
Cagayen;query;place|GLOB2_1900|Cagayan;
Cagiaen;query;place|GLOB2_1900|Cagayan;
Gajaan;query;place|GLOB2_1900|Cagayan;
Bone;query;place|GLOB2_1901|Bone;
Bonee;query;place|GLOB2_1901|Bone;
Boni;query;place|GLOB2_1901|Bone;
Bonij;query;place|GLOB2_1901|Bone;
Bono;query;place|GLOB2_1901|Bone;
Bony;query;place|GLOB2_1901|Bone;
Tjinrana Boni;query;place|GLOB2_1901|Bone;
Lease Islands;query;place|GLOB2_1902|Lease Islands;
Uleasser;query;place|GLOB2_1902|Lease Islands;
Uliassers;query;place|GLOB2_1902|Lease Islands;
Ilha de Santiago;query;place|GLOB2_1903|Ilha de Santiago;
St. Jago;query;place|GLOB2_1903|Ilha de Santiago;
Faifo;query;place|GLOB2_1904|Hội An;
Faijfos;query;place|GLOB2_1904|Hội An;
Fayfol;query;place|GLOB2_1904|Hội An;
Haifo;query;place|GLOB2_1904|Hội An;
Hoi An;query;place|GLOB2_1904|Hội An;
Hội An;query;place|GLOB2_1904|Hội An;
Phaijpho;query;place|GLOB2_1904|Hội An;
Phayphu;query;place|GLOB2_1904|Hội An;
Pheypho;query;place|GLOB2_1904|Hội An;
Baaij Thoron;query;place|GLOB2_1905|Vịnh Đà Nẵng;
Bay of Tourane;query;place|GLOB2_1905|Vịnh Đà Nẵng;
Vịnh Đà Nẵng;query;place|GLOB2_1905|Vịnh Đà Nẵng;
Desa Tobo;query;place|GLOB2_1906|Desa Tobo;
Tobbe;query;place|GLOB2_1906|Desa Tobo;
Tobo;query;place|GLOB2_1906|Desa Tobo;
Luhartuban;query;place|GLOB2_1907|Luhartuban;
Tuban;query;place|GLOB2_1907|Luhartuban;
Fort Wilhelmus (Damar);query;place|GLOB2_1908|Fort Wilhelmus (Damar);
Wilhelmus, Fort;query;place|GLOB2_1908|Fort Wilhelmus (Damar);
Zeeburg;query;place|GLOB2_1909|Zeeburg (Colombo);
Zeeburg (Colombo);query;place|GLOB2_1909|Zeeburg (Colombo);
Zeeborg, fort (Quilon);query;place|GLOB2_1910|Zeeborg, fort (Quilon);
Zeeburg;query;place|GLOB2_1910|Zeeborg, fort (Quilon);
fort Zeeborg;query;place|GLOB2_1910|Zeeborg, fort (Quilon);
Seeborgh;query;place|GLOB2_1911|Zeeburg, bulwark (Batavia);
Zeeborch;query;place|GLOB2_1911|Zeeburg, bulwark (Batavia);
Zeeburg, Bolwerk;query;place|GLOB2_1911|Zeeburg, bulwark (Batavia);
Zeeburg, Punt;query;place|GLOB2_1911|Zeeburg, bulwark (Batavia);
Zeeburg, Redoute;query;place|GLOB2_1911|Zeeburg, bulwark (Batavia);
Zeeburg, bulwark (Batavia);query;place|GLOB2_1911|Zeeburg, bulwark (Batavia);
Zeeburgh;query;place|GLOB2_1911|Zeeburg, bulwark (Batavia);
Middelburg;query;place|GLOB2_1912|Middelburg (Netherlands);
Middelburg (Netherlands);query;place|GLOB2_1912|Middelburg (Netherlands);
Middelburgh;query;place|GLOB2_1912|Middelburg (Netherlands);
Middelburg, Redoute;query;place|GLOB2_1913|Middelburg, fort (Ambon);
Middelburg, fort;query;place|GLOB2_1913|Middelburg, fort (Ambon);
Middelburg, fort (Ambon);query;place|GLOB2_1913|Middelburg, fort (Ambon);
fort Middelburg;query;place|GLOB2_1913|Middelburg, fort (Ambon);
fort Paso;query;place|GLOB2_1913|Middelburg, fort (Ambon);
fort Passo;query;place|GLOB2_1913|Middelburg, fort (Ambon);
Batavia;query;place|GLOB2_894|Jakarta;
Battavia;query;place|GLOB2_894|Jakarta;
Batvia;query;place|GLOB2_894|Jakarta;
Jakarta;query;place|GLOB2_894|Jakarta;
China;query;place|GLOB2_895|China;
Europ;query;place|GLOB2_896|Europe;
Europa;query;place|GLOB2_896|Europe;
Europe;query;place|GLOB2_896|Europe;
Malacca;query;place|GLOB2_897|Malacca;
Malacka;query;place|GLOB2_897|Malacca;
Malakka;query;place|GLOB2_897|Malacca;
Mallacca;query;place|GLOB2_897|Malacca;
Mallakka;query;place|GLOB2_897|Malacca;
Melaca;query;place|GLOB2_897|Malacca;
Melacca;query;place|GLOB2_897|Malacca;
Melaka;query;place|GLOB2_897|Malacca;
Melakka;query;place|GLOB2_897|Malacca;
Kingdom of Portugal;query;place|GLOB2_898|Kingdom of Portugal;
Portugal;query;place|GLOB2_898|Kingdom of Portugal;
Bantam;query;place|GLOB2_899|Banten;
Bantan;query;place|GLOB2_899|Banten;
Banten;query;place|GLOB2_899|Banten;
Bantham;query;place|GLOB2_899|Banten;
Soeroesowan;query;place|GLOB2_899|Banten;
Sourousouangh;query;place|GLOB2_899|Banten;
Ternaaten;query;place|GLOB2_900|Ternate;
Ternate;query;place|GLOB2_900|Ternate;
Ternaten;query;place|GLOB2_900|Ternate;
Ternaaten;query;place|GLOB2_900_GEO_1|Ternate Island;
Ternate;query;place|GLOB2_900_GEO_1|Ternate Island;
Ternate Island;query;place|GLOB2_900_GEO_1|Ternate Island;
Ternaten;query;place|GLOB2_900_GEO_1|Ternate Island;
Ternaaten;query;place|GLOB2_900_HUM_1|Ternate (city);
Ternate (city);query;place|GLOB2_900_HUM_1|Ternate (city);
Ternaten;query;place|GLOB2_900_HUM_1|Ternate (city);
France;query;place|GLOB2_901|France;
Franckrijck;query;place|GLOB2_901|France;
Frankrijk;query;place|GLOB2_901|France;
Vranckrijck;query;place|GLOB2_901|France;
Vrankrijk;query;place|GLOB2_901|France;
Palembang;query;place|GLOB2_902|Palembang;
Palembangh;query;place|GLOB2_902|Palembang;
Palimbang;query;place|GLOB2_902|Palembang;
Palimbangh;query;place|GLOB2_902|Palembang;
Pallembang;query;place|GLOB2_902|Palembang;
Asia;query;place|GLOB2_903|Asia;
Azië;query;place|GLOB2_903|Asia;
Padang;query;place|GLOB2_905|Padang;
Padangh;query;place|GLOB2_905|Padang;
Paddangh;query;place|GLOB2_905|Padang;
Biema;query;place|GLOB2_907|Bima;
Bima;query;place|GLOB2_907|Bima;
Iapara;query;place|GLOB2_910|Jepara;
Iapare;query;place|GLOB2_910|Jepara;
Japara;query;place|GLOB2_910|Jepara;
Japare;query;place|GLOB2_910|Jepara;
Japaren;query;place|GLOB2_910|Jepara;
Jappare;query;place|GLOB2_910|Jepara;
Jepara;query;place|GLOB2_910|Jepara;
Denemarken;query;place|GLOB2_911|Denmark;
Denmark;query;place|GLOB2_911|Denmark;
Baton;query;place|GLOB2_914|Pulau Buton;
Boethon;query;place|GLOB2_914|Pulau Buton;
Boeton;query;place|GLOB2_914|Pulau Buton;
Botton;query;place|GLOB2_914|Pulau Buton;
Bouthon;query;place|GLOB2_914|Pulau Buton;
Bouton;query;place|GLOB2_914|Pulau Buton;
Boutton;query;place|GLOB2_914|Pulau Buton;
Buthon;query;place|GLOB2_914|Pulau Buton;
Buton;query;place|GLOB2_914|Pulau Buton;
Pulau Buton;query;place|GLOB2_914|Pulau Buton;
Onrus;query;place|GLOB2_921|Pulau Onrust;
Onrust;query;place|GLOB2_921|Pulau Onrust;
Pulau Kapal;query;place|GLOB2_921|Pulau Onrust;
Pulau Onrust;query;place|GLOB2_921|Pulau Onrust;
Baros;query;place|GLOB2_923|Barus;
Barras;query;place|GLOB2_923|Barus;
Barus;query;place|GLOB2_923|Barus;
Buros;query;place|GLOB2_923|Barus;
Bali;query;place|GLOB2_925|Bali;
Balij;query;place|GLOB2_925|Bali;
Baly;query;place|GLOB2_925|Bali;
Ligoor;query;place|GLOB2_926|Nakhon Si Thammarat;
Ligor;query;place|GLOB2_926|Nakhon Si Thammarat;
Nakhon Si Thammarat;query;place|GLOB2_926|Nakhon Si Thammarat;
Vengurla;query;place|GLOB2_930|Vengurla (town);
Vengurla (town);query;place|GLOB2_930|Vengurla (town);
Wingerla;query;place|GLOB2_930|Vengurla (town);
Wingurla;query;place|GLOB2_930|Vengurla (town);
Arabia;query;place|GLOB2_932|Arabia;
Arabië;query;place|GLOB2_932|Arabia;
Bago;query;place|GLOB2_933|Bago;
Pegoe;query;place|GLOB2_933|Bago;
Pegu;query;place|GLOB2_933|Bago;
Kartasoera;query;place|GLOB2_935|Kartasura;
Kartasura;query;place|GLOB2_935|Kartasura;
Rambang;query;place|GLOB2_936|Rembang;
Rambangh;query;place|GLOB2_936|Rembang;
Rembang;query;place|GLOB2_936|Rembang;
Rembangh;query;place|GLOB2_936|Rembang;
Rimbang;query;place|GLOB2_936|Rembang;
Rimbangh;query;place|GLOB2_936|Rembang;
Aemsteldam;query;place|GLOB2_937|Amsterdam;
Aemstelredam;query;place|GLOB2_937|Amsterdam;
Aemsterdam;query;place|GLOB2_937|Amsterdam;
Amsteldam;query;place|GLOB2_937|Amsterdam;
Amstelredam;query;place|GLOB2_937|Amsterdam;
Amsterdam;query;place|GLOB2_937|Amsterdam;
Amsterdam (Nederland);query;place|GLOB2_937|Amsterdam;
Aracan;query;place|GLOB2_938|Arakan;
Araccan;query;place|GLOB2_938|Arakan;
Arackan;query;place|GLOB2_938|Arakan;
Arakan;query;place|GLOB2_938|Arakan;
Arakkan;query;place|GLOB2_938|Arakan;
Arracan;query;place|GLOB2_938|Arakan;
Arraccan;query;place|GLOB2_938|Arakan;
Mrauk U;query;place|GLOB2_938|Arakan;
Mrohaung;query;place|GLOB2_938|Arakan;
Aracan;query;place|GLOB2_938_HUM_1|Arakan (kingdom);
Araccan;query;place|GLOB2_938_HUM_1|Arakan (kingdom);
Arackan;query;place|GLOB2_938_HUM_1|Arakan (kingdom);
Arakan;query;place|GLOB2_938_HUM_1|Arakan (kingdom);
Arakan (kingdom);query;place|GLOB2_938_HUM_1|Arakan (kingdom);
Arakkan;query;place|GLOB2_938_HUM_1|Arakan (kingdom);
Arracan;query;place|GLOB2_938_HUM_1|Arakan (kingdom);
Arraccan;query;place|GLOB2_938_HUM_1|Arakan (kingdom);
Mrauk U;query;place|GLOB2_938_HUM_1|Arakan (kingdom);
Mrohaung;query;place|GLOB2_938_HUM_1|Arakan (kingdom);
Aracan;query;place|GLOB2_938_HUM_2|Mrauk U (city);
Araccan;query;place|GLOB2_938_HUM_2|Mrauk U (city);
Arackan;query;place|GLOB2_938_HUM_2|Mrauk U (city);
Arakan;query;place|GLOB2_938_HUM_2|Mrauk U (city);
Arakkan;query;place|GLOB2_938_HUM_2|Mrauk U (city);
Arracan;query;place|GLOB2_938_HUM_2|Mrauk U (city);
Arraccan;query;place|GLOB2_938_HUM_2|Mrauk U (city);
Mrauk U;query;place|GLOB2_938_HUM_2|Mrauk U (city);
Mrauk U (city);query;place|GLOB2_938_HUM_2|Mrauk U (city);
Mrohaung;query;place|GLOB2_938_HUM_2|Mrauk U (city);
Parangipettai;query;place|GLOB2_942|Parangipettai;
Porto Novo;query;place|GLOB2_942|Parangipettai;
Portonovo;query;place|GLOB2_942|Parangipettai;
Pulau Sumbawa;query;place|GLOB2_944|Pulau Sumbawa;
Sambouwa;query;place|GLOB2_944|Pulau Sumbawa;
Soembawa;query;place|GLOB2_944|Pulau Sumbawa;
Sumbauwa;query;place|GLOB2_944|Pulau Sumbawa;
Sumbawa;query;place|GLOB2_944|Pulau Sumbawa;
Sunbawa;query;place|GLOB2_944|Pulau Sumbawa;
Zumbouwa;query;place|GLOB2_944|Pulau Sumbawa;
Lawayang;query;place|GLOB2_946|Pulau Solor;
Pulau Solor;query;place|GLOB2_946|Pulau Solor;
Soloor;query;place|GLOB2_946|Pulau Solor;
Solor;query;place|GLOB2_946|Pulau Solor;
Zolor;query;place|GLOB2_946|Pulau Solor;
Soumatra;query;place|GLOB2_947|Sumatra;
Sumatra;query;place|GLOB2_947|Sumatra;
Indapoura;query;place|GLOB2_949|Indrapura;
Indrapoera;query;place|GLOB2_949|Indrapura;
Indrapoura;query;place|GLOB2_949|Indrapura;
Indrapura;query;place|GLOB2_949|Indrapura;
Borneo;query;place|GLOB2_950|Borneo;
Hitu;query;place|GLOB2_952|Semenanjung Hitu;
Semenanjung Hitu;query;place|GLOB2_952|Semenanjung Hitu;
Gorontale;query;place|GLOB2_954|Gorontalo;
Gorontalle;query;place|GLOB2_954|Gorontalo;
Gorontalo;query;place|GLOB2_954|Gorontalo;
Gorrontale;query;place|GLOB2_954|Gorontalo;
Mindanao;query;place|GLOB2_955|Mindanao;
Middelburg;query;place|GLOB2_961|Middelburg (South Africa);
Middelburg (South Africa);query;place|GLOB2_961|Middelburg (South Africa);
Maros;query;place|GLOB2_964|Maros;
Marous;query;place|GLOB2_964|Maros;
Golconda;query;place|GLOB2_965|Golconda;
Golkonda;query;place|GLOB2_965|Golconda;
Cehleyer;query;place|GLOB2_967|Selayar Island;
Cheleyer;query;place|GLOB2_967|Selayar Island;
Salayar;query;place|GLOB2_967|Selayar Island;
Salayer;query;place|GLOB2_967|Selayar Island;
Saleyer;query;place|GLOB2_967|Selayar Island;
Salijer;query;place|GLOB2_967|Selayar Island;
Salyer;query;place|GLOB2_967|Selayar Island;
Selayar;query;place|GLOB2_967|Selayar Island;
Selayar Island;query;place|GLOB2_967|Selayar Island;
Zaleaijer;query;place|GLOB2_967|Selayar Island;
Zaleijer;query;place|GLOB2_967|Selayar Island;
Zaleyer;query;place|GLOB2_967|Selayar Island;
Zalijer;query;place|GLOB2_967|Selayar Island;
Zalyer;query;place|GLOB2_967|Selayar Island;
Armenia;query;place|GLOB2_969|Armenia;
Armenië;query;place|GLOB2_969|Armenia;
Mexico;query;place|GLOB2_972|Mexico;
Kerman;query;place|GLOB2_973|Kerman;
Kirman;query;place|GLOB2_973|Kerman;
Kerman Province;query;place|GLOB2_973_HUM_1|Kerman Province;
Kirman;query;place|GLOB2_973_HUM_1|Kerman Province;
Kerman;query;place|GLOB2_973_HUM_2|Kerman;
Kirman;query;place|GLOB2_973_HUM_2|Kerman;
Manipa;query;place|GLOB2_975|Pulau Manipa;
Pulau Manipa;query;place|GLOB2_975|Pulau Manipa;
Ottoman Empire;query;place|GLOB2_985|Ottoman Empire;
Turkije;query;place|GLOB2_985|Ottoman Empire;
Daatcheron;query;place|GLOB2_987|Drākshārāma;
Datcheron;query;place|GLOB2_987|Drākshārāma;
Draksharam;query;place|GLOB2_987|Drākshārāma;
Draksharama;query;place|GLOB2_987|Drākshārāma;
Drākshārāma;query;place|GLOB2_987|Drākshārāma;
Daatcheron;query;place|GLOB2_987_HUM_1|Drākshārāma;
Datcheron;query;place|GLOB2_987_HUM_1|Drākshārāma;
Draksharam;query;place|GLOB2_987_HUM_1|Drākshārāma;
Draksharama;query;place|GLOB2_987_HUM_1|Drākshārāma;
Drākshārāma;query;place|GLOB2_987_HUM_1|Drākshārāma;
Daatcheron;query;place|GLOB2_987_HUM_2|Drākshārāma;
Datcheron;query;place|GLOB2_987_HUM_2|Drākshārāma;
Draksharam;query;place|GLOB2_987_HUM_2|Drākshārāma;
Draksharama;query;place|GLOB2_987_HUM_2|Drākshārāma;
Drākshārāma;query;place|GLOB2_987_HUM_2|Drākshārāma;
Keffing;query;place|GLOB2_989|Pulau Seram Rei;
Kessing;query;place|GLOB2_989|Pulau Seram Rei;
Pulau Keffing;query;place|GLOB2_989|Pulau Seram Rei;
Pulau Seram Rei;query;place|GLOB2_989|Pulau Seram Rei;
Loehoe;query;place|GLOB2_990|Luhu;
Luhoe;query;place|GLOB2_990|Luhu;
Luhu;query;place|GLOB2_990|Luhu;
Pulau Hatta;query;place|GLOB2_995|Pulau Hatta;
Rosagain;query;place|GLOB2_995|Pulau Hatta;
Rosegijn;query;place|GLOB2_995|Pulau Hatta;
Rosengain;query;place|GLOB2_995|Pulau Hatta;
Rosengayn;query;place|GLOB2_995|Pulau Hatta;
Rosingain;query;place|GLOB2_995|Pulau Hatta;
Rosingheijn;query;place|GLOB2_995|Pulau Hatta;
Rosingijn;query;place|GLOB2_995|Pulau Hatta;
Rossegijn;query;place|GLOB2_995|Pulau Hatta;
Rozengain;query;place|GLOB2_995|Pulau Hatta;
Bantaeng;query;place|GLOB2_998|Bantaeng;
Bonchain;query;place|GLOB2_998|Bantaeng;
Bonteyn;query;place|GLOB2_998|Bantaeng;
Bonthain;query;place|GLOB2_998|Bantaeng;
Aroesche Eilanden;query;place|GLOB2_E_1|Aru Islands;
Aru Islands;query;place|GLOB2_E_1|Aru Islands;
Kingdom of Spain;query;place|GLOB2_E_10|Kingdom of Spain;
Spanje;query;place|GLOB2_E_10|Kingdom of Spain;
Caijtotomaire;query;place|GLOB2_E_100|Karadomari;
Karadomari;query;place|GLOB2_E_100|Karadomari;
唐泊;query;place|GLOB2_E_100|Karadomari;
Crats;query;place|GLOB2_E_101|Karatsu;
Karats;query;place|GLOB2_E_101|Karatsu;
Karatsu;query;place|GLOB2_E_101|Karatsu;
Krats;query;place|GLOB2_E_101|Karatsu;
唐津;query;place|GLOB2_E_101|Karatsu;
Carota;query;place|GLOB2_E_102|Karōto-shima;
Caroto;query;place|GLOB2_E_102|Karōto-shima;
Karōdo;query;place|GLOB2_E_102|Karōto-shima;
Karōto-shima;query;place|GLOB2_E_102|Karōto-shima;
鹿老度;query;place|GLOB2_E_102|Karōto-shima;
Catawira;query;place|GLOB2_E_103|Katabira;
Katabira;query;place|GLOB2_E_103|Katabira;
帷子;query;place|GLOB2_E_103|Katabira;
Catche;query;place|GLOB2_E_104|Kawachi-wan;
Coetchie;query;place|GLOB2_E_104|Kawachi-wan;
Coetchij;query;place|GLOB2_E_104|Kawachi-wan;
Coetey;query;place|GLOB2_E_104|Kawachi-wan;
Coutche;query;place|GLOB2_E_104|Kawachi-wan;
Coutchie;query;place|GLOB2_E_104|Kawachi-wan;
Kawachi-ura;query;place|GLOB2_E_104|Kawachi-wan;
Kawachi-wan;query;place|GLOB2_E_104|Kawachi-wan;
河内浦;query;place|GLOB2_E_104|Kawachi-wan;
Cauwasackij;query;place|GLOB2_E_105|Kawasaki;
Cauwazacki;query;place|GLOB2_E_105|Kawasaki;
Cawasacki;query;place|GLOB2_E_105|Kawasaki;
Kawasaki;query;place|GLOB2_E_105|Kawasaki;
川崎;query;place|GLOB2_E_105|Kawasaki;
Kibachi;query;place|GLOB2_E_106|Kibachi;
Kibats;query;place|GLOB2_E_106|Kibachi;
Kingatsie;query;place|GLOB2_E_106|Kibachi;
木鉢;query;place|GLOB2_E_106|Kibachi;
Hikitsu Wan;query;place|GLOB2_E_107|Hikitsu Wan;
Kis;query;place|GLOB2_E_107|Hikitsu Wan;
Kishi;query;place|GLOB2_E_107|Hikitsu Wan;
岐志;query;place|GLOB2_E_107|Hikitsu Wan;
Koe;query;place|GLOB2_E_108|Koe;
小江;query;place|GLOB2_E_108|Koe;
Cocora;query;place|GLOB2_E_109|Kokura;
Cocoura;query;place|GLOB2_E_109|Kokura;
Cocra;query;place|GLOB2_E_109|Kokura;
Cocsoera;query;place|GLOB2_E_109|Kokura;
Cokera;query;place|GLOB2_E_109|Kokura;
Kokora;query;place|GLOB2_E_109|Kokura;
Kokura;query;place|GLOB2_E_109|Kokura;
小倉;query;place|GLOB2_E_109|Kokura;
Old Swiss Confederacy;query;place|GLOB2_E_11|Old Swiss Confederacy;
Zwitserland;query;place|GLOB2_E_11|Old Swiss Confederacy;
Coanossi;query;place|GLOB2_E_110|Koyanose;
Cojanossij;query;place|GLOB2_E_110|Koyanose;
Koyanose;query;place|GLOB2_E_110|Koyanose;
Quinossi;query;place|GLOB2_E_110|Koyanose;
木屋瀬;query;place|GLOB2_E_110|Koyanose;
Cosacq;query;place|GLOB2_E_111|Kōzaki;
Kōzaki;query;place|GLOB2_E_111|Kōzaki;
神崎;query;place|GLOB2_E_111|Kōzaki;
Crosacki;query;place|GLOB2_E_112|Kurosaki;
Crosackij;query;place|GLOB2_E_112|Kurosaki;
Kerosacki;query;place|GLOB2_E_112|Kurosaki;
Kfrosacki;query;place|GLOB2_E_112|Kurosaki;
Kurosaki;query;place|GLOB2_E_112|Kurosaki;
黒崎;query;place|GLOB2_E_112|Kurosaki;
Croksima;query;place|GLOB2_E_113|Kuro Shima;
Crossima;query;place|GLOB2_E_113|Kuro Shima;
Kroksuma;query;place|GLOB2_E_113|Kuro Shima;
Kuro Shima;query;place|GLOB2_E_113|Kuro Shima;
Kuroshima;query;place|GLOB2_E_113|Kuro Shima;
黒島;query;place|GLOB2_E_113|Kuro Shima;
Coesats;query;place|GLOB2_E_114|Kusatsu;
Coezats;query;place|GLOB2_E_114|Kusatsu;
Cousats;query;place|GLOB2_E_114|Kusatsu;
Cusats;query;place|GLOB2_E_114|Kusatsu;
Kusatsu;query;place|GLOB2_E_114|Kusatsu;
草津;query;place|GLOB2_E_114|Kusatsu;
Kuwana;query;place|GLOB2_E_115|Kuwana;
Quano;query;place|GLOB2_E_115|Kuwana;
桑名;query;place|GLOB2_E_115|Kuwana;
Kiotomarij;query;place|GLOB2_E_116|Kyōdomari;
Kyōdomari;query;place|GLOB2_E_116|Kyōdomari;
京泊;query;place|GLOB2_E_116|Kyōdomari;
Kionosoro;query;place|GLOB2_E_117|Kyōnojōrō Shima;
Kyōjōrō;query;place|GLOB2_E_117|Kyōnojōrō Shima;
Kyōnojōrō Shima;query;place|GLOB2_E_117|Kyōnojōrō Shima;
京上﨟;query;place|GLOB2_E_117|Kyōnojōrō Shima;
Maijsacka;query;place|GLOB2_E_119|Maisaka;
Maijsackij;query;place|GLOB2_E_119|Maisaka;
Maisaka;query;place|GLOB2_E_119|Maisaka;
Meisacca;query;place|GLOB2_E_119|Maisaka;
Miasacki;query;place|GLOB2_E_119|Maisaka;
舞坂;query;place|GLOB2_E_119|Maisaka;
Pulau-pulau Tambelan;query;place|GLOB2_E_12|Pulau-pulau Tambelan;
Timbolan;query;place|GLOB2_E_12|Pulau-pulau Tambelan;
Maribo;query;place|GLOB2_E_120|Mariko;
Marico;query;place|GLOB2_E_120|Mariko;
Mariko;query;place|GLOB2_E_120|Mariko;
丸子;query;place|GLOB2_E_120|Mariko;
Mariamme;query;place|GLOB2_E_121|Maruyama;
Maruyama;query;place|GLOB2_E_121|Maruyama;
丸山;query;place|GLOB2_E_121|Maruyama;
Me Shima;query;place|GLOB2_E_123|Me Shima;
Meaxima;query;place|GLOB2_E_123|Me Shima;
Meshima;query;place|GLOB2_E_123|Me Shima;
女島;query;place|GLOB2_E_123|Me Shima;
Micourasa;query;place|GLOB2_E_124|Mikuriya;
Mikuriya;query;place|GLOB2_E_124|Mikuriya;
御厨;query;place|GLOB2_E_124|Mikuriya;
Minacoets;query;place|GLOB2_E_125|Minakuchi;
Minacus;query;place|GLOB2_E_125|Minakuchi;
Minakuchi;query;place|GLOB2_E_125|Minakuchi;
Minakuts;query;place|GLOB2_E_125|Minakuchi;
水口;query;place|GLOB2_E_125|Minakuchi;
Massina;query;place|GLOB2_E_126|Mishima;
Mijssima;query;place|GLOB2_E_126|Mishima;
Mishima;query;place|GLOB2_E_126|Mishima;
Misima;query;place|GLOB2_E_126|Mishima;
Missima;query;place|GLOB2_E_126|Mishima;
三島;query;place|GLOB2_E_126|Mishima;
Mitacheri;query;place|GLOB2_E_127|Mitarai;
Mitarai;query;place|GLOB2_E_127|Mitarai;
御手洗;query;place|GLOB2_E_127|Mitarai;
Mitske;query;place|GLOB2_E_128|Mitsuke;
Mitsuke;query;place|GLOB2_E_128|Mitsuke;
Mitzki;query;place|GLOB2_E_128|Mitsuke;
見附;query;place|GLOB2_E_128|Mitsuke;
Mia;query;place|GLOB2_E_129|Miya;
Miya;query;place|GLOB2_E_129|Miya;
宮;query;place|GLOB2_E_129|Miya;
Tarraquangh;query;place|GLOB2_E_13|Tarraquangh;
Terroquan;query;place|GLOB2_E_13|Tarraquangh;
Mianosimi;query;place|GLOB2_E_130|Miyanosu;
Mianosou;query;place|GLOB2_E_130|Miyanosu;
Miyanosu;query;place|GLOB2_E_130|Miyanosu;
宮ノ洲;query;place|GLOB2_E_130|Miyanosu;
Misutsima;query;place|GLOB2_E_131|Mizushima;
Mizushima;query;place|GLOB2_E_131|Mizushima;
水島;query;place|GLOB2_E_131|Mizushima;
Mogi;query;place|GLOB2_E_132|Mogi;
Mongi;query;place|GLOB2_E_132|Mogi;
Moongi;query;place|GLOB2_E_132|Mogi;
茂木;query;place|GLOB2_E_132|Mogi;
Moerijngoets;query;place|GLOB2_E_133|Moriguchi;
Moriguchi;query;place|GLOB2_E_133|Moriguchi;
守口;query;place|GLOB2_E_133|Moriguchi;
Motoyama;query;place|GLOB2_E_134|Motoyama Misaki;
Motoyama Misaki;query;place|GLOB2_E_134|Motoyama Misaki;
Mottojamma;query;place|GLOB2_E_134|Motoyama Misaki;
本山;query;place|GLOB2_E_134|Motoyama Misaki;
Moecko;query;place|GLOB2_E_135|Mukō Shima;
Moeko;query;place|GLOB2_E_135|Mukō Shima;
Mokoijs;query;place|GLOB2_E_135|Mukō Shima;
Moucko;query;place|GLOB2_E_135|Mukō Shima;
Mukō Shima;query;place|GLOB2_E_135|Mukō Shima;
Mukōshima;query;place|GLOB2_E_135|Mukō Shima;
向島;query;place|GLOB2_E_135|Mukō Shima;
Moero;query;place|GLOB2_E_136|Muro;
Mouro;query;place|GLOB2_E_136|Muro;
Muro;query;place|GLOB2_E_136|Muro;
室;query;place|GLOB2_E_136|Muro;
Moerosondo;query;place|GLOB2_E_137|Murozumi Wan;
Morosomi;query;place|GLOB2_E_137|Murozumi Wan;
Murozumi;query;place|GLOB2_E_137|Murozumi Wan;
Murozumi Wan;query;place|GLOB2_E_137|Murozumi Wan;
室積;query;place|GLOB2_E_137|Murozumi Wan;
Mootsroe;query;place|GLOB2_E_138|Mutsure Jima;
Moutserij;query;place|GLOB2_E_138|Mutsure Jima;
Mutsure Jima;query;place|GLOB2_E_138|Mutsure Jima;
Mutsurejima;query;place|GLOB2_E_138|Mutsure Jima;
六連島;query;place|GLOB2_E_138|Mutsure Jima;
Nabi;query;place|GLOB2_E_139|Nabi;
Nabij;query;place|GLOB2_E_139|Nabi;
那波;query;place|GLOB2_E_139|Nabi;
Wotang;query;place|GLOB2_E_14|Wotang;
Nanatsjamma;query;place|GLOB2_E_140|Nanatsugama;
Nanatsugama;query;place|GLOB2_E_140|Nanatsugama;
Nannatsgamma;query;place|GLOB2_E_140|Nanatsugama;
七ツ釜;query;place|GLOB2_E_140|Nanatsugama;
Nabo;query;place|GLOB2_E_141|Nambu;
Nambo;query;place|GLOB2_E_141|Nambu;
Nambou;query;place|GLOB2_E_141|Nambu;
Nambu;query;place|GLOB2_E_141|Nambu;
Nanbu;query;place|GLOB2_E_141|Nambu;
南部;query;place|GLOB2_E_141|Nambu;
Narommi;query;place|GLOB2_E_142|Narumi;
Narromi;query;place|GLOB2_E_142|Narumi;
Narumi;query;place|GLOB2_E_142|Narumi;
鳴海;query;place|GLOB2_E_142|Narumi;
Nico;query;place|GLOB2_E_143|Nikkō;
Nikko;query;place|GLOB2_E_143|Nikkō;
Nikkō;query;place|GLOB2_E_143|Nikkō;
Niko;query;place|GLOB2_E_143|Nikkō;
日光;query;place|GLOB2_E_143|Nikkō;
Kujūku Shima;query;place|GLOB2_E_144|Kujūku Shima;
Kujūkushima;query;place|GLOB2_E_144|Kujūku Shima;
Negenentnegentich eijlanden;query;place|GLOB2_E_144|Kujūku Shima;
Ninety-nine Islands;query;place|GLOB2_E_144|Kujūku Shima;
九十九島;query;place|GLOB2_E_144|Kujūku Shima;
Nishidomari;query;place|GLOB2_E_146|Nishidomari;
Nisidomadi;query;place|GLOB2_E_146|Nishidomari;
西泊;query;place|GLOB2_E_146|Nishidomari;
Nishinomiya;query;place|GLOB2_E_147|Nishinomiya;
Nisinomia;query;place|GLOB2_E_147|Nishinomiya;
Nissenojena;query;place|GLOB2_E_147|Nishinomiya;
Nissenojenno;query;place|GLOB2_E_147|Nishinomiya;
Nissinoemia;query;place|GLOB2_E_147|Nishinomiya;
西宮;query;place|GLOB2_E_147|Nishinomiya;
Nisacca;query;place|GLOB2_E_148|Nissaka;
Nisacka;query;place|GLOB2_E_148|Nissaka;
Nisakka;query;place|GLOB2_E_148|Nissaka;
Nissaka;query;place|GLOB2_E_148|Nissaka;
二坂;query;place|GLOB2_E_148|Nissaka;
Nome;query;place|GLOB2_E_149|Nomo;
Nomo;query;place|GLOB2_E_149|Nomo;
野母;query;place|GLOB2_E_149|Nomo;
Ceilon;query;place|GLOB2_E_15|Ceylon (VOC area);
Ceylon;query;place|GLOB2_E_15|Ceylon (VOC area);
Ceylon (VOC area);query;place|GLOB2_E_15|Ceylon (VOC area);
Gouvernement Ceylon;query;place|GLOB2_E_15|Ceylon (VOC area);
Noemats;query;place|GLOB2_E_150|Numazu;
Nommasouw;query;place|GLOB2_E_150|Numazu;
Numazu;query;place|GLOB2_E_150|Numazu;
沼津;query;place|GLOB2_E_150|Numazu;
Oda;query;place|GLOB2_E_151|Oda;
Odoe;query;place|GLOB2_E_151|Oda;
小田;query;place|GLOB2_E_151|Oda;
Odaura;query;place|GLOB2_E_152|Odawara;
Odawara;query;place|GLOB2_E_152|Odawara;
Odawarra;query;place|GLOB2_E_152|Odawara;
Odoura;query;place|GLOB2_E_152|Odawara;
Odouwara;query;place|GLOB2_E_152|Odawara;
Oudawara;query;place|GLOB2_E_152|Odawara;
小田原;query;place|GLOB2_E_152|Odawara;
Oejangawa;query;place|GLOB2_E_153|Ōi Gawa;
Oijangh-gauwa;query;place|GLOB2_E_153|Ōi Gawa;
Oijen-cauwa;query;place|GLOB2_E_153|Ōi Gawa;
Oijengauwa;query;place|GLOB2_E_153|Ōi Gawa;
Ojengauwa;query;place|GLOB2_E_153|Ōi Gawa;
Woingauwa;query;place|GLOB2_E_153|Ōi Gawa;
Ōi Gawa;query;place|GLOB2_E_153|Ōi Gawa;
Ōi-gawa;query;place|GLOB2_E_153|Ōi Gawa;
大井川;query;place|GLOB2_E_153|Ōi Gawa;
Oijsiou;query;place|GLOB2_E_154|Ōiso;
Oijssio;query;place|GLOB2_E_154|Ōiso;
Oijsso;query;place|GLOB2_E_154|Ōiso;
Oisio;query;place|GLOB2_E_154|Ōiso;
Oisja;query;place|GLOB2_E_154|Ōiso;
Oissa;query;place|GLOB2_E_154|Ōiso;
Oisso;query;place|GLOB2_E_154|Ōiso;
Oysio;query;place|GLOB2_E_154|Ōiso;
Ōiso;query;place|GLOB2_E_154|Ōiso;
大磯;query;place|GLOB2_E_154|Ōiso;
Ocabe;query;place|GLOB2_E_155|Okabe;
Ocambe;query;place|GLOB2_E_155|Okabe;
Occabe;query;place|GLOB2_E_155|Okabe;
Okabe;query;place|GLOB2_E_155|Okabe;
岡部;query;place|GLOB2_E_155|Okabe;
Occasacka;query;place|GLOB2_E_156|Okazaki;
Occasacqui;query;place|GLOB2_E_156|Okazaki;
Ockasackij;query;place|GLOB2_E_156|Okazaki;
Ockesackij;query;place|GLOB2_E_156|Okazaki;
Okasacki;query;place|GLOB2_E_156|Okazaki;
Okasackij;query;place|GLOB2_E_156|Okazaki;
Okazaki;query;place|GLOB2_E_156|Okazaki;
岡崎;query;place|GLOB2_E_156|Okazaki;
Okits;query;place|GLOB2_E_157|Okitsu;
Okitsu;query;place|GLOB2_E_157|Okitsu;
興津;query;place|GLOB2_E_157|Okitsu;
Omendackaija;query;place|GLOB2_E_158|Omodaka;
Omodaka;query;place|GLOB2_E_158|Omodaka;
Omodakaij;query;place|GLOB2_E_158|Omodaka;
Omodaker;query;place|GLOB2_E_158|Omodaka;
面高;query;place|GLOB2_E_158|Omodaka;
Ossenhals;query;place|GLOB2_E_159|Ushiga Kubi;
Ushiga Kubi;query;place|GLOB2_E_159|Ushiga Kubi;
Ushigakubi;query;place|GLOB2_E_159|Ushiga Kubi;
牛ヶ首;query;place|GLOB2_E_159|Ushiga Kubi;
Amboina;query;place|GLOB2_E_16|Ambon (VOC area);
Ambon;query;place|GLOB2_E_16|Ambon (VOC area);
Ambon (VOC area);query;place|GLOB2_E_16|Ambon (VOC area);
Gouvernement Amboina;query;place|GLOB2_E_16|Ambon (VOC area);
Wota;query;place|GLOB2_E_160|Ōtabu Shima;
Ōta;query;place|GLOB2_E_160|Ōtabu Shima;
Ōtabu Shima;query;place|GLOB2_E_160|Ōtabu Shima;
大多府島;query;place|GLOB2_E_160|Ōtabu Shima;
Oets;query;place|GLOB2_E_161|Ōtsu;
Oots;query;place|GLOB2_E_161|Ōtsu;
Ōtsu;query;place|GLOB2_E_161|Ōtsu;
大津;query;place|GLOB2_E_161|Ōtsu;
Ouwarij;query;place|GLOB2_E_162|Owari;
Owari;query;place|GLOB2_E_162|Owari;
Owarra;query;place|GLOB2_E_162|Owari;
Owary;query;place|GLOB2_E_162|Owari;
尾張;query;place|GLOB2_E_162|Owari;
Chinceo;query;place|GLOB2_E_163|Quanzhou;
Chincheeuw;query;place|GLOB2_E_163|Quanzhou;
Chincheo;query;place|GLOB2_E_163|Quanzhou;
Chincheu;query;place|GLOB2_E_163|Quanzhou;
Chincheuw;query;place|GLOB2_E_163|Quanzhou;
Chinchieuw;query;place|GLOB2_E_163|Quanzhou;
Quanzhou;query;place|GLOB2_E_163|Quanzhou;
Zinsieuw;query;place|GLOB2_E_163|Quanzhou;
泉州;query;place|GLOB2_E_163|Quanzhou;
Jejudo;query;place|GLOB2_E_164|Jejudo;
Quelpaart, I.;query;place|GLOB2_E_164|Jejudo;
Quelpaert;query;place|GLOB2_E_164|Jejudo;
済州島;query;place|GLOB2_E_164|Jejudo;
Regashima;query;place|GLOB2_E_165|Shinkawa;
Reiganjima;query;place|GLOB2_E_165|Shinkawa;
Shinkawa;query;place|GLOB2_E_165|Shinkawa;
霊岸島;query;place|GLOB2_E_165|Shinkawa;
Lequees;query;place|GLOB2_E_166|Ryukyu Islands;
Lequeo;query;place|GLOB2_E_166|Ryukyu Islands;
Luqueese eijlanden;query;place|GLOB2_E_166|Ryukyu Islands;
Ryukyu Islands;query;place|GLOB2_E_166|Ryukyu Islands;
Ryūkyū Islands;query;place|GLOB2_E_166|Ryukyu Islands;
琉球諸島;query;place|GLOB2_E_166|Ryukyu Islands;
Saccai;query;place|GLOB2_E_168|Sakai;
Saccaij;query;place|GLOB2_E_168|Sakai;
Saccaija;query;place|GLOB2_E_168|Sakai;
Sackaij;query;place|GLOB2_E_168|Sakai;
Sakai;query;place|GLOB2_E_168|Sakai;
Sakay;query;place|GLOB2_E_168|Sakai;
境;query;place|GLOB2_E_168|Sakai;
Saccaija-barra;query;place|GLOB2_E_169|Sakaibara;
Sackijbarra;query;place|GLOB2_E_169|Sakaibara;
Sakaibara;query;place|GLOB2_E_169|Sakaibara;
境原;query;place|GLOB2_E_169|Sakaibara;
Banda;query;place|GLOB2_E_17|Banda (VOC area);
Banda (VOC area);query;place|GLOB2_E_17|Banda (VOC area);
Gouvernement Banda;query;place|GLOB2_E_17|Banda (VOC area);
Sacka;query;place|GLOB2_E_170|Sakashita;
Sakanosta;query;place|GLOB2_E_170|Sakashita;
Sakashita;query;place|GLOB2_E_170|Sakashita;
坂下;query;place|GLOB2_E_170|Sakashita;
Sangenya;query;place|GLOB2_E_171|Sangenya;
Sangia;query;place|GLOB2_E_171|Sangenya;
三軒屋;query;place|GLOB2_E_171|Sangenya;
Ha-shima;query;place|GLOB2_E_173|Ha-shima;
Hashima;query;place|GLOB2_E_173|Ha-shima;
Sasesima;query;place|GLOB2_E_173|Ha-shima;
端島;query;place|GLOB2_E_173|Ha-shima;
Saija;query;place|GLOB2_E_174|Saya;
Saya;query;place|GLOB2_E_174|Saya;
佐屋;query;place|GLOB2_E_174|Saya;
Seiken-ji;query;place|GLOB2_E_175|Seiken-ji;
Seikenji;query;place|GLOB2_E_175|Seiken-ji;
Sekesij;query;place|GLOB2_E_175|Seiken-ji;
清見寺;query;place|GLOB2_E_175|Seiken-ji;
Seeckij;query;place|GLOB2_E_176|Seki;
Sekenosiso;query;place|GLOB2_E_176|Seki;
Seki;query;place|GLOB2_E_176|Seki;
Sekij;query;place|GLOB2_E_176|Seki;
Sekinojizō;query;place|GLOB2_E_176|Seki;
Sekinosise;query;place|GLOB2_E_176|Seki;
Sickenosie;query;place|GLOB2_E_176|Seki;
Sickenosise;query;place|GLOB2_E_176|Seki;
Sickenozijso;query;place|GLOB2_E_176|Seki;
関;query;place|GLOB2_E_176|Seki;
関ノ地蔵;query;place|GLOB2_E_176|Seki;
Seto;query;place|GLOB2_E_178|Seto;
Setto;query;place|GLOB2_E_178|Seto;
Zetto;query;place|GLOB2_E_178|Seto;
瀬戸;query;place|GLOB2_E_178|Seto;
Shacheng;query;place|GLOB2_E_179|Shacheng;
Zaatsin;query;place|GLOB2_E_179|Shacheng;
沙埕;query;place|GLOB2_E_179|Shacheng;
Gouvernement Ternaten;query;place|GLOB2_E_18|Ternaten (VOC area);
Ternaten;query;place|GLOB2_E_18|Ternaten (VOC area);
Ternaten (VOC area);query;place|GLOB2_E_18|Ternaten (VOC area);
Shiba;query;place|GLOB2_E_180|Shiba;
Siba;query;place|GLOB2_E_180|Shiba;
芝;query;place|GLOB2_E_180|Shiba;
Shikano Shima;query;place|GLOB2_E_181|Shikano Shima;
Shikanoshima;query;place|GLOB2_E_181|Shikano Shima;
Siokamissina;query;place|GLOB2_E_181|Shikano Shima;
Siongamissima;query;place|GLOB2_E_181|Shikano Shima;
Ziokamissima;query;place|GLOB2_E_181|Shikano Shima;
志賀島;query;place|GLOB2_E_181|Shikano Shima;
Chickock;query;place|GLOB2_E_182|Shikoku;
Chikoko;query;place|GLOB2_E_182|Shikoku;
Cicoco;query;place|GLOB2_E_182|Shikoku;
Cikoko;query;place|GLOB2_E_182|Shikoku;
Shikoku;query;place|GLOB2_E_182|Shikoku;
Sikoco;query;place|GLOB2_E_182|Shikoku;
Sikoko;query;place|GLOB2_E_182|Shikoku;
Sjikokoe;query;place|GLOB2_E_182|Shikoku;
Tokoesy;query;place|GLOB2_E_182|Shikoku;
四国;query;place|GLOB2_E_182|Shikoku;
Cimabarra;query;place|GLOB2_E_183|Shimabara;
Shimabara;query;place|GLOB2_E_183|Shimabara;
Simabara;query;place|GLOB2_E_183|Shimabara;
Simabarra;query;place|GLOB2_E_183|Shimabara;
Ximabarra;query;place|GLOB2_E_183|Shimabara;
島原;query;place|GLOB2_E_183|Shimabara;
Shimada;query;place|GLOB2_E_184|Shimada;
Simada;query;place|GLOB2_E_184|Shimada;
Simanda;query;place|GLOB2_E_184|Shimada;
Sinada;query;place|GLOB2_E_184|Shimada;
Sumada;query;place|GLOB2_E_184|Shimada;
島田;query;place|GLOB2_E_184|Shimada;
Chimocasacqui;query;place|GLOB2_E_185|Shimokareki Shima;
Shimokareki Shima;query;place|GLOB2_E_185|Shimokareki Shima;
Shimokōzaki;query;place|GLOB2_E_185|Shimokareki Shima;
Simokosacke;query;place|GLOB2_E_185|Shimokareki Shima;
Simokosacki;query;place|GLOB2_E_185|Shimokareki Shima;
下神崎;query;place|GLOB2_E_185|Shimokareki Shima;
Cimenosekij;query;place|GLOB2_E_186|Shimonoseki;
Seminoseki;query;place|GLOB2_E_186|Shimonoseki;
Semmasekij;query;place|GLOB2_E_186|Shimonoseki;
Shimonoseki;query;place|GLOB2_E_186|Shimonoseki;
Simenosekij;query;place|GLOB2_E_186|Shimonoseki;
Siminosickij;query;place|GLOB2_E_186|Shimonoseki;
Simmenoseeckij;query;place|GLOB2_E_186|Shimonoseki;
Simmenosekij;query;place|GLOB2_E_186|Shimonoseki;
Simoniseecki;query;place|GLOB2_E_186|Shimonoseki;
Simonosicqui;query;place|GLOB2_E_186|Shimonoseki;
下関;query;place|GLOB2_E_186|Shimonoseki;
Shimotsui;query;place|GLOB2_E_187|Shimotsui;
Simotsoije;query;place|GLOB2_E_187|Shimotsui;
Sumotsoi;query;place|GLOB2_E_187|Shimotsui;
下津井;query;place|GLOB2_E_187|Shimotsui;
Shinagawa;query;place|GLOB2_E_188|Shinagawa;
Sinagauwa;query;place|GLOB2_E_188|Shinagawa;
Sinangauwa;query;place|GLOB2_E_188|Shinagawa;
Sinnagawa;query;place|GLOB2_E_188|Shinagawa;
品川;query;place|GLOB2_E_188|Shinagawa;
Shinano;query;place|GLOB2_E_189|Shinano;
Sinano;query;place|GLOB2_E_189|Shinano;
信濃;query;place|GLOB2_E_189|Shinano;
Gouvernement Macasser;query;place|GLOB2_E_19|Maccassar (VOC area);
Macassar;query;place|GLOB2_E_19|Maccassar (VOC area);
Macasser;query;place|GLOB2_E_19|Maccassar (VOC area);
Maccassar;query;place|GLOB2_E_19|Maccassar (VOC area);
Maccassar (VOC area);query;place|GLOB2_E_19|Maccassar (VOC area);
Shingū;query;place|GLOB2_E_190|Shingū;
Singo;query;place|GLOB2_E_190|Shingū;
新宮;query;place|GLOB2_E_190|Shingū;
Shiota;query;place|GLOB2_E_191|Shiota;
Siwota;query;place|GLOB2_E_191|Shiota;
塩田;query;place|GLOB2_E_191|Shiota;
Shioya;query;place|GLOB2_E_192|Shioya;
Swoja;query;place|GLOB2_E_192|Shioya;
塩屋;query;place|GLOB2_E_192|Shioya;
Shirahama;query;place|GLOB2_E_193|Shirahama;
s’Rahama;query;place|GLOB2_E_193|Shirahama;
白浜;query;place|GLOB2_E_193|Shirahama;
Shiraishi;query;place|GLOB2_E_194|Shiraishi Jima;
Shiraishi Jima;query;place|GLOB2_E_194|Shiraishi Jima;
Siraaijs;query;place|GLOB2_E_194|Shiraishi Jima;
Siraijs;query;place|GLOB2_E_194|Shiraishi Jima;
白石;query;place|GLOB2_E_194|Shiraishi Jima;
Shirasuka;query;place|GLOB2_E_195|Shirasuka;
Siraska;query;place|GLOB2_E_195|Shirasuka;
Siraski;query;place|GLOB2_E_195|Shirasuka;
白須賀;query;place|GLOB2_E_195|Shirasuka;
Canongij;query;place|GLOB2_E_196|Sonogi;
Senunge;query;place|GLOB2_E_196|Sonogi;
Sonogi;query;place|GLOB2_E_196|Sonogi;
Sunongij;query;place|GLOB2_E_196|Sonogi;
彼杵;query;place|GLOB2_E_196|Sonogi;
Surge;query;place|GLOB2_E_197|Suruga;
Surrigi;query;place|GLOB2_E_197|Suruga;
Suruga;query;place|GLOB2_E_197|Suruga;
Surunga;query;place|GLOB2_E_197|Suruga;
駿河;query;place|GLOB2_E_197|Suruga;
 't Soetsiammasche gebergte;query;place|GLOB2_E_198|Suzuka-sammyaku;
Coetseka Jamma;query;place|GLOB2_E_198|Suzuka-sammyaku;
Fusicasacka;query;place|GLOB2_E_198|Suzuka-sammyaku;
Geberchte Soeseka;query;place|GLOB2_E_198|Suzuka-sammyaku;
Sousecasacka;query;place|GLOB2_E_198|Suzuka-sammyaku;
Susekasacq;query;place|GLOB2_E_198|Suzuka-sammyaku;
Suzuka Mountains;query;place|GLOB2_E_198|Suzuka-sammyaku;
Suzuka-saka;query;place|GLOB2_E_198|Suzuka-sammyaku;
Suzuka-sammyaku;query;place|GLOB2_E_198|Suzuka-sammyaku;
Suzuka-yama;query;place|GLOB2_E_198|Suzuka-sammyaku;
t Gebergte Soetsiamma;query;place|GLOB2_E_198|Suzuka-sammyaku;
鈴鹿坂;query;place|GLOB2_E_198|Suzuka-sammyaku;
鈴鹿山;query;place|GLOB2_E_198|Suzuka-sammyaku;
Backloang;query;place|GLOB2_E_2|Bakloan;
Baculouan;query;place|GLOB2_E_2|Bakloan;
Bakloan;query;place|GLOB2_E_2|Bakloan;
Malang;query;place|GLOB2_E_20|Malang;
Tadanomi;query;place|GLOB2_E_200|Tadanoumi;
Tadanoumi;query;place|GLOB2_E_200|Tadanoumi;
Tadonomi;query;place|GLOB2_E_200|Tadanoumi;
Tanconomij;query;place|GLOB2_E_200|Tadanoumi;
Tantanomij;query;place|GLOB2_E_200|Tadanoumi;
Tantonomi;query;place|GLOB2_E_200|Tadanoumi;
忠海;query;place|GLOB2_E_200|Tadanoumi;
Takatskij;query;place|GLOB2_E_202|Takatsuki;
Takatsuki;query;place|GLOB2_E_202|Takatsuki;
高槻;query;place|GLOB2_E_202|Takatsuki;
Taccawarrij;query;place|GLOB2_E_203|Takehara;
Takehara;query;place|GLOB2_E_203|Takehara;
竹原;query;place|GLOB2_E_203|Takehara;
Tackasackij;query;place|GLOB2_E_204|Takezaki;
Takesaki;query;place|GLOB2_E_204|Takezaki;
Takezaki;query;place|GLOB2_E_204|Takezaki;
竹崎;query;place|GLOB2_E_204|Takezaki;
Taijsero;query;place|GLOB2_E_205|Tashiro;
Tashiro;query;place|GLOB2_E_205|Tashiro;
Taysero;query;place|GLOB2_E_205|Tashiro;
田代;query;place|GLOB2_E_205|Tashiro;
Tasco;query;place|GLOB2_E_206|Tasuke;
Taska;query;place|GLOB2_E_206|Tasuke;
Taske;query;place|GLOB2_E_206|Tasuke;
Tasque;query;place|GLOB2_E_206|Tasuke;
Tasuke;query;place|GLOB2_E_206|Tasuke;
Tosca;query;place|GLOB2_E_206|Tasuke;
田助;query;place|GLOB2_E_206|Tasuke;
Tenhoso;query;place|GLOB2_E_207|Tennōji;
Tennois;query;place|GLOB2_E_207|Tennōji;
Tennōji;query;place|GLOB2_E_207|Tennōji;
Tenosia;query;place|GLOB2_E_207|Tennōji;
天王寺;query;place|GLOB2_E_207|Tennōji;
Tenrio;query;place|GLOB2_E_208|Tenryu River;
Tenryu River;query;place|GLOB2_E_208|Tenryu River;
Tenryū River;query;place|GLOB2_E_208|Tenryu River;
天竜川;query;place|GLOB2_E_208|Tenryu River;
Todoroki;query;place|GLOB2_E_209|Todoroki;
Tondorakij;query;place|GLOB2_E_209|Todoroki;
Tondorokij;query;place|GLOB2_E_209|Todoroki;
Toutorocki;query;place|GLOB2_E_209|Todoroki;
轟木;query;place|GLOB2_E_209|Todoroki;
boven Ceram;query;place|GLOB2_E_21|boven Ceram;
bovenceram;query;place|GLOB2_E_21|boven Ceram;
Tockits;query;place|GLOB2_E_210|Togitsu;
Togitsu;query;place|GLOB2_E_210|Togitsu;
Tokits;query;place|GLOB2_E_210|Togitsu;
Tokitsu;query;place|GLOB2_E_210|Togitsu;
時津;query;place|GLOB2_E_210|Togitsu;
Tonsa;query;place|GLOB2_E_211|Tosa;
Tosa;query;place|GLOB2_E_211|Tosa;
Tossa;query;place|GLOB2_E_211|Tosa;
土佐;query;place|GLOB2_E_211|Tosa;
Tosca;query;place|GLOB2_E_212|Totsuka;
Toska;query;place|GLOB2_E_212|Totsuka;
Toske;query;place|GLOB2_E_212|Totsuka;
Totska;query;place|GLOB2_E_212|Totsuka;
Totsuka;query;place|GLOB2_E_212|Totsuka;
戸塚;query;place|GLOB2_E_212|Totsuka;
Decima;query;place|GLOB2_E_213|Dejima Island;
Dejima Island;query;place|GLOB2_E_213|Dejima Island;
Deshima;query;place|GLOB2_E_213|Dejima Island;
Desima;query;place|GLOB2_E_213|Dejima Island;
Desjima;query;place|GLOB2_E_213|Dejima Island;
Dezima;query;place|GLOB2_E_213|Dejima Island;
Disima;query;place|GLOB2_E_213|Dejima Island;
Schisma;query;place|GLOB2_E_213|Dejima Island;
Skisima;query;place|GLOB2_E_213|Dejima Island;
Skisma;query;place|GLOB2_E_213|Dejima Island;
Tsukishima;query;place|GLOB2_E_213|Dejima Island;
築島;query;place|GLOB2_E_213|Dejima Island;
Quelpaard;query;place|GLOB2_E_214|Tsushima Jima;
Quelpaert;query;place|GLOB2_E_214|Tsushima Jima;
Sussima;query;place|GLOB2_E_214|Tsushima Jima;
Sutsima;query;place|GLOB2_E_214|Tsushima Jima;
Tsushima;query;place|GLOB2_E_214|Tsushima Jima;
Tsushima Jima;query;place|GLOB2_E_214|Tsushima Jima;
Tsussima;query;place|GLOB2_E_214|Tsushima Jima;
Tutsima;query;place|GLOB2_E_214|Tsushima Jima;
Tzussima;query;place|GLOB2_E_214|Tsushima Jima;
対馬;query;place|GLOB2_E_214|Tsushima Jima;
Schioua;query;place|GLOB2_E_215|Tsuwaji-jima;
Siouwa;query;place|GLOB2_E_215|Tsuwaji-jima;
Soua;query;place|GLOB2_E_215|Tsuwaji-jima;
Souwa;query;place|GLOB2_E_215|Tsuwaji-jima;
Suwa;query;place|GLOB2_E_215|Tsuwaji-jima;
S’Juwa;query;place|GLOB2_E_215|Tsuwaji-jima;
Tijouwoe;query;place|GLOB2_E_215|Tsuwaji-jima;
Toua;query;place|GLOB2_E_215|Tsuwaji-jima;
Tsova;query;place|GLOB2_E_215|Tsuwaji-jima;
Tsuwa;query;place|GLOB2_E_215|Tsuwaji-jima;
Tsuwaji;query;place|GLOB2_E_215|Tsuwaji-jima;
Tsuwaji-jima;query;place|GLOB2_E_215|Tsuwaji-jima;
津和地;query;place|GLOB2_E_215|Tsuwaji-jima;
Oensi;query;place|GLOB2_E_216|Uji;
Uji;query;place|GLOB2_E_216|Uji;
宇治;query;place|GLOB2_E_216|Uji;
Orisno;query;place|GLOB2_E_217|Ureshino;
Ureshino;query;place|GLOB2_E_217|Ureshino;
嬉野;query;place|GLOB2_E_217|Ureshino;
Oringcauwa;query;place|GLOB2_E_218|Urui Gawa;
Urui Gawa;query;place|GLOB2_E_218|Urui Gawa;
Urui-gawa;query;place|GLOB2_E_218|Urui Gawa;
潤井川;query;place|GLOB2_E_218|Urui Gawa;
Oesimada;query;place|GLOB2_E_219|Ushimado;
Oesimatta;query;place|GLOB2_E_219|Ushimado;
Oijssimado;query;place|GLOB2_E_219|Ushimado;
Ousimats;query;place|GLOB2_E_219|Ushimado;
Oussimato;query;place|GLOB2_E_219|Ushimado;
Ousumata;query;place|GLOB2_E_219|Ushimado;
Ouzimato;query;place|GLOB2_E_219|Ushimado;
Ushimado;query;place|GLOB2_E_219|Ushimado;
牛窓;query;place|GLOB2_E_219|Ushimado;
Patani;query;place|GLOB2_E_22|Patani (Halmahera);
Patani (Halmahera);query;place|GLOB2_E_22|Patani (Halmahera);
Patany;query;place|GLOB2_E_22|Patani (Halmahera);
Pattanij;query;place|GLOB2_E_22|Patani (Halmahera);
Pattanijs;query;place|GLOB2_E_22|Patani (Halmahera);
Pattany;query;place|GLOB2_E_22|Patani (Halmahera);
Oessints;query;place|GLOB2_E_220|Ushizu;
Ootcino;query;place|GLOB2_E_220|Ushizu;
Ushizu;query;place|GLOB2_E_220|Ushizu;
牛津;query;place|GLOB2_E_220|Ushizu;
Chūgoku;query;place|GLOB2_E_221|Chūgoku region;
Chūgoku region;query;place|GLOB2_E_221|Chūgoku region;
Tzioongocq;query;place|GLOB2_E_221|Chūgoku region;
中国;query;place|GLOB2_E_221|Chūgoku region;
Wakinohama;query;place|GLOB2_E_222|Wakinohama;
Wakkinofamma;query;place|GLOB2_E_222|Wakinohama;
脇ノ浜;query;place|GLOB2_E_222|Wakinohama;
Jakissima;query;place|GLOB2_E_223|Yaku-shima;
Lakissima;query;place|GLOB2_E_223|Yaku-shima;
Yaku-shima;query;place|GLOB2_E_223|Yaku-shima;
Yakushima;query;place|GLOB2_E_223|Yaku-shima;
屋久島;query;place|GLOB2_E_223|Yaku-shima;
Jammabos;query;place|GLOB2_E_224|Yamabushi;
Yamabushi;query;place|GLOB2_E_224|Yamabushi;
Yamabushi-no-seto;query;place|GLOB2_E_224|Yamabushi;
山伏瀬戸;query;place|GLOB2_E_224|Yamabushi;
Jamaie;query;place|GLOB2_E_225|Yamae;
Jamaye;query;place|GLOB2_E_225|Yamae;
Jammaij;query;place|GLOB2_E_225|Yamae;
Yamae;query;place|GLOB2_E_225|Yamae;
山家;query;place|GLOB2_E_225|Yamae;
Iwayasaki;query;place|GLOB2_E_226|Yamaga-no-misaki;
Jammanganonusackij;query;place|GLOB2_E_226|Yamaga-no-misaki;
Jammangauwasacci;query;place|GLOB2_E_226|Yamaga-no-misaki;
Yamaga-no-misaki;query;place|GLOB2_E_226|Yamaga-no-misaki;
山鹿岬;query;place|GLOB2_E_226|Yamaga-no-misaki;
岩屋崎;query;place|GLOB2_E_226|Yamaga-no-misaki;
Jassemecklackij;query;place|GLOB2_E_227|Yasuman Dake;
Yasuman Dake;query;place|GLOB2_E_227|Yasuman Dake;
Yasuman-dake;query;place|GLOB2_E_227|Yasuman Dake;
Yasumi-dake;query;place|GLOB2_E_227|Yasuman Dake;
休岳;query;place|GLOB2_E_227|Yasuman Dake;
安満岳;query;place|GLOB2_E_227|Yasuman Dake;
Jobeko;query;place|GLOB2_E_228|Yobuko;
Jobico;query;place|GLOB2_E_228|Yobuko;
Yobuko;query;place|GLOB2_E_228|Yobuko;
呼子;query;place|GLOB2_E_228|Yobuko;
Jodo;query;place|GLOB2_E_229|Yodo;
Jondo;query;place|GLOB2_E_229|Yodo;
Yodo;query;place|GLOB2_E_229|Yodo;
Yoondo;query;place|GLOB2_E_229|Yodo;
淀;query;place|GLOB2_E_229|Yodo;
Abbecauwa;query;place|GLOB2_E_23|Abe Kawa;
Abe Kawa;query;place|GLOB2_E_23|Abe Kawa;
Abe-kawa;query;place|GLOB2_E_23|Abe Kawa;
Abegauwa;query;place|GLOB2_E_23|Abe Kawa;
安倍川;query;place|GLOB2_E_23|Abe Kawa;
Jockaijts;query;place|GLOB2_E_230|Yokkaichi;
Jokaits;query;place|GLOB2_E_230|Yokkaichi;
Yokkaichi;query;place|GLOB2_E_230|Yokkaichi;
四日市;query;place|GLOB2_E_230|Yokkaichi;
Jocksima;query;place|GLOB2_E_231|Yoko Shima (Hirado);
Jocosima;query;place|GLOB2_E_231|Yoko Shima (Hirado);
Jocosimi;query;place|GLOB2_E_231|Yoko Shima (Hirado);
Jocxima;query;place|GLOB2_E_231|Yoko Shima (Hirado);
Yoko Shima (Hirado);query;place|GLOB2_E_231|Yoko Shima (Hirado);
Yokoshima;query;place|GLOB2_E_231|Yoko Shima (Hirado);
横島;query;place|GLOB2_E_231|Yoko Shima (Hirado);
Jockotangauwa;query;place|GLOB2_E_232|Yokota-gawa;
Yokota-gawa;query;place|GLOB2_E_232|Yokota-gawa;
横田川;query;place|GLOB2_E_232|Yokota-gawa;
Joessinda;query;place|GLOB2_E_233|Yoshida;
Joissinda;query;place|GLOB2_E_233|Yoshida;
Josinda;query;place|GLOB2_E_233|Yoshida;
Jusinda;query;place|GLOB2_E_233|Yoshida;
Jussijnda;query;place|GLOB2_E_233|Yoshida;
Yoshida;query;place|GLOB2_E_233|Yoshida;
吉田;query;place|GLOB2_E_233|Yoshida;
Josiwarra;query;place|GLOB2_E_234|Yoshiwara;
Jussiwarra;query;place|GLOB2_E_234|Yoshiwara;
Jussuwarra;query;place|GLOB2_E_234|Yoshiwara;
Ussiwarra;query;place|GLOB2_E_234|Yoshiwara;
Yoshiwara;query;place|GLOB2_E_234|Yoshiwara;
吉原;query;place|GLOB2_E_234|Yoshiwara;
Jouw;query;place|GLOB2_E_235|Yū;
Yū;query;place|GLOB2_E_235|Yū;
由宇;query;place|GLOB2_E_235|Yū;
IJuij;query;place|GLOB2_E_236|Yui;
Jou;query;place|GLOB2_E_236|Yui;
Yui;query;place|GLOB2_E_236|Yui;
由比;query;place|GLOB2_E_236|Yui;
Jocksima;query;place|GLOB2_E_237|Yoko Shima (Hiroshima);
Jocosima;query;place|GLOB2_E_237|Yoko Shima (Hiroshima);
Jocosimi;query;place|GLOB2_E_237|Yoko Shima (Hiroshima);
Jocxima;query;place|GLOB2_E_237|Yoko Shima (Hiroshima);
Yoko Shima (Hiroshima);query;place|GLOB2_E_237|Yoko Shima (Hiroshima);
Yokoshima;query;place|GLOB2_E_237|Yoko Shima (Hiroshima);
横島;query;place|GLOB2_E_237|Yoko Shima (Hiroshima);
Siousan;query;place|GLOB2_E_238|Zhoushan;
Sjosan;query;place|GLOB2_E_238|Zhoushan;
S’jousan;query;place|GLOB2_E_238|Zhoushan;
Zhoushan;query;place|GLOB2_E_238|Zhoushan;
’Tsiousan;query;place|GLOB2_E_238|Zhoushan;
舟山;query;place|GLOB2_E_238|Zhoushan;
Baubau;query;place|GLOB2_E_239|Baubau;
Aijnussima;query;place|GLOB2_E_24|Aino Shima;
Aino Shima;query;place|GLOB2_E_24|Aino Shima;
Ainoshima;query;place|GLOB2_E_24|Aino Shima;
Ainussima;query;place|GLOB2_E_24|Aino Shima;
Asjnussima;query;place|GLOB2_E_24|Aino Shima;
Aynussima;query;place|GLOB2_E_24|Aino Shima;
相ノ島;query;place|GLOB2_E_24|Aino Shima;
Baton;query;place|GLOB2_E_240|Sultanate of Buton;
Boethon;query;place|GLOB2_E_240|Sultanate of Buton;
Boeton;query;place|GLOB2_E_240|Sultanate of Buton;
Botton;query;place|GLOB2_E_240|Sultanate of Buton;
Bouthon;query;place|GLOB2_E_240|Sultanate of Buton;
Bouton;query;place|GLOB2_E_240|Sultanate of Buton;
Boutton;query;place|GLOB2_E_240|Sultanate of Buton;
Buthon;query;place|GLOB2_E_240|Sultanate of Buton;
Buton;query;place|GLOB2_E_240|Sultanate of Buton;
Sultanate of Buton;query;place|GLOB2_E_240|Sultanate of Buton;
Boutuan;query;place|GLOB2_E_241|Butuan Bay;
Butuan;query;place|GLOB2_E_241|Butuan Bay;
Butuan Bay;query;place|GLOB2_E_241|Butuan Bay;
Larak Island;query;place|GLOB2_E_242|Larak Island;
Lareeck;query;place|GLOB2_E_242|Larak Island;
Lareek;query;place|GLOB2_E_242|Larak Island;
Lareque;query;place|GLOB2_E_242|Larak Island;
Hatawano;query;place|GLOB2_E_243|Hatawano;
Hatewano;query;place|GLOB2_E_243|Hatawano;
Hattewanne;query;place|GLOB2_E_243|Hatawano;
Hattoeana;query;place|GLOB2_E_243|Hatawano;
Hatuana;query;place|GLOB2_E_243|Hatawano;
Hatuwana;query;place|GLOB2_E_243|Hatawano;
Iha;query;place|GLOB2_E_244|Ihamahu;
Ihamahu;query;place|GLOB2_E_244|Ihamahu;
Ihamau;query;place|GLOB2_E_244|Ihamahu;
Mahu;query;place|GLOB2_E_244|Ihamahu;
Fort Lijdzaamheid (Mozambique);query;place|GLOB2_E_245|Fort Lijdzaamheid (Mozambique);
Lijdzaamheid;query;place|GLOB2_E_245|Fort Lijdzaamheid (Mozambique);
fort Lijdzaamheid;query;place|GLOB2_E_245|Fort Lijdzaamheid (Mozambique);
Chikuzen;query;place|GLOB2_E_246|Chikuzen;
Tsicuzeen;query;place|GLOB2_E_246|Chikuzen;
Tsiquisen;query;place|GLOB2_E_246|Chikuzen;
Tsuikisen;query;place|GLOB2_E_246|Chikuzen;
筑前;query;place|GLOB2_E_246|Chikuzen;
Cambodia;query;place|GLOB2_E_247|Cambodia;
Cambodja;query;place|GLOB2_E_247|Cambodia;
Camboodja;query;place|GLOB2_E_247|Cambodia;
Combodia;query;place|GLOB2_E_247|Cambodia;
Combodja;query;place|GLOB2_E_247|Cambodia;
Lakitan;query;place|GLOB2_E_248|Lakitan;
Lakitang;query;place|GLOB2_E_248|Lakitan;
Jajau;query;place|GLOB2_E_249|Jājau;
Jājau;query;place|GLOB2_E_249|Jājau;
Acasacki;query;place|GLOB2_E_25|Akasaka;
Accasacca;query;place|GLOB2_E_25|Akasaka;
Accasackij;query;place|GLOB2_E_25|Akasaka;
Ackasackij;query;place|GLOB2_E_25|Akasaka;
Akasacka;query;place|GLOB2_E_25|Akasaka;
Akasacki;query;place|GLOB2_E_25|Akasaka;
Akasackij;query;place|GLOB2_E_25|Akasaka;
Akasaka;query;place|GLOB2_E_25|Akasaka;
赤坂;query;place|GLOB2_E_25|Akasaka;
Carrang Assam;query;place|GLOB2_E_250|Karangasem;
Carre Assang;query;place|GLOB2_E_250|Karangasem;
Karangasem;query;place|GLOB2_E_250|Karangasem;
Malonda;query;place|GLOB2_E_251|Malunda;
Malunda;query;place|GLOB2_E_251|Malunda;
Sakharkherda;query;place|GLOB2_E_252|Sakharkherda;
Shakarkhelda;query;place|GLOB2_E_252|Sakharkherda;
Bandong;query;place|GLOB2_E_253|Bandung;
Bandung;query;place|GLOB2_E_253|Bandung;
Matale;query;place|GLOB2_E_254|Matale;
Motale;query;place|GLOB2_E_254|Matale;
Assam;query;place|GLOB2_E_255|Assam;
Astracan;query;place|GLOB2_E_256|Astrakhan;
Astrachan;query;place|GLOB2_E_256|Astrakhan;
Astrakan;query;place|GLOB2_E_256|Astrakhan;
Astrakhan;query;place|GLOB2_E_256|Astrakhan;
Haiderabad;query;place|GLOB2_E_257|Hyderabad;
Hyderabad;query;place|GLOB2_E_257|Hyderabad;
Magoehie;query;place|GLOB2_E_258|Mengwi;
Mengwi;query;place|GLOB2_E_258|Mengwi;
Djampang;query;place|GLOB2_E_259|Jampang;
Djampangs;query;place|GLOB2_E_259|Jampang;
Jampang;query;place|GLOB2_E_259|Jampang;
Acas;query;place|GLOB2_E_26|Akashi;
Accas;query;place|GLOB2_E_26|Akashi;
Ackas;query;place|GLOB2_E_26|Akashi;
Akais;query;place|GLOB2_E_26|Akashi;
Akas;query;place|GLOB2_E_26|Akashi;
Akashi;query;place|GLOB2_E_26|Akashi;
明石;query;place|GLOB2_E_26|Akashi;
Sedynre;query;place|GLOB2_E_260|Sidenreng;
Sidenreng;query;place|GLOB2_E_260|Sidenreng;
Sidènrèng;query;place|GLOB2_E_260|Sidenreng;
Ajmer;query;place|GLOB2_E_261|Ajmer;
Asmeer;query;place|GLOB2_E_261|Ajmer;
Haraat;query;place|GLOB2_E_262|Herat;
Herat;query;place|GLOB2_E_262|Herat;
Tombariri;query;place|GLOB2_E_263|Tombariri;
Amber;query;place|GLOB2_E_264|Amber;
Desa Seloto;query;place|GLOB2_E_265|Desa Seloto;
Saletto;query;place|GLOB2_E_265|Desa Seloto;
Seloto;query;place|GLOB2_E_265|Desa Seloto;
Satello;query;place|GLOB2_E_266|Seteluk;
Satelok;query;place|GLOB2_E_266|Seteluk;
Setelok;query;place|GLOB2_E_266|Seteluk;
Seteluk;query;place|GLOB2_E_266|Seteluk;
Naga Uleng;query;place|GLOB2_E_267|Nagauleng;
Nagauleng;query;place|GLOB2_E_267|Nagauleng;
Limbangan;query;place|GLOB2_E_268|Limbangan;
Panipat;query;place|GLOB2_E_269|Panipat;
Amaccousa;query;place|GLOB2_E_27|Amakusa;
Amacksa;query;place|GLOB2_E_27|Amakusa;
Amacxa;query;place|GLOB2_E_27|Amakusa;
Amaksa;query;place|GLOB2_E_27|Amakusa;
Amakusa;query;place|GLOB2_E_27|Amakusa;
Amaxa;query;place|GLOB2_E_27|Amakusa;
天草;query;place|GLOB2_E_27|Amakusa;
Kielo;query;place|GLOB2_E_270|Kilo;
Kilo;query;place|GLOB2_E_270|Kilo;
Kylo;query;place|GLOB2_E_270|Kilo;
Mito;query;place|GLOB2_E_271|Mito Domain;
Mito Domain;query;place|GLOB2_E_271|Mito Domain;
Kinokuni;query;place|GLOB2_E_272|Kishū Domain;
Kishū Domain;query;place|GLOB2_E_272|Kishū Domain;
Wakayama;query;place|GLOB2_E_272|Kishū Domain;
Kingdom of Tungning;query;place|GLOB2_E_273|Kingdom of Tungning;
Tywan;query;place|GLOB2_E_273|Kingdom of Tungning;
Kingdom of Mewar;query;place|GLOB2_E_274|Kingdom of Mewar;
Mewar;query;place|GLOB2_E_274|Kingdom of Mewar;
Berar;query;place|GLOB2_E_275|Berar Subah;
Berar Subah;query;place|GLOB2_E_275|Berar Subah;
Malenadu;query;place|GLOB2_E_276|Malenadu;
Malnād;query;place|GLOB2_E_276|Malenadu;
Amaccousa;query;place|GLOB2_E_27_GEO_1|Shimo Jima;
Amacksa;query;place|GLOB2_E_27_GEO_1|Shimo Jima;
Amacxa;query;place|GLOB2_E_27_GEO_1|Shimo Jima;
Amaksa;query;place|GLOB2_E_27_GEO_1|Shimo Jima;
Amakusa;query;place|GLOB2_E_27_GEO_1|Shimo Jima;
Amaxa;query;place|GLOB2_E_27_GEO_1|Shimo Jima;
Shimo Jima;query;place|GLOB2_E_27_GEO_1|Shimo Jima;
天草;query;place|GLOB2_E_27_GEO_1|Shimo Jima;
Amaccousa;query;place|GLOB2_E_27_HUM_1|Amakusa;
Amacksa;query;place|GLOB2_E_27_HUM_1|Amakusa;
Amacxa;query;place|GLOB2_E_27_HUM_1|Amakusa;
Amaksa;query;place|GLOB2_E_27_HUM_1|Amakusa;
Amakusa;query;place|GLOB2_E_27_HUM_1|Amakusa;
Amaxa;query;place|GLOB2_E_27_HUM_1|Amakusa;
天草;query;place|GLOB2_E_27_HUM_1|Amakusa;
Arai;query;place|GLOB2_E_28|Arai;
Araij;query;place|GLOB2_E_28|Arai;
Arei;query;place|GLOB2_E_28|Arai;
Arie;query;place|GLOB2_E_28|Arai;
Arraij;query;place|GLOB2_E_28|Arai;
新居;query;place|GLOB2_E_28|Arai;
Asacxsa;query;place|GLOB2_E_29|Asakusa;
Asakusa;query;place|GLOB2_E_29|Asakusa;
Assasca;query;place|GLOB2_E_29|Asakusa;
浅草;query;place|GLOB2_E_29|Asakusa;
Banda;query;place|GLOB2_E_3|Pulau-pulau Banda;
Pulau-pulau Banda;query;place|GLOB2_E_3|Pulau-pulau Banda;
Ashiya;query;place|GLOB2_E_30|Ashiya;
Assia;query;place|GLOB2_E_30|Ashiya;
芦屋;query;place|GLOB2_E_30|Ashiya;
Atsikin Oyssima;query;place|GLOB2_E_31|Azuchi Ōshima;
Azuchi Ōshima;query;place|GLOB2_E_31|Azuchi Ōshima;
的山大島;query;place|GLOB2_E_31|Azuchi Ōshima;
Baboxijm;query;place|GLOB2_E_32|Matsu Islands;
Baboxin;query;place|GLOB2_E_32|Matsu Islands;
Matsu Islands;query;place|GLOB2_E_32|Matsu Islands;
馬祖列島;query;place|GLOB2_E_32|Matsu Islands;
Banreeuw;query;place|GLOB2_E_33|Sagami Gawa;
Banyū-gawa;query;place|GLOB2_E_33|Sagami Gawa;
Sagami Gawa;query;place|GLOB2_E_33|Sagami Gawa;
revier Banrieuw;query;place|GLOB2_E_33|Sagami Gawa;
馬入川;query;place|GLOB2_E_33|Sagami Gawa;
Bingo;query;place|GLOB2_E_34|Bingo;
備後;query;place|GLOB2_E_34|Bingo;
Bigenothomme;query;place|GLOB2_E_35|Tomo;
Bignatoma;query;place|GLOB2_E_35|Tomo;
Bignatum;query;place|GLOB2_E_35|Tomo;
Bigonothomme;query;place|GLOB2_E_35|Tomo;
Bingnatome;query;place|GLOB2_E_35|Tomo;
Bingnotonne;query;place|GLOB2_E_35|Tomo;
Bingo-no-Tomo;query;place|GLOB2_E_35|Tomo;
Bingonothomme;query;place|GLOB2_E_35|Tomo;
Bingonotomme;query;place|GLOB2_E_35|Tomo;
Tomo;query;place|GLOB2_E_35|Tomo;
Tomo in Bingo;query;place|GLOB2_E_35|Tomo;
備後ノ鞆;query;place|GLOB2_E_35|Tomo;
Bongo;query;place|GLOB2_E_36|Bungo;
Bungo;query;place|GLOB2_E_36|Bungo;
豊後;query;place|GLOB2_E_36|Bungo;
Chikugo;query;place|GLOB2_E_37|Chikugo;
Sickingo;query;place|GLOB2_E_37|Chikugo;
Tsiecoego;query;place|GLOB2_E_37|Chikugo;
Tsiekingo;query;place|GLOB2_E_37|Chikugo;
筑後;query;place|GLOB2_E_37|Chikugo;
Chiryū;query;place|GLOB2_E_38|Chiryū;
Siriauw;query;place|GLOB2_E_38|Chiryū;
Sirio;query;place|GLOB2_E_38|Chiryū;
Siriomi;query;place|GLOB2_E_38|Chiryū;
Siriou;query;place|GLOB2_E_38|Chiryū;
Sirrouw;query;place|GLOB2_E_38|Chiryū;
知鯉鮒;query;place|GLOB2_E_38|Chiryū;
Edo River;query;place|GLOB2_E_39|Edo River;
江戸川;query;place|GLOB2_E_39|Edo River;
Barma;query;place|GLOB2_E_4|Burma;
Birma;query;place|GLOB2_E_4|Burma;
Burma;query;place|GLOB2_E_4|Burma;
Ejiri;query;place|GLOB2_E_40|Ejiri;
Jeserij;query;place|GLOB2_E_40|Ejiri;
Jesire;query;place|GLOB2_E_40|Ejiri;
江尻;query;place|GLOB2_E_40|Ejiri;
Ezo;query;place|GLOB2_E_41|Ezo;
Hokkaido;query;place|GLOB2_E_41|Ezo;
Jezo;query;place|GLOB2_E_41|Ezo;
蝦夷;query;place|GLOB2_E_41|Ezo;
Ezo;query;place|GLOB2_E_41_GEO_1|Hokkaido;
Hokkaido;query;place|GLOB2_E_41_GEO_1|Hokkaido;
Jezo;query;place|GLOB2_E_41_GEO_1|Hokkaido;
蝦夷;query;place|GLOB2_E_41_GEO_1|Hokkaido;
Ezo;query;place|GLOB2_E_41_HUM_1|Ezo;
Jezo;query;place|GLOB2_E_41_HUM_1|Ezo;
蝦夷;query;place|GLOB2_E_41_HUM_1|Ezo;
Fovisjeda;query;place|GLOB2_E_42|Fujieda;
Fuciada;query;place|GLOB2_E_42|Fujieda;
Fujieda;query;place|GLOB2_E_42|Fujieda;
Jovisjeda;query;place|GLOB2_E_42|Fujieda;
藤枝;query;place|GLOB2_E_42|Fujieda;
Fugiengauwa;query;place|GLOB2_E_43|Fuji Kawa (Shizuoka);
Fuji Kawa (Shizuoka);query;place|GLOB2_E_43|Fuji Kawa (Shizuoka);
Fuji-gawa;query;place|GLOB2_E_43|Fuji Kawa (Shizuoka);
Fusicauwa;query;place|GLOB2_E_43|Fuji Kawa (Shizuoka);
Fusiengauwa;query;place|GLOB2_E_43|Fuji Kawa (Shizuoka);
Fusikauwa;query;place|GLOB2_E_43|Fuji Kawa (Shizuoka);
富士川;query;place|GLOB2_E_43|Fuji Kawa (Shizuoka);
Finsqauwa;query;place|GLOB2_E_44|Fujikawa (Aichi);
Fujikawa;query;place|GLOB2_E_44|Fujikawa (Aichi);
Fujikawa (Aichi);query;place|GLOB2_E_44|Fujikawa (Aichi);
Futskawa;query;place|GLOB2_E_44|Fujikawa (Aichi);
藤川;query;place|GLOB2_E_44|Fujikawa (Aichi);
Foesinijamma;query;place|GLOB2_E_45|Fujiyama;
Fuensenejamma;query;place|GLOB2_E_45|Fujiyama;
Fuji-no-yama;query;place|GLOB2_E_45|Fujiyama;
Fujiyama;query;place|GLOB2_E_45|Fujiyama;
Fusinojamma;query;place|GLOB2_E_45|Fujiyama;
Mount Fuji;query;place|GLOB2_E_45|Fujiyama;
富士ノ山;query;place|GLOB2_E_45|Fujiyama;
Fovissauwa;query;place|GLOB2_E_46|Fujisawa;
Fujisawa;query;place|GLOB2_E_46|Fujisawa;
藤沢;query;place|GLOB2_E_46|Fujisawa;
Ficcafoerij;query;place|GLOB2_E_47|Fukahori;
Fickafoerij;query;place|GLOB2_E_47|Fukahori;
Fickaforij;query;place|GLOB2_E_47|Fukahori;
Fockefoeri;query;place|GLOB2_E_47|Fukahori;
Foekaforij;query;place|GLOB2_E_47|Fukahori;
Fukahori;query;place|GLOB2_E_47|Fukahori;
深堀;query;place|GLOB2_E_47|Fukahori;
Faconda;query;place|GLOB2_E_48|Fukuda;
Foekonda;query;place|GLOB2_E_48|Fukuda;
Foucconda;query;place|GLOB2_E_48|Fukuda;
Fouckonda;query;place|GLOB2_E_48|Fukuda;
Fukuda;query;place|GLOB2_E_48|Fukuda;
福田;query;place|GLOB2_E_48|Fukuda;
Fockeroey;query;place|GLOB2_E_49|Fukuroi;
Foekeroy;query;place|GLOB2_E_49|Fukuroi;
Fokaroij;query;place|GLOB2_E_49|Fukuroi;
Fouckeraij;query;place|GLOB2_E_49|Fukuroi;
Fouckeroij;query;place|GLOB2_E_49|Fukuroi;
Fouckeroy;query;place|GLOB2_E_49|Fukuroi;
Foucouroij;query;place|GLOB2_E_49|Fukuroi;
Foukouraij;query;place|GLOB2_E_49|Fukuroi;
Fukuroi;query;place|GLOB2_E_49|Fukuroi;
袋井;query;place|GLOB2_E_49|Fukuroi;
Holland;query;place|GLOB2_E_5|Holland;
Fortatie;query;place|GLOB2_E_50|Furutachi;
Furutachi;query;place|GLOB2_E_50|Furutachi;
古館;query;place|GLOB2_E_50|Furutachi;
Fushimi;query;place|GLOB2_E_51|Fushimi;
Fussima;query;place|GLOB2_E_51|Fushimi;
Fussimi;query;place|GLOB2_E_51|Fushimi;
Fussimij;query;place|GLOB2_E_51|Fushimi;
Fussumij;query;place|GLOB2_E_51|Fushimi;
伏見;query;place|GLOB2_E_51|Fushimi;
Foetagawa;query;place|GLOB2_E_52|Futagawa;
Ftagauwa;query;place|GLOB2_E_52|Futagawa;
Ftagawa;query;place|GLOB2_E_52|Futagawa;
Futagauwa;query;place|GLOB2_E_52|Futagawa;
Futagawa;query;place|GLOB2_E_52|Futagawa;
Itagauwa;query;place|GLOB2_E_52|Futagawa;
Stangauwa;query;place|GLOB2_E_52|Futagawa;
Sthagauwe;query;place|GLOB2_E_52|Futagawa;
二川;query;place|GLOB2_E_52|Futagawa;
Foetskaijts;query;place|GLOB2_E_53|Futsukaichi;
Futsukaichi;query;place|GLOB2_E_53|Futsukaichi;
二日市;query;place|GLOB2_E_53|Futsukaichi;
Genkai;query;place|GLOB2_E_54|Genkai Jima;
Genkai Jima;query;place|GLOB2_E_54|Genkai Jima;
Ginckaij;query;place|GLOB2_E_54|Genkai Jima;
Ginkaij;query;place|GLOB2_E_54|Genkai Jima;
玄海;query;place|GLOB2_E_54|Genkai Jima;
Gotho;query;place|GLOB2_E_55|Gotō Rettō;
Goto-retto;query;place|GLOB2_E_55|Gotō Rettō;
Gotto;query;place|GLOB2_E_55|Gotō Rettō;
Gotō Islands;query;place|GLOB2_E_55|Gotō Rettō;
Gotō Isles;query;place|GLOB2_E_55|Gotō Rettō;
Gotō Rettō;query;place|GLOB2_E_55|Gotō Rettō;
五島列島;query;place|GLOB2_E_55|Gotō Rettō;
Goi;query;place|GLOB2_E_56|Goyu;
Goij;query;place|GLOB2_E_56|Goyu;
Goija;query;place|GLOB2_E_56|Goyu;
Goy;query;place|GLOB2_E_56|Goyu;
Goyu;query;place|GLOB2_E_56|Goyu;
御油;query;place|GLOB2_E_56|Goyu;
Faccone;query;place|GLOB2_E_57|Hakone;
Facconi;query;place|GLOB2_E_57|Hakone;
Fakkone;query;place|GLOB2_E_57|Hakone;
Fakone;query;place|GLOB2_E_57|Hakone;
Fouckene;query;place|GLOB2_E_57|Hakone;
Hakone;query;place|GLOB2_E_57|Hakone;
箱根;query;place|GLOB2_E_57|Hakone;
Fackosackij;query;place|GLOB2_E_58|Hakozaki;
Hakozaki;query;place|GLOB2_E_58|Hakozaki;
箱崎;query;place|GLOB2_E_58|Hakozaki;
Famamats;query;place|GLOB2_E_59|Hamamatsu;
Fammamats;query;place|GLOB2_E_59|Hamamatsu;
Hamamatsu;query;place|GLOB2_E_59|Hamamatsu;
浜松;query;place|GLOB2_E_59|Hamamatsu;
Dutch Republic;query;place|GLOB2_E_6|Dutch Republic;
Nederlandt;query;place|GLOB2_E_6|Dutch Republic;
Fanamikauwa;query;place|GLOB2_E_60|Hanamizu Gawa;
Hanamizu Gawa;query;place|GLOB2_E_60|Hanamizu Gawa;
Hanamizu-gawa;query;place|GLOB2_E_60|Hanamizu Gawa;
花水川;query;place|GLOB2_E_60|Hanamizu Gawa;
Farra;query;place|GLOB2_E_61|Hara;
Hara;query;place|GLOB2_E_61|Hara;
原;query;place|GLOB2_E_61|Hara;
Farima;query;place|GLOB2_E_62|Harima;
Harima;query;place|GLOB2_E_62|Harima;
Tharima;query;place|GLOB2_E_62|Harima;
播磨;query;place|GLOB2_E_62|Harima;
 三ツ瀬;query;place|GLOB2_E_63|Mitsu-se;
Hen and Chicks;query;place|GLOB2_E_63|Mitsu-se;
Henne met de kuijckens;query;place|GLOB2_E_63|Mitsu-se;
Mitsu-se;query;place|GLOB2_E_63|Mitsu-se;
Mitsuse;query;place|GLOB2_E_63|Mitsu-se;
Harp's Island;query;place|GLOB2_E_64|Tori-shima;
Hen Island;query;place|GLOB2_E_64|Tori-shima;
Tori-shima;query;place|GLOB2_E_64|Tori-shima;
Torishima;query;place|GLOB2_E_64|Tori-shima;
鳥島;query;place|GLOB2_E_64|Tori-shima;
Fibi;query;place|GLOB2_E_65|Hibi;
Fibij;query;place|GLOB2_E_65|Hibi;
Hibi;query;place|GLOB2_E_65|Hibi;
日比;query;place|GLOB2_E_65|Hibi;
Figo;query;place|GLOB2_E_66|Higo;
Fingo;query;place|GLOB2_E_66|Higo;
Higo;query;place|GLOB2_E_66|Higo;
肥後;query;place|GLOB2_E_66|Higo;
Fimissima;query;place|GLOB2_E_67|Hime Shima;
Hime Shima;query;place|GLOB2_E_67|Hime Shima;
Himeshima;query;place|GLOB2_E_67|Hime Shima;
姫島;query;place|GLOB2_E_67|Hime Shima;
Fimij;query;place|GLOB2_E_68|Himi;
Himi;query;place|GLOB2_E_68|Himi;
日見;query;place|GLOB2_E_68|Himi;
Firacatta;query;place|GLOB2_E_69|Hirakata;
Firakatta;query;place|GLOB2_E_69|Hirakata;
Firaskatta;query;place|GLOB2_E_69|Hirakata;
Hirakata;query;place|GLOB2_E_69|Hirakata;
枚方;query;place|GLOB2_E_69|Hirakata;
East Seram;query;place|GLOB2_E_7|East Seram;
Oostceram;query;place|GLOB2_E_7|East Seram;
Firaski;query;place|GLOB2_E_70|Hiratsuka;
Firatske;query;place|GLOB2_E_70|Hiratsuka;
Hiratsuka;query;place|GLOB2_E_70|Hiratsuka;
平塚;query;place|GLOB2_E_70|Hiratsuka;
Figien;query;place|GLOB2_E_71|Hizen;
Fiseen;query;place|GLOB2_E_71|Hizen;
Fisen;query;place|GLOB2_E_71|Hizen;
Fisien;query;place|GLOB2_E_71|Hizen;
Fusien;query;place|GLOB2_E_71|Hizen;
Hizen;query;place|GLOB2_E_71|Hizen;
肥前;query;place|GLOB2_E_71|Hizen;
Foedagaja;query;place|GLOB2_E_72|Hodogaya;
Foedogaja;query;place|GLOB2_E_72|Hodogaya;
Fondangaij;query;place|GLOB2_E_72|Hodogaya;
Hodogaya;query;place|GLOB2_E_72|Hodogaya;
保土ヶ谷;query;place|GLOB2_E_72|Hodogaya;
Foonsjo;query;place|GLOB2_E_73|Honjō;
Honjō;query;place|GLOB2_E_73|Honjō;
本荘;query;place|GLOB2_E_73|Honjō;
Fiongo;query;place|GLOB2_E_74|Hyōgo;
Fioonga;query;place|GLOB2_E_74|Hyōgo;
Fiungo;query;place|GLOB2_E_74|Hyōgo;
Hyōgo;query;place|GLOB2_E_74|Hyōgo;
兵庫;query;place|GLOB2_E_74|Hyōgo;
Ichinotani;query;place|GLOB2_E_75|Ichinotani;
Issinotamij;query;place|GLOB2_E_75|Ichinotani;
一ノ谷;query;place|GLOB2_E_75|Ichinotani;
Iizuka;query;place|GLOB2_E_76|Iizuka;
Isoeka;query;place|GLOB2_E_76|Iizuka;
Isucka;query;place|GLOB2_E_76|Iizuka;
Itska;query;place|GLOB2_E_76|Iizuka;
飯塚;query;place|GLOB2_E_76|Iizuka;
Inasa;query;place|GLOB2_E_77|Mount Inasa;
Inassa;query;place|GLOB2_E_77|Mount Inasa;
Mount Inasa;query;place|GLOB2_E_77|Mount Inasa;
稲佐;query;place|GLOB2_E_77|Mount Inasa;
Cavalhes;query;place|GLOB2_E_78|Iō Jima;
Cavallos Islands;query;place|GLOB2_E_78|Iō Jima;
Iō Jima;query;place|GLOB2_E_78|Iō Jima;
Iōshima;query;place|GLOB2_E_78|Iō Jima;
Ouvos;query;place|GLOB2_E_78|Iō Jima;
Uvos;query;place|GLOB2_E_78|Iō Jima;
Uwos;query;place|GLOB2_E_78|Iō Jima;
伊王島;query;place|GLOB2_E_78|Iō Jima;
Isahaya;query;place|GLOB2_E_79|Isahaya;
Isaphaij;query;place|GLOB2_E_79|Isahaya;
Isaphaja;query;place|GLOB2_E_79|Isahaya;
Isiphaja;query;place|GLOB2_E_79|Isahaya;
諫早;query;place|GLOB2_E_79|Isahaya;
Langqiao;query;place|GLOB2_E_8|Langqiao;
Lonckjauw;query;place|GLOB2_E_8|Langqiao;
Lonckjouw;query;place|GLOB2_E_8|Langqiao;
Loncquiouw;query;place|GLOB2_E_8|Langqiao;
IJzacq;query;place|GLOB2_E_80|Isaki;
Isaackje;query;place|GLOB2_E_80|Isaki;
Isacki;query;place|GLOB2_E_80|Isaki;
Isackij;query;place|GLOB2_E_80|Isaki;
Isaki;query;place|GLOB2_E_80|Isaki;
伊崎;query;place|GLOB2_E_80|Isaki;
Ische;query;place|GLOB2_E_81|Ise;
Ise;query;place|GLOB2_E_81|Ise;
Isie;query;place|GLOB2_E_81|Ise;
Issje;query;place|GLOB2_E_81|Ise;
伊勢;query;place|GLOB2_E_81|Ise;
Ishibe;query;place|GLOB2_E_82|Ishibe;
Issibe;query;place|GLOB2_E_82|Ishibe;
Itzibe;query;place|GLOB2_E_82|Ishibe;
石部;query;place|GLOB2_E_82|Ishibe;
IJziakus;query;place|GLOB2_E_83|Ishiyakushi;
Ishiyakushi;query;place|GLOB2_E_83|Ishiyakushi;
Isiacoets;query;place|GLOB2_E_83|Ishiyakushi;
Isiacuts;query;place|GLOB2_E_83|Ishiyakushi;
Issiacuts;query;place|GLOB2_E_83|Ishiyakushi;
Issiakus;query;place|GLOB2_E_83|Ishiyakushi;
Itsiakuts;query;place|GLOB2_E_83|Ishiyakushi;
石薬師;query;place|GLOB2_E_83|Ishiyakushi;
Ikino Shima;query;place|GLOB2_E_84|Ikino Shima;
Ishū;query;place|GLOB2_E_84|Ikino Shima;
Isjou;query;place|GLOB2_E_84|Ikino Shima;
壱州;query;place|GLOB2_E_84|Ikino Shima;
IJwarij;query;place|GLOB2_E_85|Iwaki;
Iwaki;query;place|GLOB2_E_85|Iwaki;
岩城;query;place|GLOB2_E_85|Iwaki;
Eno Shima;query;place|GLOB2_E_86|Eno Shima;
Enoshima;query;place|GLOB2_E_86|Eno Shima;
Jesinussima;query;place|GLOB2_E_86|Eno Shima;
江ノ島;query;place|GLOB2_E_86|Eno Shima;
Ginussima;query;place|GLOB2_E_87|Jino Shima;
Jino Shima;query;place|GLOB2_E_87|Jino Shima;
Jinoshima;query;place|GLOB2_E_87|Jino Shima;
Simissima;query;place|GLOB2_E_87|Jino Shima;
Sinoijssima;query;place|GLOB2_E_87|Jino Shima;
Sinussima;query;place|GLOB2_E_87|Jino Shima;
地ノ島;query;place|GLOB2_E_87|Jino Shima;
Cabessima;query;place|GLOB2_E_88|Kabe Shima;
Kabe Shima;query;place|GLOB2_E_88|Kabe Shima;
Kabeshima;query;place|GLOB2_E_88|Kabe Shima;
加部島;query;place|GLOB2_E_88|Kabe Shima;
Casimena Oijsime;query;place|GLOB2_E_89|Ō Shima;
Casimena Oijssima;query;place|GLOB2_E_89|Ō Shima;
Cassia nosima;query;place|GLOB2_E_89|Ō Shima;
Kajime-no-Ōshima;query;place|GLOB2_E_89|Ō Shima;
Ō Shima;query;place|GLOB2_E_89|Ō Shima;
梶目ノ大島;query;place|GLOB2_E_89|Ō Shima;
Songipago;query;place|GLOB2_E_9|Sungai Pagu;
Songopago;query;place|GLOB2_E_9|Sungai Pagu;
Sungai Pagu;query;place|GLOB2_E_9|Sungai Pagu;
Sungai Pagun;query;place|GLOB2_E_9|Sungai Pagu;
Kackengauwa;query;place|GLOB2_E_90|Kakegawa;
Kackingawa;query;place|GLOB2_E_90|Kakegawa;
Kakegawa;query;place|GLOB2_E_90|Kakegawa;
Kakingawa;query;place|GLOB2_E_90|Kakegawa;
Kockingauwa;query;place|GLOB2_E_90|Kakegawa;
掛川;query;place|GLOB2_E_90|Kakegawa;
Cammagari;query;place|GLOB2_E_91|Kamagari Islands;
Cammagarij;query;place|GLOB2_E_91|Kamagari Islands;
Cammangari;query;place|GLOB2_E_91|Kamagari Islands;
Cammangarij;query;place|GLOB2_E_91|Kamagari Islands;
Kamagari;query;place|GLOB2_E_91|Kamagari Islands;
Kamagari Islands;query;place|GLOB2_E_91|Kamagari Islands;
蒲刈;query;place|GLOB2_E_91|Kamagari Islands;
Cammejamma;query;place|GLOB2_E_92|Kameyama;
Chamma-jammae;query;place|GLOB2_E_92|Kameyama;
Chammenjamma;query;place|GLOB2_E_92|Kameyama;
Kameyama;query;place|GLOB2_E_92|Kameyama;
亀山;query;place|GLOB2_E_92|Kameyama;
Camenosicke;query;place|GLOB2_E_93|Kaminoseki;
Camenosickij;query;place|GLOB2_E_93|Kaminoseki;
Caminosekij;query;place|GLOB2_E_93|Kaminoseki;
Cammenoseeckij;query;place|GLOB2_E_93|Kaminoseki;
Cammenoseki;query;place|GLOB2_E_93|Kaminoseki;
Cammenosicqui;query;place|GLOB2_E_93|Kaminoseki;
Cammonesequij;query;place|GLOB2_E_93|Kaminoseki;
Cammoniseecki;query;place|GLOB2_E_93|Kaminoseki;
Kamenasekij;query;place|GLOB2_E_93|Kaminoseki;
Kaminoseki;query;place|GLOB2_E_93|Kaminoseki;
上関;query;place|GLOB2_E_93|Kaminoseki;
Camoro;query;place|GLOB2_E_94|Okikamuro-jima;
Camro;query;place|GLOB2_E_94|Okikamuro-jima;
Kamuro;query;place|GLOB2_E_94|Okikamuro-jima;
Okikamuro-jima;query;place|GLOB2_E_94|Okikamuro-jima;
家室;query;place|GLOB2_E_94|Okikamuro-jima;
Camagauwa;query;place|GLOB2_E_95|Kanagawa;
Cammagawa;query;place|GLOB2_E_95|Kanagawa;
Cannangauwa;query;place|GLOB2_E_95|Kanagawa;
Kanagawa;query;place|GLOB2_E_95|Kanagawa;
神奈川;query;place|GLOB2_E_95|Kanagawa;
Canaija;query;place|GLOB2_E_96|Kanaya;
Canaije;query;place|GLOB2_E_96|Kanaya;
Canaja;query;place|GLOB2_E_96|Kanaya;
Canaje;query;place|GLOB2_E_96|Kanaya;
Canaya;query;place|GLOB2_E_96|Kanaya;
Cangje;query;place|GLOB2_E_96|Kanaya;
Cannaja;query;place|GLOB2_E_96|Kanaya;
Kanaya;query;place|GLOB2_E_96|Kanaya;
金谷;query;place|GLOB2_E_96|Kanaya;
Cambara;query;place|GLOB2_E_97|Kanbara;
Cambare;query;place|GLOB2_E_97|Kanbara;
Cambaro;query;place|GLOB2_E_97|Kanbara;
Cambarra;query;place|GLOB2_E_97|Kanbara;
Combara;query;place|GLOB2_E_97|Kanbara;
Kanbara;query;place|GLOB2_E_97|Kanbara;
蒲原;query;place|GLOB2_E_97|Kanbara;
Canneijsackij;query;place|GLOB2_E_98|Kanezaki;
Kanezaki;query;place|GLOB2_E_98|Kanezaki;
鐘崎;query;place|GLOB2_E_98|Kanezaki;
Cansackij;query;place|GLOB2_E_99|Kanzaki;
Kansacki;query;place|GLOB2_E_99|Kanzaki;
Kanzaki;query;place|GLOB2_E_99|Kanzaki;
神崎;query;place|GLOB2_E_99|Kanzaki;
Abobo;query;place|GLOB_1|Abubu;
Aboebo;query;place|GLOB_1|Abubu;
Aboeboe;query;place|GLOB_1|Abubu;
Abubu;query;place|GLOB_1|Abubu;
Baijpin;query;place|GLOB_10|Vypin;
Baipin;query;place|GLOB_10|Vypin;
Baypin;query;place|GLOB_10|Vypin;
Vaipin;query;place|GLOB_10|Vypin;
Vypeen;query;place|GLOB_10|Vypin;
Vypin;query;place|GLOB_10|Vypin;
Waipin;query;place|GLOB_10|Vypin;
Chicacol;query;place|GLOB_100|Srikakulam;
Gicacol;query;place|GLOB_100|Srikakulam;
Sicacol;query;place|GLOB_100|Srikakulam;
Siccacol;query;place|GLOB_100|Srikakulam;
Srikakulam;query;place|GLOB_100|Srikakulam;
Salida;query;place|GLOB_101|Salide;
Salide;query;place|GLOB_101|Salide;
Salido Ketjil;query;place|GLOB_101|Salide;
Silida;query;place|GLOB_101|Salide;
Silledo;query;place|GLOB_101|Salide;
Sillida;query;place|GLOB_101|Salide;
Zelida;query;place|GLOB_101|Salide;
Zilida;query;place|GLOB_101|Salide;
Zillida;query;place|GLOB_101|Salide;
Chengalpattu;query;place|GLOB_102|Chengalpattu;
Chingleput;query;place|GLOB_102|Chengalpattu;
Singelepette;query;place|GLOB_102|Chengalpattu;
Singlepette;query;place|GLOB_102|Chengalpattu;
Chincol;query;place|GLOB_103|Singkil;
Chinkol;query;place|GLOB_103|Singkil;
Sincol;query;place|GLOB_103|Singkil;
Singkel;query;place|GLOB_103|Singkil;
Singkil;query;place|GLOB_103|Singkil;
Sinkol;query;place|GLOB_103|Singkil;
Sonba'i;query;place|GLOB_104|Sonba'i;
Sonbait;query;place|GLOB_104|Sonba'i;
Sonnebay;query;place|GLOB_104|Sonba'i;
Sopeng;query;place|GLOB_105|Watansoppeng;
Soping;query;place|GLOB_105|Watansoppeng;
Soppeng;query;place|GLOB_105|Watansoppeng;
Sopèng;query;place|GLOB_105|Watansoppeng;
Watansoppeng;query;place|GLOB_105|Watansoppeng;
Tacauw;query;place|GLOB_107|Tiku;
Tico;query;place|GLOB_107|Tiku;
Ticou;query;place|GLOB_107|Tiku;
Ticous;query;place|GLOB_107|Tiku;
Tikoes;query;place|GLOB_107|Tiku;
Tiku;query;place|GLOB_107|Tiku;
Pulau Tifore;query;place|GLOB_108|Pulau Tifore;
Taffoery;query;place|GLOB_108|Pulau Tifore;
Tafoure;query;place|GLOB_108|Pulau Tifore;
Tafure;query;place|GLOB_108|Pulau Tifore;
Tifore;query;place|GLOB_108|Pulau Tifore;
Tharangambadi;query;place|GLOB_109|Tharangambadi;
Tranckebare;query;place|GLOB_109|Tharangambadi;
Trangabarij;query;place|GLOB_109|Tharangambadi;
Trangebare;query;place|GLOB_109|Tharangambadi;
Trankebar;query;place|GLOB_109|Tharangambadi;
Tranquebaar;query;place|GLOB_109|Tharangambadi;
Tranquebare;query;place|GLOB_109|Tharangambadi;
Banca;query;place|GLOB_11|Pulau Bangka;
Bangka;query;place|GLOB_11|Pulau Bangka;
Banka;query;place|GLOB_11|Pulau Bangka;
Bankas;query;place|GLOB_11|Pulau Bangka;
Pulau Bangka;query;place|GLOB_11|Pulau Bangka;
Thrissur;query;place|GLOB_110|Thrissur;
Trichur;query;place|GLOB_110|Thrissur;
Tritsjoer;query;place|GLOB_110|Thrissur;
Tawaloer;query;place|GLOB_111|Thiruvarur;
Thiruvarur;query;place|GLOB_111|Thiruvarur;
Tiruvalur;query;place|GLOB_111|Thiruvarur;
Triwaloer;query;place|GLOB_111|Thiruvarur;
Triwiloer;query;place|GLOB_111|Thiruvarur;
Pulau Workai;query;place|GLOB_112|Pulau Workai;
Warkai;query;place|GLOB_112|Pulau Workai;
Warkay;query;place|GLOB_112|Pulau Workai;
Wirkai;query;place|GLOB_112|Pulau Workai;
Wirkay;query;place|GLOB_112|Pulau Workai;
Workai;query;place|GLOB_112|Pulau Workai;
Focheu;query;place|GLOB_113|Fuzhou;
Fu-Tsjou;query;place|GLOB_113|Fuzhou;
Fu-tsjou;query;place|GLOB_113|Fuzhou;
Fucheo;query;place|GLOB_113|Fuzhou;
Fuzhou;query;place|GLOB_113|Fuzhou;
Hoccheo;query;place|GLOB_113|Fuzhou;
Hocheo;query;place|GLOB_113|Fuzhou;
Hochieuw;query;place|GLOB_113|Fuzhou;
Hochsieu;query;place|GLOB_113|Fuzhou;
Hockcheeuw;query;place|GLOB_113|Fuzhou;
Hockseo;query;place|GLOB_113|Fuzhou;
Hockseuw;query;place|GLOB_113|Fuzhou;
Hocksieu;query;place|GLOB_113|Fuzhou;
Hocksieuw;query;place|GLOB_113|Fuzhou;
Hockzeo;query;place|GLOB_113|Fuzhou;
Hockzieuw;query;place|GLOB_113|Fuzhou;
Hocsieu;query;place|GLOB_113|Fuzhou;
Hocsiuw;query;place|GLOB_113|Fuzhou;
Hoksieu;query;place|GLOB_113|Fuzhou;
Houcksieuw;query;place|GLOB_113|Fuzhou;
福州;query;place|GLOB_113|Fuzhou;
Facatta;query;place|GLOB_114|Fukuoka;
Fakata;query;place|GLOB_114|Fukuoka;
Fakkatta;query;place|GLOB_114|Fukuoka;
Fukuoka;query;place|GLOB_114|Fukuoka;
Hakata;query;place|GLOB_114|Fukuoka;
博多;query;place|GLOB_114|Fukuoka;
Bangaij;query;place|GLOB_115|Pulau Banggai;
Bangay;query;place|GLOB_115|Pulau Banggai;
Banggai;query;place|GLOB_115|Pulau Banggai;
Bengaaij;query;place|GLOB_115|Pulau Banggai;
Bongay;query;place|GLOB_115|Pulau Banggai;
Gapi;query;place|GLOB_115|Pulau Banggai;
Pulau Banggai;query;place|GLOB_115|Pulau Banggai;
Gouden Leeuwseiland;query;place|GLOB_116|Liuqiu Yu;
Lamay;query;place|GLOB_116|Liuqiu Yu;
Lambai;query;place|GLOB_116|Liuqiu Yu;
Lamei;query;place|GLOB_116|Liuqiu Yu;
Lamey;query;place|GLOB_116|Liuqiu Yu;
Liuqiu Yu;query;place|GLOB_116|Liuqiu Yu;
Xiao Liuqiu;query;place|GLOB_116|Liuqiu Yu;
小琉球;query;place|GLOB_116|Liuqiu Yu;
Golffo;query;place|GLOB_117|Persian Gulf;
Persian Gulf;query;place|GLOB_117|Persian Gulf;
Perzische Golf;query;place|GLOB_117|Persian Gulf;
La Moa;query;place|GLOB_118|Nan’ao Dao;
Lamo;query;place|GLOB_118|Nan’ao Dao;
Lamoa;query;place|GLOB_118|Nan’ao Dao;
Lamoe;query;place|GLOB_118|Nan’ao Dao;
Namoa;query;place|GLOB_118|Nan’ao Dao;
Nanao;query;place|GLOB_118|Nan’ao Dao;
Nan’ao Dao;query;place|GLOB_118|Nan’ao Dao;
南澳;query;place|GLOB_118|Nan’ao Dao;
Lessou;query;place|GLOB_119|Xiaojinmen Dao;
Lieh-hsü;query;place|GLOB_119|Xiaojinmen Dao;
Xiaojinmen Dao;query;place|GLOB_119|Xiaojinmen Dao;
Al Basrah;query;place|GLOB_12|Basrah;
Balsra;query;place|GLOB_12|Basrah;
Basra;query;place|GLOB_12|Basrah;
Basrah;query;place|GLOB_12|Basrah;
Bassoera;query;place|GLOB_12|Basrah;
Bassora;query;place|GLOB_12|Basrah;
Bassoura;query;place|GLOB_12|Basrah;
Bassura;query;place|GLOB_12|Basrah;
Baçora;query;place|GLOB_12|Basrah;
Auer;query;place|GLOB_120|Pulau Aur;
Aur;query;place|GLOB_120|Pulau Aur;
Aur, Pulu;query;place|GLOB_120|Pulau Aur;
Laur;query;place|GLOB_120|Pulau Aur;
Pulau Aur;query;place|GLOB_120|Pulau Aur;
Jung Ceylon;query;place|GLOB_121|Ko Phuket;
Ko Phuket;query;place|GLOB_121|Ko Phuket;
Oedjang Salang;query;place|GLOB_121|Ko Phuket;
Salang;query;place|GLOB_121|Ko Phuket;
Tanjongh Selang;query;place|GLOB_121|Ko Phuket;
Udjung Salang;query;place|GLOB_121|Ko Phuket;
Udjung Selang;query;place|GLOB_121|Ko Phuket;
Djaratan;query;place|GLOB_122|Jaratan;
Jaratan;query;place|GLOB_122|Jaratan;
Jortan;query;place|GLOB_122|Jaratan;
Java's Eastern Coast;query;place|GLOB_123|Java's Eastern Coast;
Java's Oostkust;query;place|GLOB_123|Java's Eastern Coast;
Oostkust;query;place|GLOB_123|Java's Eastern Coast;
Oostkust van Java;query;place|GLOB_123|Java's Eastern Coast;
Chi-lung;query;place|GLOB_124|Heping Dao;
Heping;query;place|GLOB_124|Heping Dao;
Heping Dao;query;place|GLOB_124|Heping Dao;
Jilong;query;place|GLOB_124|Heping Dao;
Keelung;query;place|GLOB_124|Heping Dao;
Kelan;query;place|GLOB_124|Heping Dao;
Kelang;query;place|GLOB_124|Heping Dao;
Kelangh;query;place|GLOB_124|Heping Dao;
Ki-Lung;query;place|GLOB_124|Heping Dao;
Quelang;query;place|GLOB_124|Heping Dao;
Bagadeth;query;place|GLOB_125|Baghdad;
Bagdad;query;place|GLOB_125|Baghdad;
Bagdat;query;place|GLOB_125|Baghdad;
Baghdad;query;place|GLOB_125|Baghdad;
Babi, Pulau;query;place|GLOB_126|Pulau Liran;
Lierong;query;place|GLOB_126|Pulau Liran;
Liran;query;place|GLOB_126|Pulau Liran;
Lirang;query;place|GLOB_126|Pulau Liran;
Pulau Liran;query;place|GLOB_126|Pulau Liran;
Batutjina;query;place|GLOB_127|Pulau Halmahera;
Halamahera;query;place|GLOB_127|Pulau Halmahera;
Halmaheira;query;place|GLOB_127|Pulau Halmahera;
Halmaherra;query;place|GLOB_127|Pulau Halmahera;
Pulau Halmahera;query;place|GLOB_127|Pulau Halmahera;
Amboina;query;place|GLOB_129|Pulau Ambon;
Ambon;query;place|GLOB_129|Pulau Ambon;
Ambonia;query;place|GLOB_129|Pulau Ambon;
Amboyna;query;place|GLOB_129|Pulau Ambon;
Pulau Ambon;query;place|GLOB_129|Pulau Ambon;
Batahan;query;place|GLOB_13|Batahan;
Battahan;query;place|GLOB_13|Batahan;
Andragierij;query;place|GLOB_130|Indragiri River;
Andragiri;query;place|GLOB_130|Indragiri River;
Andragirij;query;place|GLOB_130|Indragiri River;
Andragiry;query;place|GLOB_130|Indragiri River;
Andrahira;query;place|GLOB_130|Indragiri River;
Indragiri;query;place|GLOB_130|Indragiri River;
Indragiri River;query;place|GLOB_130|Indragiri River;
Indragirj;query;place|GLOB_130|Indragiri River;
Cotche;query;place|GLOB_132|Ikitsuki Shima;
Ikitsuki;query;place|GLOB_132|Ikitsuki Shima;
Ikitsuki Shima;query;place|GLOB_132|Ikitsuki Shima;
Edo;query;place|GLOB_133|Tokyo;
Jedo;query;place|GLOB_133|Tokyo;
Tokio;query;place|GLOB_133|Tokyo;
Tokyo;query;place|GLOB_133|Tokyo;
Yedo;query;place|GLOB_133|Tokyo;
江戸;query;place|GLOB_133|Tokyo;
Djohore;query;place|GLOB_134|Johor;
Ior;query;place|GLOB_134|Johor;
Johor;query;place|GLOB_134|Johor;
Johore;query;place|GLOB_134|Johor;
Chincheo;query;place|GLOB_135|Chincheo;
Chincheu;query;place|GLOB_135|Chincheo;
Jiulong;query;place|GLOB_135|Chincheo;
Tsjintsjoe;query;place|GLOB_135|Chincheo;
Chincheo;query;place|GLOB_135_GEO_1|Jiulong Jiang;
Chincheu;query;place|GLOB_135_GEO_1|Jiulong Jiang;
Jiulong;query;place|GLOB_135_GEO_1|Jiulong Jiang;
Jiulong Jiang;query;place|GLOB_135_GEO_1|Jiulong Jiang;
Tsjintsjoe;query;place|GLOB_135_GEO_1|Jiulong Jiang;
Cancheo;query;place|GLOB_135_HUM_1|Zhangzhou;
Cancieuw;query;place|GLOB_135_HUM_1|Zhangzhou;
Chancheo;query;place|GLOB_135_HUM_1|Zhangzhou;
Chanchouw;query;place|GLOB_135_HUM_1|Zhangzhou;
Chanchseo;query;place|GLOB_135_HUM_1|Zhangzhou;
Chincheo;query;place|GLOB_135_HUM_1|Zhangzhou;
Chincheu;query;place|GLOB_135_HUM_1|Zhangzhou;
Sancheo;query;place|GLOB_135_HUM_1|Zhangzhou;
Tsjintsjoe;query;place|GLOB_135_HUM_1|Zhangzhou;
Zhangzhou;query;place|GLOB_135_HUM_1|Zhangzhou;
漳州;query;place|GLOB_135_HUM_1|Zhangzhou;
Chincheo;query;place|GLOB_135_HUM_2|Chincheo;
Chincheu;query;place|GLOB_135_HUM_2|Chincheo;
Tsjintsjoe;query;place|GLOB_135_HUM_2|Chincheo;
Champa;query;place|GLOB_136|Champa;
Tjampa;query;place|GLOB_136|Champa;
占城;query;place|GLOB_136|Champa;
Castella;query;place|GLOB_137|Castile;
Castile;query;place|GLOB_137|Castile;
Castilië;query;place|GLOB_137|Castile;
Spanje;query;place|GLOB_137|Castile;
Serang;query;place|GLOB_138|Syriam;
Sierang;query;place|GLOB_138|Syriam;
Sierangh;query;place|GLOB_138|Syriam;
Siriam;query;place|GLOB_138|Syriam;
Siriang;query;place|GLOB_138|Syriam;
Siriangh;query;place|GLOB_138|Syriam;
Syriam;query;place|GLOB_138|Syriam;
Bacan;query;place|GLOB_14|Pulau Bacan;
Bachian;query;place|GLOB_14|Pulau Bacan;
Bakian;query;place|GLOB_14|Pulau Bacan;
Batchiaan;query;place|GLOB_14|Pulau Bacan;
Batchiam;query;place|GLOB_14|Pulau Bacan;
Batchian;query;place|GLOB_14|Pulau Bacan;
Batcian;query;place|GLOB_14|Pulau Bacan;
Batjan;query;place|GLOB_14|Pulau Bacan;
Batschian;query;place|GLOB_14|Pulau Bacan;
Pulau Bacan;query;place|GLOB_14|Pulau Bacan;
Samanca;query;place|GLOB_140|Teluk Semangka;
Samanka;query;place|GLOB_140|Teluk Semangka;
Semangka;query;place|GLOB_140|Teluk Semangka;
Teluk Semangka;query;place|GLOB_140|Teluk Semangka;
Lesiela;query;place|GLOB_141|Lesiela;
Lessiele;query;place|GLOB_141|Lesiela;
Lisiella;query;place|GLOB_141|Lesiela;
Lucelle;query;place|GLOB_141|Lesiela;
Luciela;query;place|GLOB_141|Lesiela;
Luciella;query;place|GLOB_141|Lesiela;
Lesiela;query;place|GLOB_141_HUM_1|Lesiela;
Lessiele;query;place|GLOB_141_HUM_1|Lesiela;
Lisiella;query;place|GLOB_141_HUM_1|Lesiela;
Lucelle;query;place|GLOB_141_HUM_1|Lesiela;
Luciela;query;place|GLOB_141_HUM_1|Lesiela;
Luciella;query;place|GLOB_141_HUM_1|Lesiela;
Lesiela;query;place|GLOB_141_HUM_2|Lesiela;
Lessiele;query;place|GLOB_141_HUM_2|Lesiela;
Lisiella;query;place|GLOB_141_HUM_2|Lesiela;
Lucelle;query;place|GLOB_141_HUM_2|Lesiela;
Luciela;query;place|GLOB_141_HUM_2|Lesiela;
Luciella;query;place|GLOB_141_HUM_2|Lesiela;
Bijapur;query;place|GLOB_142|Vijayapura;
Vijayapura;query;place|GLOB_142|Vijayapura;
Visiapour;query;place|GLOB_142|Vijayapura;
Ilhas Queimadas;query;place|GLOB_143|Vengurla Rocks;
Ilheos Queymados;query;place|GLOB_143|Vengurla Rocks;
Vengurla Rocks;query;place|GLOB_143|Vengurla Rocks;
Verbrande Eilanden;query;place|GLOB_143|Vengurla Rocks;
Oemera;query;place|GLOB_144|Ōmura;
Oemra;query;place|GLOB_144|Ōmura;
Ombra;query;place|GLOB_144|Ōmura;
Omura;query;place|GLOB_144|Ōmura;
Umbra;query;place|GLOB_144|Ōmura;
Unbra;query;place|GLOB_144|Ōmura;
Ōmura;query;place|GLOB_144|Ōmura;
大村;query;place|GLOB_144|Ōmura;
Australi;query;place|GLOB_145|Australia;
Australia;query;place|GLOB_145|Australia;
Australie;query;place|GLOB_145|Australia;
Terra Australis;query;place|GLOB_145|Australia;
Terres australes;query;place|GLOB_145|Australia;
Zuidland;query;place|GLOB_145|Australia;
Zuydland;query;place|GLOB_145|Australia;
Formosa;query;place|GLOB_147|Taiwan;
Pakan;query;place|GLOB_147|Taiwan;
Taijouan;query;place|GLOB_147|Taiwan;
Taijovan;query;place|GLOB_147|Taiwan;
Taiwan;query;place|GLOB_147|Taiwan;
Tajouan;query;place|GLOB_147|Taiwan;
Tajouhan;query;place|GLOB_147|Taiwan;
Tayouan;query;place|GLOB_147|Taiwan;
Tayouhan;query;place|GLOB_147|Taiwan;
Tayouwan;query;place|GLOB_147|Taiwan;
Thaiwan;query;place|GLOB_147|Taiwan;
台湾;query;place|GLOB_147|Taiwan;
Maylapoer;query;place|GLOB_148|Mylapore;
Meliapore;query;place|GLOB_148|Mylapore;
Meliapour;query;place|GLOB_148|Mylapore;
Meliapur;query;place|GLOB_148|Mylapore;
Mylapore;query;place|GLOB_148|Mylapore;
San Thome;query;place|GLOB_148|Mylapore;
St Thomas;query;place|GLOB_148|Mylapore;
St Thomé;query;place|GLOB_148|Mylapore;
Thomas, Sint;query;place|GLOB_148|Mylapore;
Thomas, St;query;place|GLOB_148|Mylapore;
Thomé, St;query;place|GLOB_148|Mylapore;
Maylapoer;query;place|GLOB_148_HUM_1|Mylapore;
Meliapore;query;place|GLOB_148_HUM_1|Mylapore;
Meliapour;query;place|GLOB_148_HUM_1|Mylapore;
Meliapur;query;place|GLOB_148_HUM_1|Mylapore;
Mylapore;query;place|GLOB_148_HUM_1|Mylapore;
San Thome;query;place|GLOB_148_HUM_1|Mylapore;
St Thomas;query;place|GLOB_148_HUM_1|Mylapore;
St Thomé;query;place|GLOB_148_HUM_1|Mylapore;
Thomas, Sint;query;place|GLOB_148_HUM_1|Mylapore;
Thomas, St;query;place|GLOB_148_HUM_1|Mylapore;
Thomé, St;query;place|GLOB_148_HUM_1|Mylapore;
Maylapoer;query;place|GLOB_148_HUM_2|Mylapore;
Meliapore;query;place|GLOB_148_HUM_2|Mylapore;
Meliapour;query;place|GLOB_148_HUM_2|Mylapore;
Meliapur;query;place|GLOB_148_HUM_2|Mylapore;
Mylapore;query;place|GLOB_148_HUM_2|Mylapore;
San Thome;query;place|GLOB_148_HUM_2|Mylapore;
St Thomas;query;place|GLOB_148_HUM_2|Mylapore;
St Thomé;query;place|GLOB_148_HUM_2|Mylapore;
Thomas, Sint;query;place|GLOB_148_HUM_2|Mylapore;
Thomas, St;query;place|GLOB_148_HUM_2|Mylapore;
Thomé, St;query;place|GLOB_148_HUM_2|Mylapore;
Nanckin;query;place|GLOB_149|Nanjing;
Nancquin;query;place|GLOB_149|Nanjing;
Nangking;query;place|GLOB_149|Nanjing;
Nanjing;query;place|GLOB_149|Nanjing;
Nankijn;query;place|GLOB_149|Nanjing;
Nanking;query;place|GLOB_149|Nanjing;
Nanquin;query;place|GLOB_149|Nanjing;
Nanquyn;query;place|GLOB_149|Nanjing;
南京;query;place|GLOB_149|Nanjing;
Ai;query;place|GLOB_151|Pulau Ai;
Ai, Pulau;query;place|GLOB_151|Pulau Ai;
Aij;query;place|GLOB_151|Pulau Ai;
Ay;query;place|GLOB_151|Pulau Ai;
Ay, Poelo;query;place|GLOB_151|Pulau Ai;
Poelo Aij;query;place|GLOB_151|Pulau Ai;
Pouloway;query;place|GLOB_151|Pulau Ai;
Pulau Ai;query;place|GLOB_151|Pulau Ai;
Pulowaij;query;place|GLOB_151|Pulau Ai;
Hormoz;query;place|GLOB_152|Jazireh-ye Hormoz;
Hormus;query;place|GLOB_152|Jazireh-ye Hormoz;
Hormuz;query;place|GLOB_152|Jazireh-ye Hormoz;
Jazireh-ye Hormoz;query;place|GLOB_152|Jazireh-ye Hormoz;
Ormus;query;place|GLOB_152|Jazireh-ye Hormoz;
Ormuz;query;place|GLOB_152|Jazireh-ye Hormoz;
Ornus;query;place|GLOB_152|Jazireh-ye Hormoz;
Muna;query;place|GLOB_153|Muna Island;
Muna Island;query;place|GLOB_153|Muna Island;
Panchiano;query;place|GLOB_153|Muna Island;
Pangasane;query;place|GLOB_153|Muna Island;
Pantchiano;query;place|GLOB_153|Muna Island;
Pantjiano;query;place|GLOB_153|Muna Island;
Pantsjano;query;place|GLOB_153|Muna Island;
Pantsjao;query;place|GLOB_153|Muna Island;
Pulau Muna;query;place|GLOB_153|Muna Island;
Gnoffaquia;query;place|GLOB_154|Ngofakiaha;
Gnofficquia;query;place|GLOB_154|Ngofakiaha;
Moffagita;query;place|GLOB_154|Ngofakiaha;
Moffaquia;query;place|GLOB_154|Ngofakiaha;
Ngofakiaha;query;place|GLOB_154|Ngofakiaha;
Cidade de Iudda;query;place|GLOB_156|Jeddah;
Djeddah;query;place|GLOB_156|Jeddah;
Jedda;query;place|GLOB_156|Jeddah;
Jeddah;query;place|GLOB_156|Jeddah;
Jiddah;query;place|GLOB_156|Jeddah;
Juda;query;place|GLOB_156|Jeddah;
Sjedda;query;place|GLOB_156|Jeddah;
Bandar Abbas;query;place|GLOB_158|Bandar Abbas;
Bandar-e Abbas;query;place|GLOB_158|Bandar Abbas;
Benderabasi;query;place|GLOB_158|Bandar Abbas;
Gamron;query;place|GLOB_158|Bandar Abbas;
Gamroon;query;place|GLOB_158|Bandar Abbas;
Gombrou;query;place|GLOB_158|Bandar Abbas;
Arsapour;query;place|GLOB_159|Harispur;
Harispur;query;place|GLOB_159|Harispur;
Hariçpur;query;place|GLOB_159|Harispur;
Behaar;query;place|GLOB_16|Bihar;
Bhaar;query;place|GLOB_16|Bihar;
Bihar;query;place|GLOB_16|Bihar;
Bohaar;query;place|GLOB_16|Bihar;
Champelle;query;place|GLOB_162|Cù Lao Chàm;
Champello;query;place|GLOB_162|Cù Lao Chàm;
Culao-Cham;query;place|GLOB_162|Cù Lao Chàm;
Cù Lao Chàm;query;place|GLOB_162|Cù Lao Chàm;
Chatigan;query;place|GLOB_163|Chattogram;
Chattogram;query;place|GLOB_163|Chattogram;
Chittagong;query;place|GLOB_163|Chattogram;
Satagang;query;place|GLOB_163|Chattogram;
Satigan;query;place|GLOB_163|Chattogram;
Tiruchchendur;query;place|GLOB_164|Tiruchchendur;
Tiruchchendur ;query;place|GLOB_164|Tiruchchendur;
Tiruchendur;query;place|GLOB_164|Tiruchchendur;
Tristenadour;query;place|GLOB_164|Tiruchchendur;
Subrahmanyaswāmi Kovil;query;place|GLOB_164_HUM_1|Subrahmanyaswāmi Kovil;
Tiruchchendur ;query;place|GLOB_164_HUM_1|Subrahmanyaswāmi Kovil;
Tiruchendur;query;place|GLOB_164_HUM_1|Subrahmanyaswāmi Kovil;
Tristenadour;query;place|GLOB_164_HUM_1|Subrahmanyaswāmi Kovil;
Tiruchchendur;query;place|GLOB_164_HUM_2|Tiruchchendur;
Tiruchchendur ;query;place|GLOB_164_HUM_2|Tiruchchendur;
Tiruchendur;query;place|GLOB_164_HUM_2|Tiruchchendur;
Tristenadour;query;place|GLOB_164_HUM_2|Tiruchchendur;
Billitota;query;place|GLOB_165|Welitara;
Billitotte;query;place|GLOB_165|Welitara;
Welitara;query;place|GLOB_165|Welitara;
Veeravasaram;query;place|GLOB_166|Veeravasaram;
Verasherom;query;place|GLOB_166|Veeravasaram;
Virvasaram;query;place|GLOB_166|Veeravasaram;
Wierwasserom;query;place|GLOB_166|Veeravasaram;
Wierwasseron;query;place|GLOB_166|Veeravasaram;
Berhala;query;place|GLOB_167|Pulau Berhala;
Poelo Verrelle;query;place|GLOB_167|Pulau Berhala;
Pulau Berhala;query;place|GLOB_167|Pulau Berhala;
Varella, Pulau;query;place|GLOB_167|Pulau Berhala;
Kaohsiung;query;place|GLOB_168|Kaohsiung;
Tackays;query;place|GLOB_168|Kaohsiung;
Tanckoya;query;place|GLOB_168|Kaohsiung;
Tankoja;query;place|GLOB_168|Kaohsiung;
高雄;query;place|GLOB_168|Kaohsiung;
Beccencoer;query;place|GLOB_17|Vadakkumkur;
Berkenkoer;query;place|GLOB_17|Vadakkumkur;
Berkenkur;query;place|GLOB_17|Vadakkumkur;
Vadakkumkur;query;place|GLOB_17|Vadakkumkur;
Vatakkumkur;query;place|GLOB_17|Vadakkumkur;
Vattakumkur;query;place|GLOB_17|Vadakkumkur;
Elpaputi;query;place|GLOB_170|Elpaputi;
Elpaputih;query;place|GLOB_170|Elpaputi;
Kelaputi;query;place|GLOB_170|Elpaputi;
Quelkepouty;query;place|GLOB_170|Elpaputi;
Quelque Poete;query;place|GLOB_170|Elpaputi;
Elpaputih;query;place|GLOB_170_GEO_1|Teluk Elpaputih;
Kelaputi;query;place|GLOB_170_GEO_1|Teluk Elpaputih;
Quelkepouty;query;place|GLOB_170_GEO_1|Teluk Elpaputih;
Quelque Poete;query;place|GLOB_170_GEO_1|Teluk Elpaputih;
Teluk Elpaputih;query;place|GLOB_170_GEO_1|Teluk Elpaputih;
Elpaputi;query;place|GLOB_170_HUM_1|Elpaputi;
Elpaputih;query;place|GLOB_170_HUM_1|Elpaputi;
Kelaputi;query;place|GLOB_170_HUM_1|Elpaputi;
Quelkepouty;query;place|GLOB_170_HUM_1|Elpaputi;
Quelque Poete;query;place|GLOB_170_HUM_1|Elpaputi;
Giang;query;place|GLOB_171|Nghệ An;
Nghe-an;query;place|GLOB_171|Nghệ An;
Nghệ An;query;place|GLOB_171|Nghệ An;
Angazidja;query;place|GLOB_172|Ngazidja;
Comore, Grande;query;place|GLOB_172|Ngazidja;
Gasitsia;query;place|GLOB_172|Ngazidja;
Ngazidja;query;place|GLOB_172|Ngazidja;
Groningerbaai;query;place|GLOB_173|Jieshi Wan;
Jieshi Wan;query;place|GLOB_173|Jieshi Wan;
Timboij;query;place|GLOB_173|Jieshi Wan;
Baixos de Padua;query;place|GLOB_175|Bassas de Pedro;
Baixos de Pedro;query;place|GLOB_175|Bassas de Pedro;
Bassas de Pedro;query;place|GLOB_175|Bassas de Pedro;
Azhikkal;query;place|GLOB_176|Azhikkal;
Baliapatam;query;place|GLOB_176|Azhikkal;
Valarpattanam;query;place|GLOB_176|Azhikkal;
Amsterdam (eiland);query;place|GLOB_177|Karaitivu;
Amsterdam, Eiland;query;place|GLOB_177|Karaitivu;
Caretivo;query;place|GLOB_177|Karaitivu;
Caretivoe;query;place|GLOB_177|Karaitivu;
Carredivo;query;place|GLOB_177|Karaitivu;
Karaitivu;query;place|GLOB_177|Karaitivu;
Ceit;query;place|GLOB_178|Said;
Ceith;query;place|GLOB_178|Said;
Ceyt;query;place|GLOB_178|Said;
Cheijt;query;place|GLOB_178|Said;
Said;query;place|GLOB_178|Said;
Sait;query;place|GLOB_178|Said;
Seijt;query;place|GLOB_178|Said;
Seyt;query;place|GLOB_178|Said;
Zaijdt;query;place|GLOB_178|Said;
Zeijth;query;place|GLOB_178|Said;
Zeyt;query;place|GLOB_178|Said;
Biliton;query;place|GLOB_18|Pulau Belitung;
Billiton;query;place|GLOB_18|Pulau Belitung;
Bliton;query;place|GLOB_18|Pulau Belitung;
Pulau Belitung;query;place|GLOB_18|Pulau Belitung;
Berbeiro;query;place|GLOB_180|Berbeiro;
Cailjeran;query;place|GLOB_180|Berbeiro;
Delhi;query;place|GLOB_181|Delhi (India);
Delhi (India);query;place|GLOB_181|Delhi (India);
Dhillij;query;place|GLOB_181|Delhi (India);
Dillij;query;place|GLOB_181|Delhi (India);
Sjahjahanabad;query;place|GLOB_181|Delhi (India);
Pangkadjene;query;place|GLOB_183|Pangkajene;
Pangkajene;query;place|GLOB_183|Pangkajene;
Siang;query;place|GLOB_183|Pangkajene;
Sijan;query;place|GLOB_183|Pangkajene;
Sijang;query;place|GLOB_183|Pangkajene;
Mad;query;place|GLOB_184|Madagascar;
Madagascar;query;place|GLOB_184|Madagascar;
Madagaskar;query;place|GLOB_184|Madagascar;
Madagscar;query;place|GLOB_184|Madagascar;
St. Laurens;query;place|GLOB_184|Madagascar;
Kepulauan Langkesi;query;place|GLOB_185|Kepulauan Langkesi;
Langkèsi;query;place|GLOB_185|Kepulauan Langkesi;
St. Matheus;query;place|GLOB_185|Kepulauan Langkesi;
Sambaliung;query;place|GLOB_188|Sambaliung;
Sawaccon;query;place|GLOB_188|Sambaliung;
Sawacon;query;place|GLOB_188|Sambaliung;
Sawakon;query;place|GLOB_188|Sambaliung;
Macassar;query;place|GLOB_189|Makassar;
Macasser;query;place|GLOB_189|Makassar;
Maccassar;query;place|GLOB_189|Makassar;
Maccasser;query;place|GLOB_189|Makassar;
Mackassar;query;place|GLOB_189|Makassar;
Makassar;query;place|GLOB_189|Makassar;
Makasser;query;place|GLOB_189|Makassar;
Oedjo Pande;query;place|GLOB_189|Makassar;
Udjung Pandan;query;place|GLOB_189|Makassar;
Ujung Pandang;query;place|GLOB_189|Makassar;
Bhimunipatnam;query;place|GLOB_19|Bhimunipatnam;
Bimilipatn;query;place|GLOB_19|Bhimunipatnam;
Bimilipatnam;query;place|GLOB_19|Bhimunipatnam;
Bimlipatam;query;place|GLOB_19|Bhimunipatnam;
Himilipatnam;query;place|GLOB_19|Bhimunipatnam;
Adi, Pulau;query;place|GLOB_191|Pulau Adi;
Pulau Adi;query;place|GLOB_191|Pulau Adi;
Wesel;query;place|GLOB_191|Pulau Adi;
Bungku;query;place|GLOB_192|Bungku;
Tabouco;query;place|GLOB_192|Bungku;
Tambocco;query;place|GLOB_192|Bungku;
Tamboeko;query;place|GLOB_192|Bungku;
Tamboekoe;query;place|GLOB_192|Bungku;
Tamboko;query;place|GLOB_192|Bungku;
Tambucko;query;place|GLOB_192|Bungku;
Tambuko;query;place|GLOB_192|Bungku;
Tambuku;query;place|GLOB_192|Bungku;
Tambuoko;query;place|GLOB_192|Bungku;
Tanboekoe;query;place|GLOB_192|Bungku;
Toboengkoe;query;place|GLOB_192|Bungku;
Tomboek;query;place|GLOB_192|Bungku;
Tombuku;query;place|GLOB_192|Bungku;
Alita;query;place|GLOB_193|Alitta;
Alitta;query;place|GLOB_193|Alitta;
Leta;query;place|GLOB_193|Alitta;
Letha;query;place|GLOB_193|Alitta;
Letta;query;place|GLOB_193|Alitta;
Lheta;query;place|GLOB_193|Alitta;
Mandarsjah, Reduit;query;place|GLOB_194|Vredenburg, redoubt (Makassar);
Vredenburg;query;place|GLOB_194|Vredenburg, redoubt (Makassar);
Vredenburg, redoubt (Makassar);query;place|GLOB_194|Vredenburg, redoubt (Makassar);
Vredenburgh;query;place|GLOB_194|Vredenburg, redoubt (Makassar);
fort Vrydenburg;query;place|GLOB_194|Vredenburg, redoubt (Makassar);
Betua, Pulau;query;place|GLOB_195|Pulau Betuah;
Klein Fortuin;query;place|GLOB_195|Pulau Betuah;
Pulau Betuah;query;place|GLOB_195|Pulau Betuah;
Keertekoesbaay;query;place|GLOB_196|Nilewelli Bay;
Nielwelle;query;place|GLOB_196|Nilewelli Bay;
Nilewelli Bay;query;place|GLOB_196|Nilewelli Bay;
Nilwala;query;place|GLOB_196|Nilewelli Bay;
Nivelle;query;place|GLOB_196|Nilewelli Bay;
Naikliu;query;place|GLOB_197|Naikliu;
Pariture;query;place|GLOB_198|Point Pedro;
Pedro Point;query;place|GLOB_198|Point Pedro;
Point Pedro;query;place|GLOB_198|Point Pedro;
Puncta Pedra;query;place|GLOB_198|Point Pedro;
Puncta das Pedras;query;place|GLOB_198|Point Pedro;
Punte das Pedras;query;place|GLOB_198|Point Pedro;
Punte de Pedro;query;place|GLOB_198|Point Pedro;
Punto Pedro;query;place|GLOB_198|Point Pedro;
Baxempoy;query;place|GLOB_199|Pei-hsien-wei;
Paxempoy;query;place|GLOB_199|Pei-hsien-wei;
Pei-hsien-wei;query;place|GLOB_199|Pei-hsien-wei;
Baxempoy;query;place|GLOB_199_GEO_1|Pei-hsien-wei;
Paxempoy;query;place|GLOB_199_GEO_1|Pei-hsien-wei;
Pei-hsien-wei;query;place|GLOB_199_GEO_1|Pei-hsien-wei;
Baxempoy;query;place|GLOB_199_GEO_2|Pei-hsien-wei;
Paxempoy;query;place|GLOB_199_GEO_2|Pei-hsien-wei;
Pei-hsien-wei;query;place|GLOB_199_GEO_2|Pei-hsien-wei;
Ade;query;place|GLOB_2|Ade;
Ade en Mantoetoe;query;place|GLOB_2|Ade;
Adé;query;place|GLOB_2|Ade;
Binta Oena;query;place|GLOB_20|Bintauna;
Bintaoena;query;place|GLOB_20|Bintauna;
Bintaoene;query;place|GLOB_20|Bintauna;
Bintauna;query;place|GLOB_20|Bintauna;
Pirakkād;query;place|GLOB_200|Pirakkād;
Porca;query;place|GLOB_200|Pirakkād;
Porcad;query;place|GLOB_200|Pirakkād;
Porcaj;query;place|GLOB_200|Pirakkād;
Porcka;query;place|GLOB_200|Pirakkād;
Porka;query;place|GLOB_200|Pirakkād;
Purakkad;query;place|GLOB_200|Pirakkād;
Purakkat;query;place|GLOB_200|Pirakkād;
Purrakad;query;place|GLOB_200|Pirakkād;
Pirakkād;query;place|GLOB_200_HUM_1|Pirakkād;
Porca;query;place|GLOB_200_HUM_1|Pirakkād;
Porcad;query;place|GLOB_200_HUM_1|Pirakkād;
Porcaj;query;place|GLOB_200_HUM_1|Pirakkād;
Porcka;query;place|GLOB_200_HUM_1|Pirakkād;
Porka;query;place|GLOB_200_HUM_1|Pirakkād;
Purakkad;query;place|GLOB_200_HUM_1|Pirakkād;
Purakkat;query;place|GLOB_200_HUM_1|Pirakkād;
Purrakad;query;place|GLOB_200_HUM_1|Pirakkād;
Pirakkād;query;place|GLOB_200_HUM_2|Pirakkād;
Porca;query;place|GLOB_200_HUM_2|Pirakkād;
Porcad;query;place|GLOB_200_HUM_2|Pirakkād;
Porcaj;query;place|GLOB_200_HUM_2|Pirakkād;
Porcka;query;place|GLOB_200_HUM_2|Pirakkād;
Porka;query;place|GLOB_200_HUM_2|Pirakkād;
Purakkad;query;place|GLOB_200_HUM_2|Pirakkād;
Purakkat;query;place|GLOB_200_HUM_2|Pirakkād;
Purrakad;query;place|GLOB_200_HUM_2|Pirakkād;
Djatinegara;query;place|GLOB_201|Jatinegara;
Jatinegara;query;place|GLOB_201|Jatinegara;
Meester Cornelis;query;place|GLOB_201|Jatinegara;
Meester Cornelis, fort;query;place|GLOB_201|Jatinegara;
Nieuwendam;query;place|GLOB_201|Jatinegara;
fort Meester Cornelis;query;place|GLOB_201|Jatinegara;
fort Mr. Cornelis;query;place|GLOB_201|Jatinegara;
Djatinegara;query;place|GLOB_201_HUM_1|Jatinegara;
Jatinegara;query;place|GLOB_201_HUM_1|Jatinegara;
Meester Cornelis;query;place|GLOB_201_HUM_1|Jatinegara;
Meester Cornelis;query;place|GLOB_201_HUM_2|Meester Cornelis, fort;
Meester Cornelis, fort;query;place|GLOB_201_HUM_2|Meester Cornelis, fort;
Nieuwendam;query;place|GLOB_201_HUM_2|Meester Cornelis, fort;
fort Meester Cornelis;query;place|GLOB_201_HUM_2|Meester Cornelis, fort;
fort Mr. Cornelis;query;place|GLOB_201_HUM_2|Meester Cornelis, fort;
Nassau;query;place|GLOB_202|Pulau Pagai Selatan;
Nassauw;query;place|GLOB_202|Pulau Pagai Selatan;
Pagai;query;place|GLOB_202|Pulau Pagai Selatan;
Pulau Pagai Selatan;query;place|GLOB_202|Pulau Pagai Selatan;
Soecapoura;query;place|GLOB_203|Tasikmalaya;
Soucapoura;query;place|GLOB_203|Tasikmalaya;
Succapoera;query;place|GLOB_203|Tasikmalaya;
Sukapura;query;place|GLOB_203|Tasikmalaya;
Tasikmalaja;query;place|GLOB_203|Tasikmalaya;
Tasikmalaya;query;place|GLOB_203|Tasikmalaya;
Cililia;query;place|GLOB_205|Obi Bisa;
Obi Bisa;query;place|GLOB_205|Obi Bisa;
Silele;query;place|GLOB_205|Obi Bisa;
Talang;query;place|GLOB_206|Talang (village);
Talang (village);query;place|GLOB_206|Talang (village);
Tellang;query;place|GLOB_206|Talang (village);
Eliphant;query;place|GLOB_207|Wai Batu Gajah;
Wai Batu Gajah;query;place|GLOB_207|Wai Batu Gajah;
Wai Batuugadjah;query;place|GLOB_207|Wai Batu Gajah;
Droge Rijsthoek;query;place|GLOB_208|Tanjung Sial;
Drooge Rijshoecq;query;place|GLOB_208|Tanjung Sial;
Sial, Tandjong;query;place|GLOB_208|Tanjung Sial;
Tanjung Sial;query;place|GLOB_208|Tanjung Sial;
Batu Sangkar;query;place|GLOB_209|Batusangkar;
Batusangkar;query;place|GLOB_209|Batusangkar;
Fort van der Capellen;query;place|GLOB_209|Batusangkar;
Boelang;query;place|GLOB_21|Bolaang;
Bolaang;query;place|GLOB_21|Bolaang;
Bolaäng;query;place|GLOB_21|Bolaang;
Boulan;query;place|GLOB_21|Bolaang;
Boulangh;query;place|GLOB_21|Bolaang;
Boukit-Tingi;query;place|GLOB_210|Kampong Bukit Tinggi (Malaysia);
Bukit Tinggi;query;place|GLOB_210|Kampong Bukit Tinggi (Malaysia);
Kampong Bukit Tinggi (Malaysia);query;place|GLOB_210|Kampong Bukit Tinggi (Malaysia);
Angiecamael;query;place|GLOB_211|Anjikaimal;
Angiecaymaal;query;place|GLOB_211|Anjikaimal;
Angikaimal;query;place|GLOB_211|Anjikaimal;
Anjikaimal;query;place|GLOB_211|Anjikaimal;
Cururnadu;query;place|GLOB_211|Anjikaimal;
Ikeere;query;place|GLOB_213|Ikkeri;
Ikkeri;query;place|GLOB_213|Ikkeri;
Iscere;query;place|GLOB_213|Ikkeri;
Edappalli;query;place|GLOB_214|Edappalli;
Idapalli;query;place|GLOB_214|Edappalli;
Repolim;query;place|GLOB_214|Edappalli;
Repolin;query;place|GLOB_214|Edappalli;
Hindoestan;query;place|GLOB_216|Mughal Empire;
Hindustan;query;place|GLOB_216|Mughal Empire;
India;query;place|GLOB_216|Mughal Empire;
Indostan;query;place|GLOB_216|Mughal Empire;
Industan;query;place|GLOB_216|Mughal Empire;
Mughal Empire;query;place|GLOB_216|Mughal Empire;
Carcel;query;place|GLOB_217|Karisal;
Chevele;query;place|GLOB_217|Karisal;
Chewel;query;place|GLOB_217|Karisal;
Karisal;query;place|GLOB_217|Karisal;
Air Banyuasin;query;place|GLOB_218|Air Banyuasin;
Airasin;query;place|GLOB_218|Air Banyuasin;
Bantuasin;query;place|GLOB_218|Air Banyuasin;
Aloewaloe;query;place|GLOB_219|Pulau Malamala;
Alowala;query;place|GLOB_219|Pulau Malamala;
Malamala;query;place|GLOB_219|Pulau Malamala;
Pulau Malamala;query;place|GLOB_219|Pulau Malamala;
Baroda;query;place|GLOB_22|Vadodara;
Brodera;query;place|GLOB_22|Vadodara;
Brodra;query;place|GLOB_22|Vadodara;
Vadodara;query;place|GLOB_22|Vadodara;
Bhaspur;query;place|GLOB_220|Bhojpur;
Bhojpur;query;place|GLOB_220|Bhojpur;
Boospoer;query;place|GLOB_220|Bhojpur;
Boospour;query;place|GLOB_220|Bhojpur;
Bospour;query;place|GLOB_220|Bhojpur;
Cadix;query;place|GLOB_222|Cadiz;
Cadiz;query;place|GLOB_222|Cadiz;
Cádiz;query;place|GLOB_222|Cadiz;
Batisie;query;place|GLOB_223|Batuisi;
Batissy;query;place|GLOB_223|Batuisi;
Bato Issi;query;place|GLOB_223|Batuisi;
Batuisi;query;place|GLOB_223|Batuisi;
Batuissi;query;place|GLOB_223|Batuisi;
Baguala;query;place|GLOB_224|Passo;
Baguale;query;place|GLOB_224|Passo;
Pas;query;place|GLOB_224|Passo;
Pas Baguala;query;place|GLOB_224|Passo;
Pas Baguwala;query;place|GLOB_224|Passo;
Passo;query;place|GLOB_224|Passo;
Palawan;query;place|GLOB_225|Palawan Island;
Palawan Island;query;place|GLOB_225|Palawan Island;
Paragoa;query;place|GLOB_225|Palawan Island;
Paleam;query;place|GLOB_226|Paleam;
Palliam;query;place|GLOB_226|Paleam;
Poeliam;query;place|GLOB_226|Paleam;
Paleam;query;place|GLOB_226_HUM_1|Paleam;
Palliam;query;place|GLOB_226_HUM_1|Paleam;
Poeliam;query;place|GLOB_226_HUM_1|Paleam;
Paleam;query;place|GLOB_226_HUM_2|Paleam;
Palliam;query;place|GLOB_226_HUM_2|Paleam;
Poeliam;query;place|GLOB_226_HUM_2|Paleam;
Benteng Surosowan;query;place|GLOB_227|Benteng Surosowan;
Diamant, Fort;query;place|GLOB_227|Benteng Surosowan;
Diamant, Kasteel;query;place|GLOB_227|Benteng Surosowan;
Gedong Kedaton Pakuwuan;query;place|GLOB_227|Benteng Surosowan;
Inten, Kota;query;place|GLOB_227|Benteng Surosowan;
Kota Intan;query;place|GLOB_227|Benteng Surosowan;
Pakuwonan;query;place|GLOB_227|Benteng Surosowan;
Soeroesowan;query;place|GLOB_227|Benteng Surosowan;
Sourasoean;query;place|GLOB_227|Benteng Surosowan;
Sourousouangh;query;place|GLOB_227|Benteng Surosowan;
Surasoan;query;place|GLOB_227|Benteng Surosowan;
Surosowan, fort;query;place|GLOB_227|Benteng Surosowan;
fort Diamand;query;place|GLOB_227|Benteng Surosowan;
fort Diamant;query;place|GLOB_227|Benteng Surosowan;
fort Surosowan;query;place|GLOB_227|Benteng Surosowan;
Pulau Sumba;query;place|GLOB_229|Pulau Sumba;
Sandelbos;query;place|GLOB_229|Pulau Sumba;
Sandelbosch;query;place|GLOB_229|Pulau Sumba;
Somba;query;place|GLOB_229|Pulau Sumba;
Sumba;query;place|GLOB_229|Pulau Sumba;
Zandelbos;query;place|GLOB_229|Pulau Sumba;
Baroch;query;place|GLOB_23|Bharuch;
Bharuch;query;place|GLOB_23|Bharuch;
Broach;query;place|GLOB_23|Bharuch;
Brochia;query;place|GLOB_23|Bharuch;
Broot Chia;query;place|GLOB_23|Bharuch;
Brootch;query;place|GLOB_23|Bharuch;
Brootchia;query;place|GLOB_23|Bharuch;
Brootschia;query;place|GLOB_23|Bharuch;
Brotchia;query;place|GLOB_23|Bharuch;
Billato;query;place|GLOB_230|Pulau Obilatu;
Obi Latu;query;place|GLOB_230|Pulau Obilatu;
Pulau Obilatu;query;place|GLOB_230|Pulau Obilatu;
Saombay;query;place|GLOB_230|Pulau Obilatu;
Kepulauan Togian;query;place|GLOB_231|Kepulauan Togian;
Schildpadeilanden;query;place|GLOB_231|Kepulauan Togian;
Togia;query;place|GLOB_231|Kepulauan Togian;
Togian;query;place|GLOB_231|Kepulauan Togian;
Pitty, Sungai;query;place|GLOB_232|Songe Samon;
Samon, Sungai;query;place|GLOB_232|Songe Samon;
Songe Samon;query;place|GLOB_232|Songe Samon;
Songepittij;query;place|GLOB_232|Songe Samon;
Calauwt;query;place|GLOB_233|Pulau Kalao;
Kalao;query;place|GLOB_233|Pulau Kalao;
Lambego;query;place|GLOB_233|Pulau Kalao;
Pulau Kalao;query;place|GLOB_233|Pulau Kalao;
Cajotangie;query;place|GLOB_234|Kayu Tangi;
Kajutangi;query;place|GLOB_234|Kayu Tangi;
Kayotangi;query;place|GLOB_234|Kayu Tangi;
Kayu Tangi;query;place|GLOB_234|Kayu Tangi;
Mora Tambang;query;place|GLOB_235|Tambang;
Morotambang;query;place|GLOB_235|Tambang;
Tambang;query;place|GLOB_235|Tambang;
Maatsuycker;query;place|GLOB_236|Santa Rosa fort;
Maetsuyker;query;place|GLOB_236|Santa Rosa fort;
Santa Rosa;query;place|GLOB_236|Santa Rosa fort;
Santa Rosa fort;query;place|GLOB_236|Santa Rosa fort;
Fatomé;query;place|GLOB_237|Sulamu;
Soelamboe;query;place|GLOB_237|Sulamu;
Sulambu;query;place|GLOB_237|Sulamu;
Sulamu;query;place|GLOB_237|Sulamu;
Kaibeno;query;place|GLOB_239|Taebenu;
Taebenu;query;place|GLOB_239|Taebenu;
Taibeno;query;place|GLOB_239|Taebenu;
Caijeelij;query;place|GLOB_24|Kayeli;
Cajeli;query;place|GLOB_24|Kayeli;
Cayeli;query;place|GLOB_24|Kayeli;
Cayelie;query;place|GLOB_24|Kayeli;
Cayelij;query;place|GLOB_24|Kayeli;
Kaili;query;place|GLOB_24|Kayeli;
Kajeli;query;place|GLOB_24|Kayeli;
Kayeli;query;place|GLOB_24|Kayeli;
Kali Sunter;query;place|GLOB_240|Kali Sunter;
Sontar;query;place|GLOB_240|Kali Sunter;
Tjisunter;query;place|GLOB_240|Kali Sunter;
Sapoelouboa Bandhaers;query;place|GLOB_241|Sapuluh Buah Bandar;
Sapouloboa Bandaars;query;place|GLOB_241|Sapuluh Buah Bandar;
Sapouloe Boabandhaars;query;place|GLOB_241|Sapuluh Buah Bandar;
Sapulah Buah Bandar;query;place|GLOB_241|Sapuluh Buah Bandar;
Sapuluh Buah Bandar;query;place|GLOB_241|Sapuluh Buah Bandar;
Tien Handelplaetsen;query;place|GLOB_241|Sapuluh Buah Bandar;
Tien Handelsplaatsen;query;place|GLOB_241|Sapuluh Buah Bandar;
Tien Handelsteeden;query;place|GLOB_241|Sapuluh Buah Bandar;
Cuku Belimbing;query;place|GLOB_242|Cuku Belimbing;
Ontong China;query;place|GLOB_242|Cuku Belimbing;
Udjung Tjina;query;place|GLOB_242|Cuku Belimbing;
Vlakke Hoek;query;place|GLOB_242|Cuku Belimbing;
Vlakkenhoek;query;place|GLOB_242|Cuku Belimbing;
Euen;query;place|GLOB_243|Hưng Yên;
Hung Yeng;query;place|GLOB_243|Hưng Yên;
Hưng Yên;query;place|GLOB_243|Hưng Yên;
Connara;query;place|GLOB_244|Konada;
Konada;query;place|GLOB_244|Konada;
Christmas Island;query;place|GLOB_245|Christmas Island;
Christmaseiland;query;place|GLOB_245|Christmas Island;
Moni;query;place|GLOB_245|Christmas Island;
Mony;query;place|GLOB_245|Christmas Island;
Mahimpahoi;query;place|GLOB_247|Mahimpahoi;
Manimpahai;query;place|GLOB_247|Mahimpahoi;
Caytortorre;query;place|GLOB_248|Desa Combir Kasestoren;
Desa Combir Kasestoren;query;place|GLOB_248|Desa Combir Kasestoren;
Kaitortorre;query;place|GLOB_248|Desa Combir Kasestoren;
Keizerstoren;query;place|GLOB_248|Desa Combir Kasestoren;
Tortorre;query;place|GLOB_248|Desa Combir Kasestoren;
Batu Gantung;query;place|GLOB_249|Batugantung;
Batugantung;query;place|GLOB_249|Batugantung;
Rustenburg;query;place|GLOB_249|Batugantung;
Rustenburgh;query;place|GLOB_249|Batugantung;
Calang;query;place|GLOB_25|Pulau Kelang (Indonesia);
Kelang;query;place|GLOB_25|Pulau Kelang (Indonesia);
Pulau Kelang (Indonesia);query;place|GLOB_25|Pulau Kelang (Indonesia);
Queelangh;query;place|GLOB_25|Pulau Kelang (Indonesia);
Bovenlanden;query;place|GLOB_250|Jakarta (region);
Bovenlanden van Batavia;query;place|GLOB_250|Jakarta (region);
Jakarta (region);query;place|GLOB_250|Jakarta (region);
Jakatrase bovenlanden;query;place|GLOB_250|Jakarta (region);
Ommelanden;query;place|GLOB_250|Jakarta (region);
Ommelanden van Batavia;query;place|GLOB_250|Jakarta (region);
Badsjing;query;place|GLOB_251|Polombangkeng;
Poelenbankeen;query;place|GLOB_251|Polombangkeng;
Polombangkeng;query;place|GLOB_251|Polombangkeng;
Poulobanky;query;place|GLOB_251|Polombangkeng;
Pouloubanke;query;place|GLOB_251|Polombangkeng;
Pouloubankij;query;place|GLOB_251|Polombangkeng;
Pulangbangking;query;place|GLOB_251|Polombangkeng;
Pulonbanki;query;place|GLOB_251|Polombangkeng;
Puluangbangking;query;place|GLOB_251|Polombangkeng;
Poelenbankeen;query;place|GLOB_251_HUM_1|Polombangkeng;
Polombangkeng;query;place|GLOB_251_HUM_1|Polombangkeng;
Poulobanky;query;place|GLOB_251_HUM_1|Polombangkeng;
Pouloubanke;query;place|GLOB_251_HUM_1|Polombangkeng;
Pouloubankij;query;place|GLOB_251_HUM_1|Polombangkeng;
Pulangbangking;query;place|GLOB_251_HUM_1|Polombangkeng;
Pulonbanki;query;place|GLOB_251_HUM_1|Polombangkeng;
Puluangbangking;query;place|GLOB_251_HUM_1|Polombangkeng;
Badsjing;query;place|GLOB_251_HUM_2|Polombangkeng;
Poelenbankeen;query;place|GLOB_251_HUM_2|Polombangkeng;
Polombangkeng;query;place|GLOB_251_HUM_2|Polombangkeng;
Poulobanky;query;place|GLOB_251_HUM_2|Polombangkeng;
Pouloubanke;query;place|GLOB_251_HUM_2|Polombangkeng;
Pouloubankij;query;place|GLOB_251_HUM_2|Polombangkeng;
Pulangbangking;query;place|GLOB_251_HUM_2|Polombangkeng;
Pulonbanki;query;place|GLOB_251_HUM_2|Polombangkeng;
Puluangbangking;query;place|GLOB_251_HUM_2|Polombangkeng;
Dirk de Vriesbaai;query;place|GLOB_252|Teluk Parigi;
Parigi, Bocht van;query;place|GLOB_252|Teluk Parigi;
Teluk Parigi;query;place|GLOB_252|Teluk Parigi;
Vries Bhay;query;place|GLOB_252|Teluk Parigi;
Bantal;query;place|GLOB_253|Pasarbantal;
Pasarbantal;query;place|GLOB_253|Pasarbantal;
Besi;query;place|GLOB_254|Besi;
Pessi;query;place|GLOB_254|Besi;
Pessy;query;place|GLOB_254|Besi;
Babauw, Bocht van;query;place|GLOB_255|Teluk Noilmina;
Noil Mina;query;place|GLOB_255|Teluk Noilmina;
Teluk Noilmina;query;place|GLOB_255|Teluk Noilmina;
Pare-Pare;query;place|GLOB_256|Parepare;
Parepare;query;place|GLOB_256|Parepare;
Pare-Pare;query;place|GLOB_256_GEO_1|Teluk Parepare;
Teluk Parepare;query;place|GLOB_256_GEO_1|Teluk Parepare;
Pare-Pare;query;place|GLOB_256_HUM_1|Parepare;
Parepare;query;place|GLOB_256_HUM_1|Parepare;
San Domingo, Bolwerk;query;place|GLOB_257|Victoria, bastion (Malacca);
Victoria;query;place|GLOB_257|Victoria, bastion (Malacca);
Victoria, bastion (Malacca);query;place|GLOB_257|Victoria, bastion (Malacca);
Portugese Baai;query;place|GLOB_258|Tial;
Tial;query;place|GLOB_258|Tial;
Lamola;query;place|GLOB_259|Lamolo;
Lamolo;query;place|GLOB_259|Lamolo;
Lomola;query;place|GLOB_259|Lamolo;
Calicoijlan;query;place|GLOB_26|Kayamkulam;
Calicoijlang;query;place|GLOB_26|Kayamkulam;
Calicoilan;query;place|GLOB_26|Kayamkulam;
Calicoilang;query;place|GLOB_26|Kayamkulam;
Calicolan;query;place|GLOB_26|Kayamkulam;
Calicoylan;query;place|GLOB_26|Kayamkulam;
Calicoylang;query;place|GLOB_26|Kayamkulam;
Caliecoilan;query;place|GLOB_26|Kayamkulam;
Calij Coijlang;query;place|GLOB_26|Kayamkulam;
Caly Coylan;query;place|GLOB_26|Kayamkulam;
Kalikolang;query;place|GLOB_26|Kayamkulam;
Kayamkalam;query;place|GLOB_26|Kayamkulam;
Kayamkulam;query;place|GLOB_26|Kayamkulam;
Kayankulam;query;place|GLOB_26|Kayamkulam;
Livo;query;place|GLOB_261|Lop Buri;
Lop Buri;query;place|GLOB_261|Lop Buri;
Lopburi;query;place|GLOB_261|Lop Buri;
Gunung Keli;query;place|GLOB_262|Gunung Keli;
Kelie;query;place|GLOB_262|Gunung Keli;
Noorwegen, Perk;query;place|GLOB_262|Gunung Keli;
Kaloekoe;query;place|GLOB_263|Kalukku;
Kalukku;query;place|GLOB_263|Kalukku;
Kaluku;query;place|GLOB_263|Kalukku;
Koeloekoe;query;place|GLOB_263|Kalukku;
Kuluku;query;place|GLOB_263|Kalukku;
Masamune;query;place|GLOB_264|Mutsu;
Massamij;query;place|GLOB_264|Mutsu;
Massammone;query;place|GLOB_264|Mutsu;
Mutsu;query;place|GLOB_264|Mutsu;
Ochio;query;place|GLOB_264|Mutsu;
Ockio;query;place|GLOB_264|Mutsu;
Oosioe;query;place|GLOB_264|Mutsu;
Oshu;query;place|GLOB_264|Mutsu;
Osjo;query;place|GLOB_264|Mutsu;
奥州;query;place|GLOB_264|Mutsu;
政宗;query;place|GLOB_264|Mutsu;
Maksudabad;query;place|GLOB_265|Murshidabad;
Maurshidabad;query;place|GLOB_265|Murshidabad;
Morsitdabaath;query;place|GLOB_265|Murshidabad;
Moxudabaat;query;place|GLOB_265|Murshidabad;
Moxudabad;query;place|GLOB_265|Murshidabad;
Moxudabadt;query;place|GLOB_265|Murshidabad;
Moxudabat;query;place|GLOB_265|Murshidabad;
Moxudabath;query;place|GLOB_265|Murshidabad;
Murshidabad;query;place|GLOB_265|Murshidabad;
Makinde;query;place|GLOB_266|Mengkendek;
Makynde;query;place|GLOB_266|Mengkendek;
Mengkendek;query;place|GLOB_266|Mengkendek;
Mingkindik;query;place|GLOB_266|Mengkendek;
Manarkoil;query;place|GLOB_267|Mannargudi;
Mannagoijl;query;place|GLOB_267|Mannargudi;
Mannargudi;query;place|GLOB_267|Mannargudi;
Marcauwe;query;place|GLOB_267|Mannargudi;
Lijvoetsrivier;query;place|GLOB_268|Morondava;
Marondava;query;place|GLOB_268|Morondava;
Morondava;query;place|GLOB_268|Morondava;
Etter;query;place|GLOB_269|Pulau Wetar;
Etteren;query;place|GLOB_269|Pulau Wetar;
Pulau Wetar;query;place|GLOB_269|Pulau Wetar;
Wetar;query;place|GLOB_269|Pulau Wetar;
Wettar;query;place|GLOB_269|Pulau Wetar;
Wetter;query;place|GLOB_269|Pulau Wetar;
Calpatin;query;place|GLOB_27|Kalpitiya;
Calpentijn;query;place|GLOB_27|Kalpitiya;
Calpeti;query;place|GLOB_27|Kalpitiya;
Calpettij;query;place|GLOB_27|Kalpitiya;
Calpetty;query;place|GLOB_27|Kalpitiya;
Calpetyn;query;place|GLOB_27|Kalpitiya;
Kalpettij;query;place|GLOB_27|Kalpitiya;
Kalpitga;query;place|GLOB_27|Kalpitiya;
Kalpitiya;query;place|GLOB_27|Kalpitiya;
Kalpitya;query;place|GLOB_27|Kalpitiya;
Calliasoesoe;query;place|GLOB_270|Kulisusu;
Dwaalbaai;query;place|GLOB_270|Kulisusu;
Dwaalbhaay;query;place|GLOB_270|Kulisusu;
Kaleasoesoe;query;place|GLOB_270|Kulisusu;
Kaliasoesoe;query;place|GLOB_270|Kulisusu;
Kalingsusu;query;place|GLOB_270|Kulisusu;
Kulisusu;query;place|GLOB_270|Kulisusu;
Calliasoesoe;query;place|GLOB_270_GEO_1|Kulisusu (island);
Kaleasoesoe;query;place|GLOB_270_GEO_1|Kulisusu (island);
Kaliasoesoe;query;place|GLOB_270_GEO_1|Kulisusu (island);
Kalingsusu;query;place|GLOB_270_GEO_1|Kulisusu (island);
Kulisusu (island);query;place|GLOB_270_GEO_1|Kulisusu (island);
Calliasoesoe;query;place|GLOB_270_GEO_2|Teluk Kulisusu;
Dwaalbaai;query;place|GLOB_270_GEO_2|Teluk Kulisusu;
Dwaalbhaay;query;place|GLOB_270_GEO_2|Teluk Kulisusu;
Kaleasoesoe;query;place|GLOB_270_GEO_2|Teluk Kulisusu;
Kaliasoesoe;query;place|GLOB_270_GEO_2|Teluk Kulisusu;
Kalingsusu;query;place|GLOB_270_GEO_2|Teluk Kulisusu;
Teluk Kulisusu;query;place|GLOB_270_GEO_2|Teluk Kulisusu;
Caraporam;query;place|GLOB_271|Karappuram;
Carporam;query;place|GLOB_271|Karappuram;
Ellertaswaropam;query;place|GLOB_271|Karappuram;
Ellertaswaropoam;query;place|GLOB_271|Karappuram;
Karappuram;query;place|GLOB_271|Karappuram;
Mutan;query;place|GLOB_271|Karappuram;
Muttam;query;place|GLOB_271|Karappuram;
Condewaar;query;place|GLOB_272|Karwar;
Karwar;query;place|GLOB_272|Karwar;
Colachel;query;place|GLOB_273|Colachel;
Colleetche;query;place|GLOB_273|Colachel;
Colleetsje;query;place|GLOB_273|Colachel;
Colletje;query;place|GLOB_273|Colachel;
Kolach;query;place|GLOB_273|Colachel;
Kolachol;query;place|GLOB_273|Colachel;
Goety;query;place|GLOB_274|Hoti (village);
Guti;query;place|GLOB_274|Hoti (village);
Hote;query;place|GLOB_274|Hoti (village);
Hoti (village);query;place|GLOB_274|Hoti (village);
Elipoecaurewee;query;place|GLOB_275|Ilpecarwe;
Elipucaurewe;query;place|GLOB_275|Ilpecarwe;
Illepecameu;query;place|GLOB_275|Ilpecarwe;
Illepercarwe;query;place|GLOB_275|Ilpecarwe;
Ilpecarwe;query;place|GLOB_275|Ilpecarwe;
Ampaya;query;place|GLOB_276|Payahe;
Pajahi;query;place|GLOB_276|Payahe;
Payahe;query;place|GLOB_276|Payahe;
Alangadu;query;place|GLOB_277|Mangatty;
Mangattij;query;place|GLOB_277|Mangatty;
Mangattijl;query;place|GLOB_277|Mangatty;
Mangatty;query;place|GLOB_277|Mangatty;
Basalar, Pulau;query;place|GLOB_279|Bukit Jugra;
Baselar, Pulau;query;place|GLOB_279|Bukit Jugra;
Bukit Djugra;query;place|GLOB_279|Bukit Jugra;
Bukit Jugra;query;place|GLOB_279|Bukit Jugra;
Parcelar, Poulo;query;place|GLOB_279|Bukit Jugra;
Paselar, Pulau;query;place|GLOB_279|Bukit Jugra;
Passelaar, Poulo;query;place|GLOB_279|Bukit Jugra;
Calpatin;query;place|GLOB_27_HUM_1|Kalpitiya;
Calpentijn;query;place|GLOB_27_HUM_1|Kalpitiya;
Calpeti;query;place|GLOB_27_HUM_1|Kalpitiya;
Calpettij;query;place|GLOB_27_HUM_1|Kalpitiya;
Calpetty;query;place|GLOB_27_HUM_1|Kalpitiya;
Calpetyn;query;place|GLOB_27_HUM_1|Kalpitiya;
Kalpettij;query;place|GLOB_27_HUM_1|Kalpitiya;
Kalpitga;query;place|GLOB_27_HUM_1|Kalpitiya;
Kalpitiya;query;place|GLOB_27_HUM_1|Kalpitiya;
Kalpitya;query;place|GLOB_27_HUM_1|Kalpitiya;
Calpatin;query;place|GLOB_27_HUM_2|Kalpitiya;
Calpentijn;query;place|GLOB_27_HUM_2|Kalpitiya;
Calpeti;query;place|GLOB_27_HUM_2|Kalpitiya;
Calpettij;query;place|GLOB_27_HUM_2|Kalpitiya;
Calpetty;query;place|GLOB_27_HUM_2|Kalpitiya;
Calpetyn;query;place|GLOB_27_HUM_2|Kalpitiya;
Kalpettij;query;place|GLOB_27_HUM_2|Kalpitiya;
Kalpitga;query;place|GLOB_27_HUM_2|Kalpitiya;
Kalpitiya;query;place|GLOB_27_HUM_2|Kalpitiya;
Kalpitya;query;place|GLOB_27_HUM_2|Kalpitiya;
Calpatin;query;place|GLOB_27_HUM_3|Kalpitiya Fort;
Calpentijn;query;place|GLOB_27_HUM_3|Kalpitiya Fort;
Calpeti;query;place|GLOB_27_HUM_3|Kalpitiya Fort;
Calpettij;query;place|GLOB_27_HUM_3|Kalpitiya Fort;
Calpetty;query;place|GLOB_27_HUM_3|Kalpitiya Fort;
Calpetyn;query;place|GLOB_27_HUM_3|Kalpitiya Fort;
Kalpettij;query;place|GLOB_27_HUM_3|Kalpitiya Fort;
Kalpitga;query;place|GLOB_27_HUM_3|Kalpitiya Fort;
Kalpitiya;query;place|GLOB_27_HUM_3|Kalpitiya Fort;
Kalpitiya Fort;query;place|GLOB_27_HUM_3|Kalpitiya Fort;
Kalpitya;query;place|GLOB_27_HUM_3|Kalpitiya Fort;
Cambang;query;place|GLOB_28|Kambang;
Kambang;query;place|GLOB_28|Kambang;
Cailpatnam;query;place|GLOB_281|Kayalpattinam;
Calpatam;query;place|GLOB_281|Kayalpattinam;
Caurepatam;query;place|GLOB_281|Kayalpattinam;
Cayl Patnam;query;place|GLOB_281|Kayalpattinam;
Caylpatnam;query;place|GLOB_281|Kayalpattinam;
Cijllepatan;query;place|GLOB_281|Kayalpattinam;
Kailpatam;query;place|GLOB_281|Kayalpattinam;
Kailpatnam;query;place|GLOB_281|Kayalpattinam;
Kalipatnam;query;place|GLOB_281|Kayalpattinam;
Kayalpatnam;query;place|GLOB_281|Kayalpattinam;
Kayalpattinam;query;place|GLOB_281|Kayalpattinam;
Keylepatnam;query;place|GLOB_281|Kayalpattinam;
Beringang;query;place|GLOB_282|Katsij;
Kassi;query;place|GLOB_282|Katsij;
Katsij;query;place|GLOB_282|Katsij;
Airur;query;place|GLOB_283|Airur (Ernakulam);
Airur (Ernakulam);query;place|GLOB_283|Airur (Ernakulam);
Ayro;query;place|GLOB_283|Airur (Ernakulam);
Belanga;query;place|GLOB_283|Airur (Ernakulam);
Vellange;query;place|GLOB_283|Airur (Ernakulam);
Kilimane;query;place|GLOB_284|Rio Cuácua;
Quelimana;query;place|GLOB_284|Rio Cuácua;
Quelimane;query;place|GLOB_284|Rio Cuácua;
Quelimanie;query;place|GLOB_284|Rio Cuácua;
Rio Cuácua;query;place|GLOB_284|Rio Cuácua;
Baganga;query;place|GLOB_285|Baganga;
Boyangie;query;place|GLOB_285|Baganga;
Blauwe Berg;query;place|GLOB_286|Gunung Pangrango;
Gunung Pangrango;query;place|GLOB_286|Gunung Pangrango;
Pangerrano;query;place|GLOB_286|Gunung Pangrango;
Pangrango;query;place|GLOB_286|Gunung Pangrango;
Shang Tchuan;query;place|GLOB_287|Shangchuan Dao;
Shangchuan Dao;query;place|GLOB_287|Shangchuan Dao;
St. Jan;query;place|GLOB_287|Shangchuan Dao;
St. John;query;place|GLOB_287|Shangchuan Dao;
Dwaars in de weg;query;place|GLOB_288|Little Sober Island;
Dwaers in de weg;query;place|GLOB_288|Little Sober Island;
Dwars in de Weg;query;place|GLOB_288|Little Sober Island;
Dwars in de wegh;query;place|GLOB_288|Little Sober Island;
Dwars-in-de-wegh;query;place|GLOB_288|Little Sober Island;
Little Sober Island;query;place|GLOB_288|Little Sober Island;
Soleil;query;place|GLOB_288|Little Sober Island;
Sou;query;place|GLOB_288|Little Sober Island;
Cananoor;query;place|GLOB_29|Kannur;
Cananor;query;place|GLOB_29|Kannur;
Cannanoor;query;place|GLOB_29|Kannur;
Cannanore;query;place|GLOB_29|Kannur;
Cannanur;query;place|GLOB_29|Kannur;
Canonor;query;place|GLOB_29|Kannur;
Conannor;query;place|GLOB_29|Kannur;
Kannur;query;place|GLOB_29|Kannur;
Cheyyur;query;place|GLOB_290|Cheyyur;
Zeyoer;query;place|GLOB_290|Cheyyur;
Atiahu;query;place|GLOB_291|Atiahu;
Hatihalu;query;place|GLOB_291|Atiahu;
Touw;query;place|GLOB_291|Atiahu;
Tolialanga;query;place|GLOB_292|Tuladengi;
Tuladangi;query;place|GLOB_292|Tuladengi;
Tuladengi;query;place|GLOB_292|Tuladengi;
Kleen Poelo Louwt;query;place|GLOB_294|Pulau Matasiri;
Klein-Laut;query;place|GLOB_294|Pulau Matasiri;
Laut, Klein Pulau;query;place|GLOB_294|Pulau Matasiri;
Masasiery;query;place|GLOB_294|Pulau Matasiri;
Masasiri;query;place|GLOB_294|Pulau Matasiri;
Pulau Matasiri;query;place|GLOB_294|Pulau Matasiri;
Lange Lange;query;place|GLOB_295|Lange-Lange;
Lange-Lange;query;place|GLOB_295|Lange-Lange;
Langelange;query;place|GLOB_295|Lange-Lange;
Leppe;query;place|GLOB_295|Lange-Lange;
Lamboenoe;query;place|GLOB_296|Lambunu;
Lambunu;query;place|GLOB_296|Lambunu;
Lemboa;query;place|GLOB_296|Lambunu;
Lemboene;query;place|GLOB_296|Lambunu;
Lemboenen;query;place|GLOB_296|Lambunu;
Lemboeno;query;place|GLOB_296|Lambunu;
Lemboenoe;query;place|GLOB_296|Lambunu;
Limboenen;query;place|GLOB_296|Lambunu;
Limboeno;query;place|GLOB_296|Lambunu;
Limbunu;query;place|GLOB_296|Lambunu;
Pambauwang;query;place|GLOB_298|Pambuang;
Pambuang;query;place|GLOB_298|Pambuang;
Parapowang;query;place|GLOB_298|Pambuang;
Cochim;query;place|GLOB_299|Cochin;
Cochin;query;place|GLOB_299|Cochin;
Coetchyn;query;place|GLOB_299|Cochin;
Cohin;query;place|GLOB_299|Cochin;
Cotchyn;query;place|GLOB_299|Cochin;
Couchijn;query;place|GLOB_299|Cochin;
Couchim;query;place|GLOB_299|Cochin;
Couchin;query;place|GLOB_299|Cochin;
Couchyn;query;place|GLOB_299|Cochin;
Coutchin;query;place|GLOB_299|Cochin;
Kochi;query;place|GLOB_299|Cochin;
Kochin;query;place|GLOB_299|Cochin;
Perumbadapil;query;place|GLOB_299|Cochin;
Adirampattinam;query;place|GLOB_3|Adirampattinam;
Adragapatnam;query;place|GLOB_3|Adirampattinam;
Adrangapatnam;query;place|GLOB_3|Adirampattinam;
Candi;query;place|GLOB_30|Kandy;
Candia;query;place|GLOB_30|Kandy;
Candy;query;place|GLOB_30|Kandy;
Kandi;query;place|GLOB_30|Kandy;
Kandia;query;place|GLOB_30|Kandy;
Kandy;query;place|GLOB_30|Kandy;
Manacotta;query;place|GLOB_301|Manacotta;
Moeloercarre;query;place|GLOB_301|Manacotta;
Nulucarre;query;place|GLOB_301|Manacotta;
Noesafoedy;query;place|GLOB_302|Pulau Sabuda;
Nusafudi;query;place|GLOB_302|Pulau Sabuda;
Piesangh, Poelo;query;place|GLOB_302|Pulau Sabuda;
Pulau Sabuda;query;place|GLOB_302|Pulau Sabuda;
Alengamangelan;query;place|GLOB_303|Nertomangelang;
Nertomangelang;query;place|GLOB_303|Nertomangelang;
Kasiruta;query;place|GLOB_304|Pulau Kasiruta;
Negeri Lama;query;place|GLOB_304|Pulau Kasiruta;
Oud-Batjan;query;place|GLOB_304|Pulau Kasiruta;
Pulau Kasiruta;query;place|GLOB_304|Pulau Kasiruta;
Ma'rib;query;place|GLOB_305|Ma’rib;
Ma’rib;query;place|GLOB_305|Ma’rib;
Biawak Island;query;place|GLOB_306|Biawak Island;
Boomkens;query;place|GLOB_306|Biawak Island;
Boompjeseiland;query;place|GLOB_306|Biawak Island;
Manjewakan, Pulau;query;place|GLOB_306|Biawak Island;
Rakit;query;place|GLOB_306|Biawak Island;
Kedda-Kedda;query;place|GLOB_307|Keta;
Keta;query;place|GLOB_307|Keta;
Ketta;query;place|GLOB_307|Keta;
Ambarawa;query;place|GLOB_308|Ambarawa;
Limborawa;query;place|GLOB_308|Ambarawa;
Limbrawas;query;place|GLOB_308|Ambarawa;
Ambarawa;query;place|GLOB_308_HUM_1|Ambarawa;
Limborawa;query;place|GLOB_308_HUM_1|Ambarawa;
Limbrawas;query;place|GLOB_308_HUM_1|Ambarawa;
Ambarawa;query;place|GLOB_308_HUM_2|Ambarawa;
Limborawa;query;place|GLOB_308_HUM_2|Ambarawa;
Limbrawas;query;place|GLOB_308_HUM_2|Ambarawa;
Kajasa;query;place|GLOB_309|Kayasa;
Kayasa;query;place|GLOB_309|Kayasa;
Kiasa;query;place|GLOB_309|Kayasa;
Candipang;query;place|GLOB_31|Kaidipang;
Caudipan;query;place|GLOB_31|Kaidipang;
Caupidang;query;place|GLOB_31|Kaidipang;
Caydiepa;query;place|GLOB_31|Kaidipang;
Caydipa;query;place|GLOB_31|Kaidipang;
Kaidipan;query;place|GLOB_31|Kaidipang;
Kaidipang;query;place|GLOB_31|Kaidipang;
Caab Floris;query;place|GLOB_310|Tanjung Kopongdei;
Flores, Kaap;query;place|GLOB_310|Tanjung Kopongdei;
Kopondei, Tandjung;query;place|GLOB_310|Tanjung Kopongdei;
Tanjung Kopongdei;query;place|GLOB_310|Tanjung Kopongdei;
Labankoening;query;place|GLOB_311|Lambangkuning;
Labankonang;query;place|GLOB_311|Lambangkuning;
Lambangkuning;query;place|GLOB_311|Lambangkuning;
Cracatou;query;place|GLOB_312|Pulau Krakatau;
Krakatau;query;place|GLOB_312|Pulau Krakatau;
Pulau Krakatau;query;place|GLOB_312|Pulau Krakatau;
Rakata;query;place|GLOB_312|Pulau Krakatau;
Rakit;query;place|GLOB_312|Pulau Krakatau;
Boeleleeng;query;place|GLOB_313|Buleleng;
Boelilling;query;place|GLOB_313|Buleleng;
Boulelleng;query;place|GLOB_313|Buleleng;
Buleleng;query;place|GLOB_313|Buleleng;
Buléleng;query;place|GLOB_313|Buleleng;
Sarwetjapura;query;place|GLOB_313|Buleleng;
Djailolo;query;place|GLOB_314|Jailolo;
Gilolo;query;place|GLOB_314|Jailolo;
Jailolo;query;place|GLOB_314|Jailolo;
Jelolo;query;place|GLOB_314|Jailolo;
Njay Goya;query;place|GLOB_314|Jailolo;
Nagari Pakandangan;query;place|GLOB_316|Nagari Pakandangan;
Pakandangan;query;place|GLOB_316|Nagari Pakandangan;
Nieuwe Eiland;query;place|GLOB_317|Pulau Panaitan;
Panaitan;query;place|GLOB_317|Pulau Panaitan;
Princen Eyland;query;place|GLOB_317|Pulau Panaitan;
Princeneyland;query;place|GLOB_317|Pulau Panaitan;
Prinseneiland;query;place|GLOB_317|Pulau Panaitan;
Pulau Panaitan;query;place|GLOB_317|Pulau Panaitan;
Cangiwarom;query;place|GLOB_32|Gondewarom;
Condewaron;query;place|GLOB_32|Gondewarom;
Gondewarom;query;place|GLOB_32|Gondewarom;
Gondewaron;query;place|GLOB_32|Gondewarom;
Goudewaron;query;place|GLOB_32|Gondewarom;
Carwado;query;place|GLOB_320|Kaiwatu;
Kaiwatoe;query;place|GLOB_320|Kaiwatu;
Kaiwatu;query;place|GLOB_320|Kaiwatu;
Bonaparte;query;place|GLOB_321|Réunion;
Bourbon;query;place|GLOB_321|Réunion;
Bourbon ;query;place|GLOB_321|Réunion;
Ile de Bourbon;query;place|GLOB_321|Réunion;
La Réunion;query;place|GLOB_321|Réunion;
Reunion;query;place|GLOB_321|Réunion;
Réunion;query;place|GLOB_321|Réunion;
Île Bonaparte;query;place|GLOB_321|Réunion;
île Bonapart;query;place|GLOB_321|Réunion;
île Bonaparte;query;place|GLOB_321|Réunion;
Afghanistan;query;place|GLOB_322|Afghanistan;
Asghanistan;query;place|GLOB_322|Afghanistan;
Chana;query;place|GLOB_324|Chanda;
Chanda;query;place|GLOB_324|Chanda;
Engeland;query;place|GLOB_325|England;
Engelandt;query;place|GLOB_325|England;
Engelant;query;place|GLOB_325|England;
England;query;place|GLOB_325|England;
Enamakkal;query;place|GLOB_326|Enamākkal;
Enamākkal;query;place|GLOB_326|Enamākkal;
Inemaka;query;place|GLOB_326|Enamākkal;
Inemake;query;place|GLOB_326|Enamākkal;
Innemaka;query;place|GLOB_326|Enamākkal;
Enamakkal;query;place|GLOB_326_GEO_1|Enamākkal;
Enamākkal;query;place|GLOB_326_GEO_1|Enamākkal;
Inemaka;query;place|GLOB_326_GEO_1|Enamākkal;
Inemake;query;place|GLOB_326_GEO_1|Enamākkal;
Innemaka;query;place|GLOB_326_GEO_1|Enamākkal;
Enamakkal;query;place|GLOB_326_HUM_1|Enamākkal;
Enamākkal;query;place|GLOB_326_HUM_1|Enamākkal;
Inemaka;query;place|GLOB_326_HUM_1|Enamākkal;
Inemake;query;place|GLOB_326_HUM_1|Enamākkal;
Innemaka;query;place|GLOB_326_HUM_1|Enamākkal;
Fatwa;query;place|GLOB_327|Fatwa;
Fettua;query;place|GLOB_327|Fatwa;
Fettuwa;query;place|GLOB_327|Fatwa;
Fetwa;query;place|GLOB_327|Fatwa;
Caloncon;query;place|GLOB_328|Klungkung;
Kalingapura;query;place|GLOB_328|Klungkung;
Klungkung;query;place|GLOB_328|Klungkung;
Klunkung;query;place|GLOB_328|Klungkung;
Dampit;query;place|GLOB_329|Dampit;
Cantaon;query;place|GLOB_33|Guangzhou;
Canton;query;place|GLOB_33|Guangzhou;
Guangcheu;query;place|GLOB_33|Guangzhou;
Guangzhou;query;place|GLOB_33|Guangzhou;
Kanton;query;place|GLOB_33|Guangzhou;
Kwantoeng;query;place|GLOB_33|Guangzhou;
広州;query;place|GLOB_33|Guangzhou;
Kepulauan Sumur;query;place|GLOB_330|Kepulauan Sumur;
Sumur, Pulau;query;place|GLOB_330|Kepulauan Sumur;
Zutphen-eilanden;query;place|GLOB_330|Kepulauan Sumur;
Hatumeten;query;place|GLOB_331|Hatumeten;
Hatumetta;query;place|GLOB_331|Hatumeten;
Watimeten;query;place|GLOB_331|Hatumeten;
Watoemetten;query;place|GLOB_331|Hatumeten;
Condeware;query;place|GLOB_332|Honavar;
Honavar;query;place|GLOB_332|Honavar;
Honawar;query;place|GLOB_332|Honavar;
Onoor;query;place|GLOB_332|Honavar;
Onor;query;place|GLOB_332|Honavar;
Onvor;query;place|GLOB_332|Honavar;
Mongeer;query;place|GLOB_333|Monghyr;
Monghyr;query;place|GLOB_333|Monghyr;
Munger;query;place|GLOB_333|Monghyr;
Samoening;query;place|GLOB_334|Samoening;
Samuning;query;place|GLOB_334|Samoening;
Sumurning;query;place|GLOB_334|Samoening;
Limongh;query;place|GLOB_336|Sungai Limau;
Songe Limo;query;place|GLOB_336|Sungai Limau;
Sungai Limau;query;place|GLOB_336|Sungai Limau;
Soesangh;query;place|GLOB_337|Sungsang;
Songsang;query;place|GLOB_337|Sungsang;
Sousang;query;place|GLOB_337|Sungsang;
Sungsang;query;place|GLOB_337|Sungsang;
Calgain;query;place|GLOB_338|Kahalgaon;
Calgam;query;place|GLOB_338|Kahalgaon;
Colgong;query;place|GLOB_338|Kahalgaon;
Kahalgaon;query;place|GLOB_338|Kahalgaon;
Cateck;query;place|GLOB_339|Cuttack;
Catek;query;place|GLOB_339|Cuttack;
Catteck;query;place|GLOB_339|Cuttack;
Cuttack;query;place|GLOB_339|Cuttack;
Cabo de Monte Daly;query;place|GLOB_340|Ezhimala;
Erhimala;query;place|GLOB_340|Ezhimala;
Ezhimala;query;place|GLOB_340|Ezhimala;
Cabo de Monte Daly;query;place|GLOB_340_GEO_1|Mount Dilli;
Erhimala;query;place|GLOB_340_GEO_1|Mount Dilli;
Mount Dilli;query;place|GLOB_340_GEO_1|Mount Dilli;
Erhimala;query;place|GLOB_340_HUM_1|Ezhimala;
Ezhimala;query;place|GLOB_340_HUM_1|Ezhimala;
Corassima;query;place|GLOB_342|Kalasin;
Corrossima;query;place|GLOB_342|Kalasin;
Kalasin;query;place|GLOB_342|Kalasin;
Kalassim;query;place|GLOB_342|Kalasin;
Corassima;query;place|GLOB_342_HUM_1|Kalasin;
Corrossima;query;place|GLOB_342_HUM_1|Kalasin;
Kalasin;query;place|GLOB_342_HUM_1|Kalasin;
Kalassim;query;place|GLOB_342_HUM_1|Kalasin;
Corassima;query;place|GLOB_342_HUM_2|Kalasin;
Corrossima;query;place|GLOB_342_HUM_2|Kalasin;
Kalasin;query;place|GLOB_342_HUM_2|Kalasin;
Kalassim;query;place|GLOB_342_HUM_2|Kalasin;
Barahanagar;query;place|GLOB_343|Baranagar;
Baranagar;query;place|GLOB_343|Baranagar;
Barrenger;query;place|GLOB_343|Baranagar;
Bernagoor;query;place|GLOB_343|Baranagar;
Bernagore;query;place|GLOB_343|Baranagar;
Moratai;query;place|GLOB_344|Morotai Island;
Morotai;query;place|GLOB_344|Morotai Island;
Morotai Island;query;place|GLOB_344|Morotai Island;
Morotay;query;place|GLOB_344|Morotai Island;
Tobelotai;query;place|GLOB_344|Morotai Island;
Tobelotay;query;place|GLOB_344|Morotai Island;
Panaraga;query;place|GLOB_346|Ponorogo;
Paneroegan;query;place|GLOB_346|Ponorogo;
Ponorogo;query;place|GLOB_346|Ponorogo;
Pranaraga;query;place|GLOB_346|Ponorogo;
Tehua;query;place|GLOB_347|Tehua;
Thelua;query;place|GLOB_347|Tehua;
Daca;query;place|GLOB_348|Dhaka (Bangladesh);
Dacca;query;place|GLOB_348|Dhaka (Bangladesh);
Decca;query;place|GLOB_348|Dhaka (Bangladesh);
Deka;query;place|GLOB_348|Dhaka (Bangladesh);
Dekhan;query;place|GLOB_348|Dhaka (Bangladesh);
Dekka;query;place|GLOB_348|Dhaka (Bangladesh);
Dhaka;query;place|GLOB_348|Dhaka (Bangladesh);
Dhaka (Bangladesh);query;place|GLOB_348|Dhaka (Bangladesh);
Dhecca;query;place|GLOB_348|Dhaka (Bangladesh);
Condaweira;query;place|GLOB_349|Kondavīdu;
Condawier;query;place|GLOB_349|Kondavīdu;
Kondavid;query;place|GLOB_349|Kondavīdu;
Kondavira;query;place|GLOB_349|Kondavīdu;
Kondavīdu;query;place|GLOB_349|Kondavīdu;
Carcal;query;place|GLOB_35|Karaikal;
Carical;query;place|GLOB_35|Karaikal;
Carkal;query;place|GLOB_35|Karaikal;
Karaikal;query;place|GLOB_35|Karaikal;
Karikal;query;place|GLOB_35|Karaikal;
Karkal;query;place|GLOB_35|Karaikal;
Karkalla;query;place|GLOB_35|Karaikal;
Ava;query;place|GLOB_350|Ava Nandaw;
Ava Nandaw;query;place|GLOB_350|Ava Nandaw;
Awa;query;place|GLOB_350|Ava Nandaw;
Hawa;query;place|GLOB_350|Ava Nandaw;
Inwa;query;place|GLOB_350|Ava Nandaw;
Candahaar;query;place|GLOB_351|Kandahar (Afghanistan);
Candhaar;query;place|GLOB_351|Kandahar (Afghanistan);
Chandahaar;query;place|GLOB_351|Kandahar (Afghanistan);
Kandahar;query;place|GLOB_351|Kandahar (Afghanistan);
Kandahar (Afghanistan);query;place|GLOB_351|Kandahar (Afghanistan);
Machilipatam;query;place|GLOB_352|Machilipatnam;
Machilipatnam;query;place|GLOB_352|Machilipatnam;
Maselpatan;query;place|GLOB_352|Machilipatnam;
Maslupatnam;query;place|GLOB_352|Machilipatnam;
Masulepataem;query;place|GLOB_352|Machilipatnam;
Masulipatam;query;place|GLOB_352|Machilipatnam;
Masulipatnam;query;place|GLOB_352|Machilipatnam;
Mazulipatn;query;place|GLOB_352|Machilipatnam;
Mazulipatnam;query;place|GLOB_352|Machilipatnam;
Mesulibata;query;place|GLOB_352|Machilipatnam;
Muslipatnam;query;place|GLOB_352|Machilipatnam;
Minab;query;place|GLOB_353|Mīnāb;
Minau;query;place|GLOB_353|Mīnāb;
Minauw;query;place|GLOB_353|Mīnāb;
Minou;query;place|GLOB_353|Mīnāb;
Mīnāb;query;place|GLOB_353|Mīnāb;
Benteng Tolukko;query;place|GLOB_354|Benteng Tolukko;
Hollandia;query;place|GLOB_354|Benteng Tolukko;
Terlucco, fort;query;place|GLOB_354|Benteng Tolukko;
Huangpu;query;place|GLOB_355|Huangpu Dao;
Huangpu Dao;query;place|GLOB_355|Huangpu Dao;
Wampho;query;place|GLOB_355|Huangpu Dao;
Wampo;query;place|GLOB_355|Huangpu Dao;
Wanpho;query;place|GLOB_355|Huangpu Dao;
Whampoa;query;place|GLOB_355|Huangpu Dao;
Barddhaman;query;place|GLOB_356|Barddhaman;
Berduaan;query;place|GLOB_356|Barddhaman;
Borduaan;query;place|GLOB_356|Barddhaman;
Burdwan;query;place|GLOB_356|Barddhaman;
Baaygams;query;place|GLOB_357|Beragama;
Baijgaim;query;place|GLOB_357|Beragama;
Baygam;query;place|GLOB_357|Beragama;
Baygam Korala;query;place|GLOB_357|Beragama;
Baygam Korale;query;place|GLOB_357|Beragama;
Baygams;query;place|GLOB_357|Beragama;
Beragama;query;place|GLOB_357|Beragama;
Baaygams;query;place|GLOB_357_HUM_1|Beragama;
Baijgaim;query;place|GLOB_357_HUM_1|Beragama;
Baygam;query;place|GLOB_357_HUM_1|Beragama;
Baygams;query;place|GLOB_357_HUM_1|Beragama;
Beragama;query;place|GLOB_357_HUM_1|Beragama;
Baaygams;query;place|GLOB_357_HUM_2|Beragama;
Baijgaim;query;place|GLOB_357_HUM_2|Beragama;
Baygam;query;place|GLOB_357_HUM_2|Beragama;
Baygam Korala;query;place|GLOB_357_HUM_2|Beragama;
Baygam Korale;query;place|GLOB_357_HUM_2|Beragama;
Baygams;query;place|GLOB_357_HUM_2|Beragama;
Beragama;query;place|GLOB_357_HUM_2|Beragama;
Varapoli;query;place|GLOB_358|Varappuzha;
Varappuzha;query;place|GLOB_358|Varappuzha;
Verapoli;query;place|GLOB_358|Varappuzha;
Warapolij;query;place|GLOB_358|Varappuzha;
Chiau;query;place|GLOB_36|Pulau Siau;
Chiauw;query;place|GLOB_36|Pulau Siau;
Chiauwe;query;place|GLOB_36|Pulau Siau;
Chiouw;query;place|GLOB_36|Pulau Siau;
Pulau Siau;query;place|GLOB_36|Pulau Siau;
Siaoe;query;place|GLOB_36|Pulau Siau;
Siau;query;place|GLOB_36|Pulau Siau;
Syam;query;place|GLOB_36|Pulau Siau;
Sawaspour;query;place|GLOB_360|Sawaspour;
Swaspur;query;place|GLOB_360|Sawaspour;
Tamblegamme;query;place|GLOB_361|Tampalakamam;
Tampalakamam;query;place|GLOB_361|Tampalakamam;
Thampalakamam;query;place|GLOB_361|Tampalakamam;
Pamalang;query;place|GLOB_362|Pemalang;
Pemalang;query;place|GLOB_362|Pemalang;
Palakkad;query;place|GLOB_363|Palakkad;
Palcatcherij;query;place|GLOB_363|Palakkad;
Palecalcherij;query;place|GLOB_363|Palakkad;
Palghat;query;place|GLOB_363|Palakkad;
Palicatcherij;query;place|GLOB_363|Palakkad;
Palleacatcherij;query;place|GLOB_363|Palakkad;
Palakkad;query;place|GLOB_363_HUM_1|Palakkad;
Palcatcherij;query;place|GLOB_363_HUM_1|Palakkad;
Palecalcherij;query;place|GLOB_363_HUM_1|Palakkad;
Palghat;query;place|GLOB_363_HUM_1|Palakkad;
Palicatcherij;query;place|GLOB_363_HUM_1|Palakkad;
Palleacatcherij;query;place|GLOB_363_HUM_1|Palakkad;
Palakkad;query;place|GLOB_363_HUM_2|Palakkad;
Palcatcherij;query;place|GLOB_363_HUM_2|Palakkad;
Palecalcherij;query;place|GLOB_363_HUM_2|Palakkad;
Palghat;query;place|GLOB_363_HUM_2|Palakkad;
Palicatcherij;query;place|GLOB_363_HUM_2|Palakkad;
Palleacatcherij;query;place|GLOB_363_HUM_2|Palakkad;
Pagarrujung;query;place|GLOB_364|Pagaruyung;
Pagarujung;query;place|GLOB_364|Pagaruyung;
Pagaruyung;query;place|GLOB_364|Pagaruyung;
Pagger Oudjangh;query;place|GLOB_364|Pagaruyung;
Paggeroedjong;query;place|GLOB_364|Pagaruyung;
Padanta;query;place|GLOB_365|Patanta;
Pandata;query;place|GLOB_365|Patanta;
Patanta;query;place|GLOB_365|Patanta;
Pananij;query;place|GLOB_366|Ponnani;
Panany;query;place|GLOB_366|Ponnani;
Pannanij;query;place|GLOB_366|Ponnani;
Pannany;query;place|GLOB_366|Ponnani;
Ponanij;query;place|GLOB_366|Ponnani;
Ponnani;query;place|GLOB_366|Ponnani;
Groote Oost;query;place|GLOB_367|Oosterkwartieren;
Grote Oost;query;place|GLOB_367|Oosterkwartieren;
Oost;query;place|GLOB_367|Oosterkwartieren;
Oostelijke gebieden;query;place|GLOB_367|Oosterkwartieren;
Oostelijke gewesten;query;place|GLOB_367|Oosterkwartieren;
Oostelijke gouvernementen;query;place|GLOB_367|Oosterkwartieren;
Oostelijke provincies;query;place|GLOB_367|Oosterkwartieren;
Oosterkwartieren;query;place|GLOB_367|Oosterkwartieren;
Oosterkwartierenprovinciën;query;place|GLOB_367|Oosterkwartieren;
Oostersche comptoiren;query;place|GLOB_367|Oosterkwartieren;
Oostersche gouvernementen;query;place|GLOB_367|Oosterkwartieren;
Oosterse comptoiren;query;place|GLOB_367|Oosterkwartieren;
Oosterse gouvernementen;query;place|GLOB_367|Oosterkwartieren;
Oenewatte;query;place|GLOB_368|Unawatuna;
Unawatuna;query;place|GLOB_368|Unawatuna;
Oenarang;query;place|GLOB_369|Ungaran;
Ungaran;query;place|GLOB_369|Ungaran;
Coedeloer;query;place|GLOB_37|Cuddalore;
Coereloer;query;place|GLOB_37|Cuddalore;
Cuddalore;query;place|GLOB_37|Cuddalore;
Cuddalur;query;place|GLOB_37|Cuddalore;
Koereloer;query;place|GLOB_37|Cuddalore;
Kuddalore;query;place|GLOB_37|Cuddalore;
Oedjong Panka;query;place|GLOB_370|Ujung Pangkah;
Tandjung Pankah;query;place|GLOB_370|Ujung Pangkah;
Ujung Pangkah;query;place|GLOB_370|Ujung Pangkah;
Oedeaarpalium;query;place|GLOB_371|Udaiyārpālaiyam;
Oudeaar;query;place|GLOB_371|Udaiyārpālaiyam;
Udaiyarpalaiyam;query;place|GLOB_371|Udaiyārpālaiyam;
Udaiyārpālaiyam;query;place|GLOB_371|Udaiyārpālaiyam;
Nagore;query;place|GLOB_372|Nagore;
Naoer;query;place|GLOB_372|Nagore;
Naore;query;place|GLOB_372|Nagore;
Nauor;query;place|GLOB_372|Nagore;
Naur;query;place|GLOB_372|Nagore;
Nogera;query;place|GLOB_372|Nagore;
Negombo;query;place|GLOB_373|Negombo;
Negumbo;query;place|GLOB_373|Negombo;
Nigomba;query;place|GLOB_373|Negombo;
Nigombo;query;place|GLOB_373|Negombo;
Negombo;query;place|GLOB_373_HUM_1|Negombo (city);
Negombo (city);query;place|GLOB_373_HUM_1|Negombo (city);
Negumbo;query;place|GLOB_373_HUM_1|Negombo (city);
Nigomba;query;place|GLOB_373_HUM_1|Negombo (city);
Nigombo;query;place|GLOB_373_HUM_1|Negombo (city);
Negombo;query;place|GLOB_373_HUM_2|Negombo Fort;
Negombo Fort;query;place|GLOB_373_HUM_2|Negombo Fort;
Negumbo;query;place|GLOB_373_HUM_2|Negombo Fort;
Nigomba;query;place|GLOB_373_HUM_2|Negombo Fort;
Nigombo;query;place|GLOB_373_HUM_2|Negombo Fort;
Ci Sadane;query;place|GLOB_374|Ci Sadane;
Ontong Java;query;place|GLOB_374|Ci Sadane;
Tangerang (rivier);query;place|GLOB_374|Ci Sadane;
Osacca;query;place|GLOB_375|Osaka;
Osacco;query;place|GLOB_375|Osaka;
Osaka;query;place|GLOB_375|Osaka;
Osakka;query;place|GLOB_375|Osaka;
大坂;query;place|GLOB_375|Osaka;
Odisha;query;place|GLOB_376|Odisha;
Orissa;query;place|GLOB_376|Odisha;
Orixa;query;place|GLOB_376|Odisha;
Paccalongan;query;place|GLOB_377|Pekalongan;
Paccalongang;query;place|GLOB_377|Pekalongan;
Pakalongan;query;place|GLOB_377|Pekalongan;
Pankalongan;query;place|GLOB_377|Pekalongan;
Pekalongan;query;place|GLOB_377|Pekalongan;
Pariaman;query;place|GLOB_378|Pariaman;
Priaman;query;place|GLOB_378|Pariaman;
Priamang;query;place|GLOB_378|Pariaman;
Priamange;query;place|GLOB_378|Pariaman;
Prianang;query;place|GLOB_378|Pariaman;
Poeram;query;place|GLOB_379|Purāini;
Poerannia;query;place|GLOB_379|Purāini;
Porania;query;place|GLOB_379|Purāini;
Poranie;query;place|GLOB_379|Purāini;
Pourania;query;place|GLOB_379|Purāini;
Pourannia;query;place|GLOB_379|Purāini;
Puraini;query;place|GLOB_379|Purāini;
Purāini;query;place|GLOB_379|Purāini;
Coijlan;query;place|GLOB_38|Kollam;
Coijlang;query;place|GLOB_38|Kollam;
Coilan;query;place|GLOB_38|Kollam;
Coilang;query;place|GLOB_38|Kollam;
Coulan;query;place|GLOB_38|Kollam;
Coylan;query;place|GLOB_38|Kollam;
Coylang;query;place|GLOB_38|Kollam;
Desinganadu;query;place|GLOB_38|Kollam;
Kollam;query;place|GLOB_38|Kollam;
Quilon;query;place|GLOB_38|Kollam;
Signatty;query;place|GLOB_38|Kollam;
Signettij;query;place|GLOB_38|Kollam;
Zingenaty;query;place|GLOB_38|Kollam;
Poimerijn;query;place|GLOB_381|Pooneryn;
Pomerijn;query;place|GLOB_381|Pooneryn;
Pommerijn;query;place|GLOB_381|Pooneryn;
Ponnereijn;query;place|GLOB_381|Pooneryn;
Ponneri;query;place|GLOB_381|Pooneryn;
Ponnerijn;query;place|GLOB_381|Pooneryn;
Ponnorijn;query;place|GLOB_381|Pooneryn;
Ponnoryn;query;place|GLOB_381|Pooneryn;
Poonerijn;query;place|GLOB_381|Pooneryn;
Pooneryn;query;place|GLOB_381|Pooneryn;
Damack;query;place|GLOB_382|Demak;
Damak;query;place|GLOB_382|Demak;
De Mak;query;place|GLOB_382|Demak;
Demak;query;place|GLOB_382|Demak;
Qalladamacq;query;place|GLOB_382|Demak;
Qualla Damacq;query;place|GLOB_382|Demak;
Qualla Damak;query;place|GLOB_382|Demak;
Qualladamacq;query;place|GLOB_382|Demak;
Qualladamak;query;place|GLOB_382|Demak;
Patani;query;place|GLOB_383|Pattani [Thailand];
Pattani;query;place|GLOB_383|Pattani [Thailand];
Pattani [Thailand];query;place|GLOB_383|Pattani [Thailand];
Pachet;query;place|GLOB_384|Panchet;
Panchet;query;place|GLOB_384|Panchet;
Patchet;query;place|GLOB_384|Panchet;
Paravur;query;place|GLOB_385|Paravur (Kollam);
Paravur (Kollam);query;place|GLOB_385|Paravur (Kollam);
Paroe;query;place|GLOB_385|Paravur (Kollam);
Paru;query;place|GLOB_385|Paravur (Kollam);
Parur;query;place|GLOB_385|Paravur (Kollam);
Pandarathuruthu;query;place|GLOB_386|Pandaraturuth;
Pandaraturuth;query;place|GLOB_386|Pandaraturuth;
Panderatourte;query;place|GLOB_386|Pandaraturuth;
Panderaturty;query;place|GLOB_386|Pandaraturuth;
Pesa;query;place|GLOB_386|Pandaraturuth;
Pesse;query;place|GLOB_386|Pandaraturuth;
Peza;query;place|GLOB_386|Pandaraturuth;
Nedumangadu;query;place|GLOB_387|Nedumangād;
Nedumangād;query;place|GLOB_387|Nedumangād;
Peretaly;query;place|GLOB_387|Nedumangād;
Peritali;query;place|GLOB_387|Nedumangād;
Peritalij;query;place|GLOB_387|Nedumangād;
Para;query;place|GLOB_388|Perak;
Peera;query;place|GLOB_388|Perak;
Pera;query;place|GLOB_388|Perak;
Perak;query;place|GLOB_388|Perak;
Pennagonda;query;place|GLOB_389|Penukonda;
Pennegonde;query;place|GLOB_389|Penukonda;
Penukonda;query;place|GLOB_389|Penukonda;
Peroegonda Dorgam;query;place|GLOB_389|Penukonda;
Coijlan;query;place|GLOB_38_HUM_1|Kollam (kingdom);
Coijlang;query;place|GLOB_38_HUM_1|Kollam (kingdom);
Coilan;query;place|GLOB_38_HUM_1|Kollam (kingdom);
Coilang;query;place|GLOB_38_HUM_1|Kollam (kingdom);
Coulan;query;place|GLOB_38_HUM_1|Kollam (kingdom);
Coylan;query;place|GLOB_38_HUM_1|Kollam (kingdom);
Coylang;query;place|GLOB_38_HUM_1|Kollam (kingdom);
Desinganadu;query;place|GLOB_38_HUM_1|Kollam (kingdom);
Kollam (kingdom);query;place|GLOB_38_HUM_1|Kollam (kingdom);
Quilon;query;place|GLOB_38_HUM_1|Kollam (kingdom);
Signatty;query;place|GLOB_38_HUM_1|Kollam (kingdom);
Signettij;query;place|GLOB_38_HUM_1|Kollam (kingdom);
Zingenaty;query;place|GLOB_38_HUM_1|Kollam (kingdom);
Paloepoe;query;place|GLOB_391|Palopo;
Palopo;query;place|GLOB_391|Palopo;
Natal;query;place|GLOB_392|Natal;
Natter;query;place|GLOB_392|Natal;
Manakkodam;query;place|GLOB_394|Manakkodam;
Manakkodam;query;place|GLOB_394|Manakkodam;
Manicoorde;query;place|GLOB_394|Manakkodam;
Manicorda;query;place|GLOB_394|Manakkodam;
Manicorde;query;place|GLOB_394|Manakkodam;
Manikorda;query;place|GLOB_394|Manakkodam;
Mangi;query;place|GLOB_395|Mangie;
Mangie;query;place|GLOB_395|Mangie;
Mangu;query;place|GLOB_395|Mangie;
Maisoer;query;place|GLOB_397|Mysuru;
Masoer;query;place|GLOB_397|Mysuru;
Maysjour;query;place|GLOB_397|Mysuru;
Maysoer;query;place|GLOB_397|Mysuru;
Misjour;query;place|GLOB_397|Mysuru;
Mysore;query;place|GLOB_397|Mysuru;
Mysuru;query;place|GLOB_397|Mysuru;
Marava kingdom;query;place|GLOB_399|Marava kingdom;
Marruas;query;place|GLOB_399|Marava kingdom;
Marua;query;place|GLOB_399|Marava kingdom;
Maruasland;query;place|GLOB_399|Marava kingdom;
Chormandel;query;place|GLOB_40|Coromandel Coast;
Choromandel;query;place|GLOB_40|Coromandel Coast;
Cormandel;query;place|GLOB_40|Coromandel Coast;
Coromandel;query;place|GLOB_40|Coromandel Coast;
Coromandel Coast;query;place|GLOB_40|Coromandel Coast;
Coromandel, Kust van;query;place|GLOB_40|Coromandel Coast;
Cust Coromandel;query;place|GLOB_40|Coromandel Coast;
Custe Choromandel;query;place|GLOB_40|Coromandel Coast;
Custe Coromandel;query;place|GLOB_40|Coromandel Coast;
Custe van Cormandel;query;place|GLOB_40|Coromandel Coast;
Kust Coromandel;query;place|GLOB_40|Coromandel Coast;
Magonde;query;place|GLOB_401|Mongondow;
Mogondo;query;place|GLOB_401|Mongondow;
Mongondow;query;place|GLOB_401|Mongondow;
Malacca's Engte;query;place|GLOB_402|Strait of Malacca;
Malakka, Straat;query;place|GLOB_402|Strait of Malacca;
Malakka, Straat van;query;place|GLOB_402|Strait of Malacca;
Straat Malacca;query;place|GLOB_402|Strait of Malacca;
Straat Malakka;query;place|GLOB_402|Strait of Malacca;
Strait of Malacca;query;place|GLOB_402|Strait of Malacca;
Maldive Islands;query;place|GLOB_403|Maldive Islands;
Maldives;query;place|GLOB_403|Maldive Islands;
Maldivo;query;place|GLOB_403|Maldive Islands;
Maldivo's;query;place|GLOB_403|Maldive Islands;
Maldivos;query;place|GLOB_403|Maldive Islands;
Malediven;query;place|GLOB_403|Maldive Islands;
Manado;query;place|GLOB_404|Manado;
Menado;query;place|GLOB_404|Manado;
Mijnado;query;place|GLOB_404|Manado;
Custe Malabar;query;place|GLOB_405|Malabar Coast;
Malabaar;query;place|GLOB_405|Malabar Coast;
Malabar;query;place|GLOB_405|Malabar Coast;
Malabar Coast;query;place|GLOB_405|Malabar Coast;
Mallabaar;query;place|GLOB_405|Malabar Coast;
cust van Malabar;query;place|GLOB_405|Malabar Coast;
custe van Malabar;query;place|GLOB_405|Malabar Coast;
kust van Malabar;query;place|GLOB_405|Malabar Coast;
Merghij;query;place|GLOB_406|Myeik;
Mergi;query;place|GLOB_406|Myeik;
Mergie;query;place|GLOB_406|Myeik;
Mergij;query;place|GLOB_406|Myeik;
Mergijn;query;place|GLOB_406|Myeik;
Mergui;query;place|GLOB_406|Myeik;
Mirsij;query;place|GLOB_406|Myeik;
Myeik;query;place|GLOB_406|Myeik;
Decima;query;place|GLOB_407|Nagasaki;
Desima;query;place|GLOB_407|Nagasaki;
Desjima;query;place|GLOB_407|Nagasaki;
Dicima;query;place|GLOB_407|Nagasaki;
Langesaque;query;place|GLOB_407|Nagasaki;
Nagasaki;query;place|GLOB_407|Nagasaki;
Nagesaki;query;place|GLOB_407|Nagasaki;
Nangasackij;query;place|GLOB_407|Nagasaki;
Nangasacky;query;place|GLOB_407|Nagasaki;
Nangasakij;query;place|GLOB_407|Nagasaki;
Nangasakki;query;place|GLOB_407|Nagasaki;
Nangasakkij;query;place|GLOB_407|Nagasaki;
Nangasequi;query;place|GLOB_407|Nagasaki;
Nangazackij;query;place|GLOB_407|Nagasaki;
Nangesaky;query;place|GLOB_407|Nagasaki;
Nanjangud;query;place|GLOB_408|Nanjangūd;
Nanjangūd;query;place|GLOB_408|Nanjangūd;
Mau;query;place|GLOB_409|Mau;
Mouw;query;place|GLOB_409|Mau;
Cottate;query;place|GLOB_41|Kottayam (Kannur);
Kottayam;query;place|GLOB_41|Kottayam (Kannur);
Kottayam (Kannur);query;place|GLOB_41|Kottayam (Kannur);
Parreveacoil;query;place|GLOB_41|Kottayam (Kannur);
Moti;query;place|GLOB_410|Pulau Moty;
Moti Timor;query;place|GLOB_410|Pulau Moty;
Motier;query;place|GLOB_410|Pulau Moty;
Motir;query;place|GLOB_410|Pulau Moty;
Pulau Moty;query;place|GLOB_410|Pulau Moty;
Modaragam;query;place|GLOB_411|Modaragam Point;
Modaragam Point;query;place|GLOB_411|Modaragam Point;
Modregam;query;place|GLOB_411|Modaragam Point;
Moar;query;place|GLOB_412|Muar;
Muar;query;place|GLOB_412|Muar;
Moerianattij;query;place|GLOB_413|Moerianattoe;
Moerianattoe;query;place|GLOB_413|Moerianattoe;
Muriyanattu Nadu;query;place|GLOB_413|Moerianattoe;
Moetoepette;query;place|GLOB_414|Muthupet;
Muthupet;query;place|GLOB_414|Muthupet;
Muttupet;query;place|GLOB_414|Muthupet;
Moluccas;query;place|GLOB_415|Moluccas;
Molucco's;query;place|GLOB_415|Moluccas;
Moluccos;query;place|GLOB_415|Moluccas;
Molukken;query;place|GLOB_415|Moluccas;
Specerij Eilanden;query;place|GLOB_415|Moluccas;
Specerij eilanden;query;place|GLOB_415|Moluccas;
Specerij-Eilanden;query;place|GLOB_415|Moluccas;
Specerij-eilanden;query;place|GLOB_415|Moluccas;
Specerij-landen;query;place|GLOB_415|Moluccas;
Zuidwester Eilanden;query;place|GLOB_415|Moluccas;
Moeseli;query;place|GLOB_417|Musali;
Moeselie;query;place|GLOB_417|Musali;
Moeselij;query;place|GLOB_417|Musali;
Musali;query;place|GLOB_417|Musali;
Musely;query;place|GLOB_417|Musali;
Ramgarh;query;place|GLOB_418|Ramgarh;
Ramger;query;place|GLOB_418|Ramgarh;
Rotaarger;query;place|GLOB_418|Ramgarh;
Catchouw;query;place|GLOB_419|Hà Nội;
Catsiouw;query;place|GLOB_419|Hà Nội;
Hanoi;query;place|GLOB_419|Hà Nội;
Hà Nội;query;place|GLOB_419|Hà Nội;
Katsiu;query;place|GLOB_419|Hà Nội;
Ke-Cho;query;place|GLOB_419|Hà Nội;
Ke-cho;query;place|GLOB_419|Hà Nội;
Cottate;query;place|GLOB_41_HUM_1|Kottayam (Kannur);
Kottayam;query;place|GLOB_41_HUM_1|Kottayam (Kannur);
Kottayam (Kannur);query;place|GLOB_41_HUM_1|Kottayam (Kannur);
Parreveacoil;query;place|GLOB_41_HUM_1|Kottayam (Kannur);
Cottate;query;place|GLOB_41_HUM_2|Kottayam (Kannur);
Kottayam;query;place|GLOB_41_HUM_2|Kottayam (Kannur);
Kottayam (Kannur);query;place|GLOB_41_HUM_2|Kottayam (Kannur);
Parreveacoil;query;place|GLOB_41_HUM_2|Kottayam (Kannur);
Cotatte;query;place|GLOB_42|Kottar;
Cotta;query;place|GLOB_42|Kottar;
Cottat;query;place|GLOB_42|Kottar;
Cottatte;query;place|GLOB_42|Kottar;
Kottar;query;place|GLOB_42|Kottar;
Nagercoil;query;place|GLOB_42|Kottar;
Trincoenemale;query;place|GLOB_420|Trincomalee;
Trincomale;query;place|GLOB_420|Trincomalee;
Trincomalee;query;place|GLOB_420|Trincomalee;
Trinconemale;query;place|GLOB_420|Trincomalee;
Trinconomaalo;query;place|GLOB_420|Trincomalee;
Trinconomale;query;place|GLOB_420|Trincomalee;
Trincornale;query;place|GLOB_420|Trincomalee;
Triniconomale;query;place|GLOB_420|Trincomalee;
Trinkenemale;query;place|GLOB_420|Trincomalee;
Trinkimaly;query;place|GLOB_420|Trincomalee;
Trinquenemale;query;place|GLOB_420|Trincomalee;
Trinqummale;query;place|GLOB_420|Trincomalee;
Triquilimale;query;place|GLOB_420|Trincomalee;
Travancore;query;place|GLOB_421|Travancore;
Treevancoer;query;place|GLOB_421|Travancore;
Trevancoer;query;place|GLOB_421|Travancore;
Trevancoor;query;place|GLOB_421|Travancore;
Terengganu;query;place|GLOB_422|Terengganu;
Tragano;query;place|GLOB_422|Terengganu;
Trangano;query;place|GLOB_422|Terengganu;
Trengganu;query;place|GLOB_422|Terengganu;
Tringan;query;place|GLOB_422|Terengganu;
Ndaomane;query;place|GLOB_425|Termanu;
Termaan;query;place|GLOB_425|Termanu;
Termane;query;place|GLOB_425|Termanu;
Termano;query;place|GLOB_425|Termanu;
Termanu;query;place|GLOB_425|Termanu;
Pulau-pulau Tanimbar;query;place|GLOB_426|Pulau-pulau Tanimbar;
Tanimbar;query;place|GLOB_426|Pulau-pulau Tanimbar;
Tanimbar Archipelago;query;place|GLOB_426|Pulau-pulau Tanimbar;
Tanimbar eilanden;query;place|GLOB_426|Pulau-pulau Tanimbar;
Tenemberse eylanden;query;place|GLOB_426|Pulau-pulau Tanimbar;
Tenimber;query;place|GLOB_426|Pulau-pulau Tanimbar;
Timorlaut;query;place|GLOB_426|Pulau-pulau Tanimbar;
Teckencoer;query;place|GLOB_427|Thekkumkur;
Teckenkoer;query;place|GLOB_427|Thekkumkur;
Tekkenkoer;query;place|GLOB_427|Thekkumkur;
Tekkenkur;query;place|GLOB_427|Thekkumkur;
Tekkumkur;query;place|GLOB_427|Thekkumkur;
Thekkumkur;query;place|GLOB_427|Thekkumkur;
Trikunnappuzha;query;place|GLOB_428|Trikunnapuzha;
Trikunnapuzha;query;place|GLOB_428|Trikunnapuzha;
Triporattij;query;place|GLOB_428|Trikunnapuzha;
Tirnevelho;query;place|GLOB_429|Tirunelveli;
Tiroenelwellij;query;place|GLOB_429|Tirunelveli;
Tirunelveli;query;place|GLOB_429|Tirunelveli;
Cranganoor;query;place|GLOB_43|Kodungallur;
Cranganor;query;place|GLOB_43|Kodungallur;
Cranganore;query;place|GLOB_43|Kodungallur;
Cranganur;query;place|GLOB_43|Kodungallur;
Crangenoor;query;place|GLOB_43|Kodungallur;
Crangenor;query;place|GLOB_43|Kodungallur;
Kodungallur;query;place|GLOB_43|Kodungallur;
Poulo Timon;query;place|GLOB_430|Pulau Tioman;
Pulau Timon;query;place|GLOB_430|Pulau Tioman;
Pulau Tioman;query;place|GLOB_430|Pulau Tioman;
Pulau Tymon;query;place|GLOB_430|Pulau Tioman;
Timaon Pulau;query;place|GLOB_430|Pulau Tioman;
Timaon, Poelo;query;place|GLOB_430|Pulau Tioman;
Tioman;query;place|GLOB_430|Pulau Tioman;
Tiuman, Pulau;query;place|GLOB_430|Pulau Tioman;
Tymon;query;place|GLOB_430|Pulau Tioman;
Tiruchirapalli;query;place|GLOB_432|Tiruchirappalli;
Tiruchirappalli;query;place|GLOB_432|Tiruchirappalli;
Tiruchirappalli ;query;place|GLOB_432|Tiruchirappalli;
Trichenapali;query;place|GLOB_432|Tiruchirappalli;
Trichinapoly;query;place|GLOB_432|Tiruchirappalli;
Trichinopoly;query;place|GLOB_432|Tiruchirappalli;
Tritchenepalij;query;place|GLOB_432|Tiruchirappalli;
Tritschenapalij;query;place|GLOB_432|Tiruchirappalli;
Tritsjenepallij;query;place|GLOB_432|Tiruchirappalli;
Tritsserepalij;query;place|GLOB_432|Tiruchirappalli;
Westelijke kantoren;query;place|GLOB_433|Westerkwartieren;
Westerkwartieren;query;place|GLOB_433|Westerkwartieren;
Sumatra's Western Coast;query;place|GLOB_434|Sumatra's Western Coast;
Sumatra's Westkust;query;place|GLOB_434|Sumatra's Western Coast;
Sumatra's west coast;query;place|GLOB_434|Sumatra's Western Coast;
Westcust;query;place|GLOB_434|Sumatra's Western Coast;
Westkust van Sumatra;query;place|GLOB_434|Sumatra's Western Coast;
Wasile;query;place|GLOB_435|Wasile;
Wasselie;query;place|GLOB_435|Wasile;
Maas, Kamers van de;query;place|GLOB_436|Maas, Kamers van de;
Sourat;query;place|GLOB_437|Surat;
Sourata;query;place|GLOB_437|Surat;
Souratta;query;place|GLOB_437|Surat;
Souratte;query;place|GLOB_437|Surat;
Surat;query;place|GLOB_437|Surat;
Surate;query;place|GLOB_437|Surat;
Suratte;query;place|GLOB_437|Surat;
Zourat;query;place|GLOB_437|Surat;
Zouratta;query;place|GLOB_437|Surat;
Zuratta;query;place|GLOB_437|Surat;
Solo;query;place|GLOB_438|Solok;
Soloc;query;place|GLOB_438|Solok;
Solok;query;place|GLOB_438|Solok;
Sullok;query;place|GLOB_438|Solok;
Xullocq;query;place|GLOB_438|Solok;
Xullok;query;place|GLOB_438|Solok;
Pulau-pulau Sula;query;place|GLOB_439|Pulau-pulau Sula;
Sula eilanden;query;place|GLOB_439|Pulau-pulau Sula;
Sula-eilanden;query;place|GLOB_439|Pulau-pulau Sula;
Xullase eylanden;query;place|GLOB_439|Pulau-pulau Sula;
Damar;query;place|GLOB_44|Pulau Damar;
Damma;query;place|GLOB_44|Pulau Damar;
Damme;query;place|GLOB_44|Pulau Damar;
Dammer;query;place|GLOB_44|Pulau Damar;
Demmer;query;place|GLOB_44|Pulau Damar;
Pulau Damar;query;place|GLOB_44|Pulau Damar;
Pulau Sanana;query;place|GLOB_440|Pulau Sanana;
Pulau Sulabes;query;place|GLOB_440|Pulau Sanana;
Sanana;query;place|GLOB_440|Pulau Sanana;
Sula;query;place|GLOB_440|Pulau Sanana;
Sulabes;query;place|GLOB_440|Pulau Sanana;
Sulabesi;query;place|GLOB_440|Pulau Sanana;
Sullabessij;query;place|GLOB_440|Pulau Sanana;
Xsulla Bessie;query;place|GLOB_440|Pulau Sanana;
Xula Bessie;query;place|GLOB_440|Pulau Sanana;
Xulla;query;place|GLOB_440|Pulau Sanana;
Xulla Besje;query;place|GLOB_440|Pulau Sanana;
Xulla Bessij;query;place|GLOB_440|Pulau Sanana;
Xullabessey;query;place|GLOB_440|Pulau Sanana;
Xullabessie;query;place|GLOB_440|Pulau Sanana;
Xullabessij;query;place|GLOB_440|Pulau Sanana;
Cipanas;query;place|GLOB_441|Cipanas;
Sie Pannas;query;place|GLOB_441|Cipanas;
Tjipanas;query;place|GLOB_441|Cipanas;
Warm Bad;query;place|GLOB_441|Cipanas;
Warme Rivier;query;place|GLOB_441|Cipanas;
Thoothukudi;query;place|GLOB_442|Thoothukudi;
Toute Koryn;query;place|GLOB_442|Thoothukudi;
Tutecorin;query;place|GLOB_442|Thoothukudi;
Tuticorijn;query;place|GLOB_442|Thoothukudi;
Tuticorin;query;place|GLOB_442|Thoothukudi;
Tutucorijn;query;place|GLOB_442|Thoothukudi;
Tutucorin;query;place|GLOB_442|Thoothukudi;
Tutucoryn;query;place|GLOB_442|Thoothukudi;
Tarusan;query;place|GLOB_443|Tarusan;
Terusan;query;place|GLOB_443|Tarusan;
Troisang;query;place|GLOB_443|Tarusan;
Troussang;query;place|GLOB_443|Tarusan;
Vanni;query;place|GLOB_444|Vanni;
Vanni ;query;place|GLOB_444|Vanni;
Wanni;query;place|GLOB_444|Vanni;
Wannia;query;place|GLOB_444|Vanni;
Wannij;query;place|GLOB_444|Vanni;
Wanniya;query;place|GLOB_444|Vanni;
Raigam;query;place|GLOB_445|Raigam;
Raigam Korala;query;place|GLOB_445|Raigam;
Raygam Corle;query;place|GLOB_445|Raigam;
Reygam corle;query;place|GLOB_445|Raigam;
Tanpasso;query;place|GLOB_446|Tompaso;
Tompaso;query;place|GLOB_446|Tompaso;
Tompaso-baru;query;place|GLOB_446|Tompaso;
Siacca;query;place|GLOB_447|Siak;
Siak;query;place|GLOB_447|Siak;
Sicca;query;place|GLOB_447|Siak;
Pulau Semau;query;place|GLOB_448|Pulau Semau;
Sema, Poulo;query;place|GLOB_448|Pulau Semau;
Semau, Pulau;query;place|GLOB_448|Pulau Semau;
Daucke;query;place|GLOB_45|Ndao;
Dauw;query;place|GLOB_45|Ndao;
Doecke;query;place|GLOB_45|Ndao;
Doucke;query;place|GLOB_45|Ndao;
Doy;query;place|GLOB_45|Ndao;
Ndao;query;place|GLOB_45|Ndao;
Sicabo;query;place|GLOB_450|Sicabo;
Sicaboe;query;place|GLOB_450|Sicabo;
Sikado;query;place|GLOB_450|Sicabo;
Pulau Sawu;query;place|GLOB_451|Savu Island;
Savo;query;place|GLOB_451|Savu Island;
Savoe;query;place|GLOB_451|Savu Island;
Savu;query;place|GLOB_451|Savu Island;
Savu Island;query;place|GLOB_451|Savu Island;
Sawoe;query;place|GLOB_451|Savu Island;
Sawu;query;place|GLOB_451|Savu Island;
Sarangani;query;place|GLOB_452|Sarangani Island;
Sarangani Island;query;place|GLOB_452|Sarangani Island;
Saringanij;query;place|GLOB_452|Sarangani Island;
't Rode meer;query;place|GLOB_454|Red Sea;
't Roode meer;query;place|GLOB_454|Red Sea;
Red Sea;query;place|GLOB_454|Red Sea;
Rode Meir;query;place|GLOB_454|Red Sea;
Rode Zee;query;place|GLOB_454|Red Sea;
Roode meer;query;place|GLOB_454|Red Sea;
Pulau-pulau Sangihe;query;place|GLOB_455|Pulau-pulau Sangihe;
Sangihe eilanden;query;place|GLOB_455|Pulau-pulau Sangihe;
Sangihe eylanden;query;place|GLOB_455|Pulau-pulau Sangihe;
Sangirse eylanden;query;place|GLOB_455|Pulau-pulau Sangihe;
Samarang;query;place|GLOB_456|Semarang;
Samarangh;query;place|GLOB_456|Semarang;
Sammarang;query;place|GLOB_456|Semarang;
Semarang;query;place|GLOB_456|Semarang;
Zamarang;query;place|GLOB_456|Semarang;
Tandjore;query;place|GLOB_457|Thanjavur;
Tansjoer;query;place|GLOB_457|Thanjavur;
Tansjour;query;place|GLOB_457|Thanjavur;
Thanjavur;query;place|GLOB_457|Thanjavur;
Tjandjoer;query;place|GLOB_457|Thanjavur;
Tjiandjur;query;place|GLOB_457|Thanjavur;
Tandjore;query;place|GLOB_457_HUM_1|Thanjavur;
Tansjoer;query;place|GLOB_457_HUM_1|Thanjavur;
Tansjour;query;place|GLOB_457_HUM_1|Thanjavur;
Thanjavur;query;place|GLOB_457_HUM_1|Thanjavur;
Tjandjoer;query;place|GLOB_457_HUM_1|Thanjavur;
Tjiandjur;query;place|GLOB_457_HUM_1|Thanjavur;
Tandjore;query;place|GLOB_457_HUM_2|Thanjavur;
Tansjoer;query;place|GLOB_457_HUM_2|Thanjavur;
Tansjour;query;place|GLOB_457_HUM_2|Thanjavur;
Thanjavur;query;place|GLOB_457_HUM_2|Thanjavur;
Tjandjoer;query;place|GLOB_457_HUM_2|Thanjavur;
Tjiandjur;query;place|GLOB_457_HUM_2|Thanjavur;
Tagal;query;place|GLOB_458|Tegal;
Tagall;query;place|GLOB_458|Tegal;
Taggal;query;place|GLOB_458|Tegal;
Tegal;query;place|GLOB_458|Tegal;
Tengal;query;place|GLOB_458|Tegal;
Pulau Taliabu;query;place|GLOB_459|Pulau Taliabu;
Taliabu;query;place|GLOB_459|Pulau Taliabu;
Taljabo;query;place|GLOB_459|Pulau Taliabu;
Xulla Taljabo;query;place|GLOB_459|Pulau Taliabu;
Daucke;query;place|GLOB_45_GEO_1|Pulau Ndao;
Dauw;query;place|GLOB_45_GEO_1|Pulau Ndao;
Doecke;query;place|GLOB_45_GEO_1|Pulau Ndao;
Doucke;query;place|GLOB_45_GEO_1|Pulau Ndao;
Doy;query;place|GLOB_45_GEO_1|Pulau Ndao;
Ndao;query;place|GLOB_45_GEO_1|Pulau Ndao;
Pulau Ndao;query;place|GLOB_45_GEO_1|Pulau Ndao;
Daucke;query;place|GLOB_45_HUM_1|Daucke;
Dauw;query;place|GLOB_45_HUM_1|Daucke;
Doecke;query;place|GLOB_45_HUM_1|Daucke;
Doucke;query;place|GLOB_45_HUM_1|Daucke;
Doy;query;place|GLOB_45_HUM_1|Daucke;
Ndao;query;place|GLOB_45_HUM_1|Daucke;
Selat Sunda;query;place|GLOB_460|Selat Sunda;
Straat Soenda;query;place|GLOB_460|Selat Sunda;
Straat Sunda;query;place|GLOB_460|Selat Sunda;
Straet Soenda;query;place|GLOB_460|Selat Sunda;
Straet Sunda;query;place|GLOB_460|Selat Sunda;
Sunda Strait;query;place|GLOB_460|Selat Sunda;
Sunda's Engte;query;place|GLOB_460|Selat Sunda;
Sunda, Straat;query;place|GLOB_460|Selat Sunda;
Sundas Engte;query;place|GLOB_460|Selat Sunda;
Zunda's Engte;query;place|GLOB_460|Selat Sunda;
Zunda, Straat;query;place|GLOB_460|Selat Sunda;
Talchery;query;place|GLOB_461|Thalassery;
Tallecherij;query;place|GLOB_461|Thalassery;
Tallicherij;query;place|GLOB_461|Thalassery;
Tellicherry;query;place|GLOB_461|Thalassery;
Thalassery;query;place|GLOB_461|Thalassery;
Tamacco;query;place|GLOB_462|Tamako;
Tamacko;query;place|GLOB_462|Tamako;
Tamako;query;place|GLOB_462|Tamako;
Tambe;query;place|GLOB_462|Tamako;
Tanasserij;query;place|GLOB_463|Tanintharyi;
Tanintharyi;query;place|GLOB_463|Tanintharyi;
Tannasserij;query;place|GLOB_463|Tanintharyi;
Tenasserim;query;place|GLOB_463|Tanintharyi;
Tandjang;query;place|GLOB_464|Tanjong;
Tandjong;query;place|GLOB_464|Tanjong;
Tandjung;query;place|GLOB_464|Tanjong;
Tanjong;query;place|GLOB_464|Tanjong;
Tanafora;query;place|GLOB_465|Tannafora;
Tanavora;query;place|GLOB_465|Tannafora;
Tannafora;query;place|GLOB_465|Tannafora;
Nicobar Islands;query;place|GLOB_466|Nicobar Islands;
Nicobar eilanden;query;place|GLOB_466|Nicobar Islands;
Sombreros;query;place|GLOB_466|Nicobar Islands;
Soengij Oedjong;query;place|GLOB_467|Sungai Ujong;
Songey Oedjong;query;place|GLOB_467|Sungai Ujong;
Songoedjongh;query;place|GLOB_467|Sungai Ujong;
Sungai Udjung;query;place|GLOB_467|Sungai Ujong;
Sungai Ujong;query;place|GLOB_467|Sungai Ujong;
Soengibaroe;query;place|GLOB_468|Sungai Baharu;
Songibaroe;query;place|GLOB_468|Sungai Baharu;
Sungai Baharu;query;place|GLOB_468|Sungai Baharu;
Kuala Selangor;query;place|GLOB_469|Kuala Selangor;
Salangoor;query;place|GLOB_469|Kuala Selangor;
Selangor;query;place|GLOB_469|Kuala Selangor;
Slangenoor;query;place|GLOB_469|Kuala Selangor;
Slangoor;query;place|GLOB_469|Kuala Selangor;
Solongor;query;place|GLOB_469|Kuala Selangor;
Monsatello;query;place|GLOB_47|Pulau Ela;
Nussatello;query;place|GLOB_47|Pulau Ela;
Pulau Ela;query;place|GLOB_47|Pulau Ela;
Chapra;query;place|GLOB_470|Chapra;
Chupra;query;place|GLOB_470|Chapra;
Sioppra;query;place|GLOB_470|Chapra;
Sjoppra;query;place|GLOB_470|Chapra;
Singenap;query;place|GLOB_471|Sumenep;
Soemanap;query;place|GLOB_471|Sumenep;
Soemanep;query;place|GLOB_471|Sumenep;
Soemenap;query;place|GLOB_471|Sumenep;
Soemenep;query;place|GLOB_471|Sumenep;
Sumanap;query;place|GLOB_471|Sumenep;
Sumanep;query;place|GLOB_471|Sumenep;
Sumenep;query;place|GLOB_471|Sumenep;
Sunenep;query;place|GLOB_471|Sumenep;
Stadswaterpoort;query;place|GLOB_472|Vierkantspoort;
Vierkantspoort;query;place|GLOB_472|Vierkantspoort;
Bandar Bushire;query;place|GLOB_474|Bushehr;
Bendher à Boucher;query;place|GLOB_474|Bushehr;
Bezer;query;place|GLOB_474|Bushehr;
Boechier;query;place|GLOB_474|Bushehr;
Boesjir;query;place|GLOB_474|Bushehr;
Boucheer;query;place|GLOB_474|Bushehr;
Boucher;query;place|GLOB_474|Bushehr;
Bushehr;query;place|GLOB_474|Bushehr;
Bushire;query;place|GLOB_474|Bushehr;
Bonarati;query;place|GLOB_476|Pulau Bonerate;
Bonerate;query;place|GLOB_476|Pulau Bonerate;
Boneratie;query;place|GLOB_476|Pulau Bonerate;
Bonneratta;query;place|GLOB_476|Pulau Bonerate;
Borneratti;query;place|GLOB_476|Pulau Bonerate;
Pulau Bonerate;query;place|GLOB_476|Pulau Bonerate;
Bontoala;query;place|GLOB_477|Bontoala;
Bontoalak;query;place|GLOB_477|Bontoala;
Bontoualac;query;place|GLOB_477|Bontoala;
Bontouale;query;place|GLOB_477|Bontoala;
Bontuala;query;place|GLOB_477|Bontoala;
Bontualach;query;place|GLOB_477|Bontoala;
Bontualacq;query;place|GLOB_477|Bontoala;
Bontualah;query;place|GLOB_477|Bontoala;
Bontualak;query;place|GLOB_477|Bontoala;
Caddirie;query;place|GLOB_478|Kediri;
Cadierie;query;place|GLOB_478|Kediri;
Kediri;query;place|GLOB_478|Kediri;
Bon Espérance, Cabo de;query;place|GLOB_479|Cape of Good Hope;
Caab;query;place|GLOB_479|Cape of Good Hope;
Caap de Bonn Esperance;query;place|GLOB_479|Cape of Good Hope;
Caap de Goede Hoop;query;place|GLOB_479|Cape of Good Hope;
Cabo da Boa Esperança;query;place|GLOB_479|Cape of Good Hope;
Cabo de Boa Esperanza;query;place|GLOB_479|Cape of Good Hope;
Cabo de Goede Hoop;query;place|GLOB_479|Cape of Good Hope;
Cabo de Goede hoop;query;place|GLOB_479|Cape of Good Hope;
Cabo de Gude Hoop;query;place|GLOB_479|Cape of Good Hope;
Caep de Goede Hoop;query;place|GLOB_479|Cape of Good Hope;
Cape of Good Hope;query;place|GLOB_479|Cape of Good Hope;
Goede Hoop;query;place|GLOB_479|Cape of Good Hope;
Goede Hoop, Kaap de;query;place|GLOB_479|Cape of Good Hope;
Kaap de Goede Hoop;query;place|GLOB_479|Cape of Good Hope;
de Caab;query;place|GLOB_479|Cape of Good Hope;
Ellore;query;place|GLOB_48|Eluru;
Eloer;query;place|GLOB_48|Eluru;
Elour;query;place|GLOB_48|Eluru;
Eluru;query;place|GLOB_48|Eluru;
Bombai;query;place|GLOB_480|Mumbai;
Bombay;query;place|GLOB_480|Mumbai;
Bonbhay;query;place|GLOB_480|Mumbai;
Mumbai;query;place|GLOB_480|Mumbai;
Mumbay;query;place|GLOB_480|Mumbai;
Bait-al-Fakih;query;place|GLOB_481|Bayt al Faqih;
Bayt al Faqih;query;place|GLOB_481|Bayt al Faqih;
Bayt al-Fakih;query;place|GLOB_481|Bayt al Faqih;
Bayt-al-Fagih;query;place|GLOB_481|Bayt al Faqih;
Betelfaiqui;query;place|GLOB_481|Bayt al Faqih;
Beth-el-Facki;query;place|GLOB_481|Bayt al Faqih;
Zaydiya, Al;query;place|GLOB_481|Bayt al Faqih;
Bendoerti;query;place|GLOB_482|Venduruthy;
Bendoertij;query;place|GLOB_482|Venduruthy;
Vandurutti;query;place|GLOB_482|Venduruthy;
Venduruthy;query;place|GLOB_482|Venduruthy;
Boegerones;query;place|GLOB_483|Boegerones;
Boeseroens;query;place|GLOB_483|Boegerones;
Boucquerons;query;place|GLOB_483|Boegerones;
Chendamangalam;query;place|GLOB_485|Chendamangalam;
Chennamangalam;query;place|GLOB_485|Chendamangalam;
Chenotty;query;place|GLOB_485|Chendamangalam;
Cheremagalam;query;place|GLOB_485|Chendamangalam;
Cheremangalan;query;place|GLOB_485|Chendamangalam;
Cheremgalam;query;place|GLOB_485|Chendamangalam;
Chermagalam;query;place|GLOB_485|Chendamangalam;
Sjeremangelan;query;place|GLOB_485|Chendamangalam;
Caymansgragt;query;place|GLOB_486|Kaaimansgracht;
Kaaimangracht;query;place|GLOB_486|Kaaimansgracht;
Kaaimansgracht;query;place|GLOB_486|Kaaimansgracht;
Cawancain;query;place|GLOB_487|Kawangkoan;
Cawancoan;query;place|GLOB_487|Kawangkoan;
Kawangkoan;query;place|GLOB_487|Kawangkoan;
Chiantan;query;place|GLOB_488|Pulau Siantan;
Chiantang;query;place|GLOB_488|Pulau Siantan;
Pulau Siantan;query;place|GLOB_488|Pulau Siantan;
Siantan;query;place|GLOB_488|Pulau Siantan;
Cepan;query;place|GLOB_489|Kupang;
Coepan;query;place|GLOB_489|Kupang;
Coepang;query;place|GLOB_489|Kupang;
Copan;query;place|GLOB_489|Kupang;
Coubang;query;place|GLOB_489|Kupang;
Coupan;query;place|GLOB_489|Kupang;
Coupang;query;place|GLOB_489|Kupang;
Koepang;query;place|GLOB_489|Kupang;
Kopan;query;place|GLOB_489|Kupang;
Kupang;query;place|GLOB_489|Kupang;
Celebes;query;place|GLOB_490|Sulawesi;
Cilebes;query;place|GLOB_490|Sulawesi;
Soelawessie;query;place|GLOB_490|Sulawesi;
Sulawesi;query;place|GLOB_490|Sulawesi;
Sulawessi;query;place|GLOB_490|Sulawesi;
Chinco;query;place|GLOB_491|Pulau Cingkuak;
Chinco, Poelo;query;place|GLOB_491|Pulau Cingkuak;
Cingkuk;query;place|GLOB_491|Pulau Cingkuak;
Poelo Chinco;query;place|GLOB_491|Pulau Cingkuak;
Poeloe Tjinko;query;place|GLOB_491|Pulau Cingkuak;
Poulo Chinco;query;place|GLOB_491|Pulau Cingkuak;
Poulo Chinko;query;place|GLOB_491|Pulau Cingkuak;
Pulau Chinco;query;place|GLOB_491|Pulau Cingkuak;
Pulau Cingkuak;query;place|GLOB_491|Pulau Cingkuak;
Pulau Tjinkuk;query;place|GLOB_491|Pulau Cingkuak;
Pulu Tjinkuk;query;place|GLOB_491|Pulau Cingkuak;
Tjingkuk, Pulau;query;place|GLOB_491|Pulau Cingkuak;
Tjinkuk, Pulau;query;place|GLOB_491|Pulau Cingkuak;
Catoene;query;place|GLOB_492|Katuwana;
Cattoene;query;place|GLOB_492|Katuwana;
Cattoene, fort;query;place|GLOB_492|Katuwana;
Catuna;query;place|GLOB_492|Katuwana;
Katoene;query;place|GLOB_492|Katuwana;
Katuna;query;place|GLOB_492|Katuwana;
Katuna, fort;query;place|GLOB_492|Katuwana;
Katuwana;query;place|GLOB_492|Katuwana;
Cambaia;query;place|GLOB_493|Khambhat;
Cambaid;query;place|GLOB_493|Khambhat;
Cambaija;query;place|GLOB_493|Khambhat;
Cambait;query;place|GLOB_493|Khambhat;
Cambaja;query;place|GLOB_493|Khambhat;
Cambay;query;place|GLOB_493|Khambhat;
Cambaya;query;place|GLOB_493|Khambhat;
Combait;query;place|GLOB_493|Khambhat;
Kambait;query;place|GLOB_493|Khambhat;
Khambad;query;place|GLOB_493|Khambhat;
Khambat;query;place|GLOB_493|Khambhat;
Khambhat;query;place|GLOB_493|Khambhat;
Cambaia;query;place|GLOB_493_GEO_1|Gulf of Khambhat;
Cambaid;query;place|GLOB_493_GEO_1|Gulf of Khambhat;
Cambaija;query;place|GLOB_493_GEO_1|Gulf of Khambhat;
Cambait;query;place|GLOB_493_GEO_1|Gulf of Khambhat;
Cambaja;query;place|GLOB_493_GEO_1|Gulf of Khambhat;
Cambay;query;place|GLOB_493_GEO_1|Gulf of Khambhat;
Cambaya;query;place|GLOB_493_GEO_1|Gulf of Khambhat;
Combait;query;place|GLOB_493_GEO_1|Gulf of Khambhat;
Gulf of Khambhat;query;place|GLOB_493_GEO_1|Gulf of Khambhat;
Kambait;query;place|GLOB_493_GEO_1|Gulf of Khambhat;
Khambad;query;place|GLOB_493_GEO_1|Gulf of Khambhat;
Khambat;query;place|GLOB_493_GEO_1|Gulf of Khambhat;
Khambhat;query;place|GLOB_493_GEO_1|Gulf of Khambhat;
Cambaia;query;place|GLOB_493_HUM_1|Khambhat;
Cambaid;query;place|GLOB_493_HUM_1|Khambhat;
Cambaija;query;place|GLOB_493_HUM_1|Khambhat;
Cambait;query;place|GLOB_493_HUM_1|Khambhat;
Cambaja;query;place|GLOB_493_HUM_1|Khambhat;
Cambay;query;place|GLOB_493_HUM_1|Khambhat;
Cambaya;query;place|GLOB_493_HUM_1|Khambhat;
Combait;query;place|GLOB_493_HUM_1|Khambhat;
Kambait;query;place|GLOB_493_HUM_1|Khambhat;
Khambad;query;place|GLOB_493_HUM_1|Khambhat;
Khambat;query;place|GLOB_493_HUM_1|Khambhat;
Khambhat;query;place|GLOB_493_HUM_1|Khambhat;
Calcats;query;place|GLOB_495|Kolkata;
Calcatta;query;place|GLOB_495|Kolkata;
Calcatte;query;place|GLOB_495|Kolkata;
Calcutta;query;place|GLOB_495|Kolkata;
Kalkatta;query;place|GLOB_495|Kolkata;
Kolkata;query;place|GLOB_495|Kolkata;
Calawille;query;place|GLOB_496|Calawille;
Cattewelle;query;place|GLOB_496|Calawille;
Kalawewa;query;place|GLOB_496|Calawille;
Kalwille;query;place|GLOB_496|Calawille;
Betimene;query;place|GLOB_498|Karthikappally;
Carimbali;query;place|GLOB_498|Karthikappally;
Carimbalig;query;place|GLOB_498|Karthikappally;
Carimbillicoer;query;place|GLOB_498|Karthikappally;
Karthikappalli;query;place|GLOB_498|Karthikappally;
Karthikappally;query;place|GLOB_498|Karthikappally;
Caratie;query;place|GLOB_499|Karachchi;
Caretchie;query;place|GLOB_499|Karachchi;
Caretschie;query;place|GLOB_499|Karachchi;
Carretchie;query;place|GLOB_499|Karachchi;
Karachchi;query;place|GLOB_499|Karachchi;
Karachi;query;place|GLOB_499|Karachchi;
Amarasi;query;place|GLOB_5|Amarasi;
Amarassi;query;place|GLOB_5|Amarasi;
Ammarassij;query;place|GLOB_5|Amarasi;
Gabang;query;place|GLOB_50|Gebang;
Gebang;query;place|GLOB_50|Gebang;
Canara;query;place|GLOB_500|Kanara;
Cannara;query;place|GLOB_500|Kanara;
Kanara;query;place|GLOB_500|Kanara;
Canantorne;query;place|GLOB_501|Canantorre;
Canantorre;query;place|GLOB_501|Canantorre;
Canatore;query;place|GLOB_501|Canantorre;
Cannanthorre;query;place|GLOB_501|Canantorre;
Cannantorre;query;place|GLOB_501|Canantorre;
Beligal Korala;query;place|GLOB_502|Weligama;
Bellegam;query;place|GLOB_502|Weligama;
Belligam;query;place|GLOB_502|Weligama;
Bilegam;query;place|GLOB_502|Weligama;
Biligam;query;place|GLOB_502|Weligama;
Biligao;query;place|GLOB_502|Weligama;
Billegam;query;place|GLOB_502|Weligama;
Billigam;query;place|GLOB_502|Weligama;
Billigamme;query;place|GLOB_502|Weligama;
Weligama;query;place|GLOB_502|Weligama;
Balasore;query;place|GLOB_503|Balasore;
Baleshwar;query;place|GLOB_503|Balasore;
Ballasoor;query;place|GLOB_503|Balasore;
Bellasera;query;place|GLOB_503|Balasore;
Bellasoor;query;place|GLOB_503|Balasore;
Bellasore;query;place|GLOB_503|Balasore;
Bellazoor;query;place|GLOB_503|Balasore;
Bellesoor;query;place|GLOB_503|Balasore;
Anciol;query;place|GLOB_504|Ancol;
Ancol;query;place|GLOB_504|Ancol;
Angiol;query;place|GLOB_504|Ancol;
Anjool;query;place|GLOB_504|Ancol;
Anschiol;query;place|GLOB_504|Ancol;
Ansjol;query;place|GLOB_504|Ancol;
Antjol;query;place|GLOB_504|Ancol;
Antsyol;query;place|GLOB_504|Ancol;
Anckey;query;place|GLOB_505|Angke;
Angke;query;place|GLOB_505|Angke;
Angké;query;place|GLOB_505|Angke;
Ankee;query;place|GLOB_505|Angke;
Sterrenschans;query;place|GLOB_505|Angke;
fort Anckee;query;place|GLOB_505|Angke;
fort Angke;query;place|GLOB_505|Angke;
fort Anke;query;place|GLOB_505|Angke;
fort Ankee;query;place|GLOB_505|Angke;
fort Nieuwendam;query;place|GLOB_505|Angke;
fort Zevenhoek;query;place|GLOB_505|Angke;
Anckey;query;place|GLOB_505_GEO_1|Kali Angke;
Angké;query;place|GLOB_505_GEO_1|Kali Angke;
Ankee;query;place|GLOB_505_GEO_1|Kali Angke;
Kali Angke;query;place|GLOB_505_GEO_1|Kali Angke;
Anckey;query;place|GLOB_505_HUM_1|Angke, fort;
Angke, fort;query;place|GLOB_505_HUM_1|Angke, fort;
Angké;query;place|GLOB_505_HUM_1|Angke, fort;
Ankee;query;place|GLOB_505_HUM_1|Angke, fort;
Sterrenschans;query;place|GLOB_505_HUM_1|Angke, fort;
fort Anckee;query;place|GLOB_505_HUM_1|Angke, fort;
fort Angke;query;place|GLOB_505_HUM_1|Angke, fort;
fort Anke;query;place|GLOB_505_HUM_1|Angke, fort;
fort Ankee;query;place|GLOB_505_HUM_1|Angke, fort;
fort Nieuwendam;query;place|GLOB_505_HUM_1|Angke, fort;
fort Zevenhoek;query;place|GLOB_505_HUM_1|Angke, fort;
Anckey;query;place|GLOB_505_HUM_2|Angke;
Angke;query;place|GLOB_505_HUM_2|Angke;
Angké;query;place|GLOB_505_HUM_2|Angke;
Ankee;query;place|GLOB_505_HUM_2|Angke;
Aripa;query;place|GLOB_507|Arippu;
Aripo;query;place|GLOB_507|Arippu;
Aripoe;query;place|GLOB_507|Arippu;
Arippu;query;place|GLOB_507|Arippu;
Aripu;query;place|GLOB_507|Arippu;
Arrippo;query;place|GLOB_507|Arippu;
Aicotta;query;place|GLOB_508|Azhikod;
Aicotte;query;place|GLOB_508|Azhikod;
Aijcotta;query;place|GLOB_508|Azhikod;
Aijcotte;query;place|GLOB_508|Azhikod;
Aijkotta;query;place|GLOB_508|Azhikod;
Ay Cotta;query;place|GLOB_508|Azhikod;
Aycotta;query;place|GLOB_508|Azhikod;
Azhikod;query;place|GLOB_508|Azhikod;
Azhikode;query;place|GLOB_508|Azhikod;
Aicotta;query;place|GLOB_508_HUM_1|Azhikod (village);
Aicotte;query;place|GLOB_508_HUM_1|Azhikod (village);
Aijcotta;query;place|GLOB_508_HUM_1|Azhikod (village);
Aijcotte;query;place|GLOB_508_HUM_1|Azhikod (village);
Aijkotta;query;place|GLOB_508_HUM_1|Azhikod (village);
Ay Cotta;query;place|GLOB_508_HUM_1|Azhikod (village);
Aycotta;query;place|GLOB_508_HUM_1|Azhikod (village);
Azhikod;query;place|GLOB_508_HUM_1|Azhikod (village);
Azhikod (village);query;place|GLOB_508_HUM_1|Azhikod (village);
Azhikode;query;place|GLOB_508_HUM_1|Azhikod (village);
Aicotta;query;place|GLOB_508_HUM_2|Azhikod (guard post);
Aicotte;query;place|GLOB_508_HUM_2|Azhikod (guard post);
Aijcotta;query;place|GLOB_508_HUM_2|Azhikod (guard post);
Aijcotte;query;place|GLOB_508_HUM_2|Azhikod (guard post);
Aijkotta;query;place|GLOB_508_HUM_2|Azhikod (guard post);
Ay Cotta;query;place|GLOB_508_HUM_2|Azhikod (guard post);
Aycotta;query;place|GLOB_508_HUM_2|Azhikod (guard post);
Azhikod;query;place|GLOB_508_HUM_2|Azhikod (guard post);
Azhikod (guard post);query;place|GLOB_508_HUM_2|Azhikod (guard post);
Azhikode;query;place|GLOB_508_HUM_2|Azhikod (guard post);
Gaalen;query;place|GLOB_51|Galle;
Gale;query;place|GLOB_51|Galle;
Galen;query;place|GLOB_51|Galle;
Galle;query;place|GLOB_51|Galle;
Galo;query;place|GLOB_51|Galle;
Point de Galle;query;place|GLOB_51|Galle;
Puncto Gaele;query;place|GLOB_51|Galle;
Puncto Galle;query;place|GLOB_51|Galle;
Punto Galle;query;place|GLOB_51|Galle;
Punto de Galle;query;place|GLOB_51|Galle;
Aatchin;query;place|GLOB_512|Banda Aceh;
Achem;query;place|GLOB_512|Banda Aceh;
Achin;query;place|GLOB_512|Banda Aceh;
Aetchin;query;place|GLOB_512|Banda Aceh;
Atceh;query;place|GLOB_512|Banda Aceh;
Atchien;query;place|GLOB_512|Banda Aceh;
Atchim;query;place|GLOB_512|Banda Aceh;
Atchin;query;place|GLOB_512|Banda Aceh;
Atjch;query;place|GLOB_512|Banda Aceh;
Atjeh;query;place|GLOB_512|Banda Aceh;
Atsijn;query;place|GLOB_512|Banda Aceh;
Atsyn;query;place|GLOB_512|Banda Aceh;
Axem;query;place|GLOB_512|Banda Aceh;
Axim;query;place|GLOB_512|Banda Aceh;
Banda Aceh;query;place|GLOB_512|Banda Aceh;
Banda Atceh;query;place|GLOB_512|Banda Aceh;
Banda Atjeh;query;place|GLOB_512|Banda Aceh;
Adjarhadja;query;place|GLOB_514|Airhaji;
Adjer Hadja;query;place|GLOB_514|Airhaji;
Adjerbadja;query;place|GLOB_514|Airhaji;
Adjerhadja;query;place|GLOB_514|Airhaji;
Aijerhadja;query;place|GLOB_514|Airhaji;
Air Hadji;query;place|GLOB_514|Airhaji;
Airhadji;query;place|GLOB_514|Airhaji;
Airhaji;query;place|GLOB_514|Airhaji;
Ajerhadia;query;place|GLOB_514|Airhaji;
Ajerhadja;query;place|GLOB_514|Airhaji;
Abessie;query;place|GLOB_515|Abyssinia;
Abessinië;query;place|GLOB_515|Abyssinia;
Abessynië;query;place|GLOB_515|Abyssinia;
Abissirien;query;place|GLOB_515|Abyssinia;
Abysenia;query;place|GLOB_515|Abyssinia;
Abyssinia;query;place|GLOB_515|Abyssinia;
Abyssinia;query;place|GLOB_515|Abyssinia;
Ethiopia;query;place|GLOB_515|Abyssinia;
Ethiopie;query;place|GLOB_515|Abyssinia;
Ethiopische cust in Congo;query;place|GLOB_515|Abyssinia;
Ethiopië;query;place|GLOB_515|Abyssinia;
Aijmoij;query;place|GLOB_516|Xiamen;
Amoy;query;place|GLOB_516|Xiamen;
Aymoy;query;place|GLOB_516|Xiamen;
Aymuy;query;place|GLOB_516|Xiamen;
Emuij;query;place|GLOB_516|Xiamen;
Eymuy;query;place|GLOB_516|Xiamen;
Xiamen;query;place|GLOB_516|Xiamen;
厦門;query;place|GLOB_516|Xiamen;
Allalande;query;place|GLOB_517|Allelande;
Allelande;query;place|GLOB_517|Allelande;
Allelanden;query;place|GLOB_517|Allelande;
Ahmadabad;query;place|GLOB_518|Ahmedabad;
Ahmadabath;query;place|GLOB_518|Ahmedabad;
Ahmedabad;query;place|GLOB_518|Ahmedabad;
Amadabad;query;place|GLOB_518|Ahmedabad;
Amadabat;query;place|GLOB_518|Ahmedabad;
Amadabatah;query;place|GLOB_518|Ahmedabad;
Amed Abaad;query;place|GLOB_518|Ahmedabad;
Amed-abaath;query;place|GLOB_518|Ahmedabad;
Amedabaad;query;place|GLOB_518|Ahmedabad;
Amedabaath;query;place|GLOB_518|Ahmedabad;
Amedabad;query;place|GLOB_518|Ahmedabad;
Amet Abaad;query;place|GLOB_518|Ahmedabad;
Alloetkoer Korls;query;place|GLOB_519|Alutkuru;
Aloutcoru-corle;query;place|GLOB_519|Alutkuru;
Aludcoercorle;query;place|GLOB_519|Alutkuru;
Alutcoer Corle;query;place|GLOB_519|Alutkuru;
Alutcour;query;place|GLOB_519|Alutkuru;
Alutkura korala;query;place|GLOB_519|Alutkuru;
Alutkuru;query;place|GLOB_519|Alutkuru;
Alutkuru Korala;query;place|GLOB_519|Alutkuru;
Alutkuru Korale;query;place|GLOB_519|Alutkuru;
Gaalen;query;place|GLOB_51_HUM_1|Galle (city);
Gale;query;place|GLOB_51_HUM_1|Galle (city);
Galen;query;place|GLOB_51_HUM_1|Galle (city);
Galle;query;place|GLOB_51_HUM_1|Galle (city);
Galle (city);query;place|GLOB_51_HUM_1|Galle (city);
Galo;query;place|GLOB_51_HUM_1|Galle (city);
Point de Galle;query;place|GLOB_51_HUM_1|Galle (city);
Puncto Gaele;query;place|GLOB_51_HUM_1|Galle (city);
Puncto Galle;query;place|GLOB_51_HUM_1|Galle (city);
Punto Galle;query;place|GLOB_51_HUM_1|Galle (city);
Punto de Galle;query;place|GLOB_51_HUM_1|Galle (city);
Gaalen;query;place|GLOB_51_HUM_2|Galle Fort;
Gale;query;place|GLOB_51_HUM_2|Galle Fort;
Galen;query;place|GLOB_51_HUM_2|Galle Fort;
Galle;query;place|GLOB_51_HUM_2|Galle Fort;
Galle Fort;query;place|GLOB_51_HUM_2|Galle Fort;
Galo;query;place|GLOB_51_HUM_2|Galle Fort;
Goentoer;query;place|GLOB_52|Guntur;
Guntur;query;place|GLOB_52|Guntur;
Alappuzha;query;place|GLOB_521|Alappuzha;
Alepe;query;place|GLOB_521|Alappuzha;
Alepee;query;place|GLOB_521|Alappuzha;
Aleppe;query;place|GLOB_521|Alappuzha;
Allepe;query;place|GLOB_521|Alappuzha;
Alleppe;query;place|GLOB_521|Alappuzha;
Alleppey;query;place|GLOB_521|Alappuzha;
Bancahoelo;query;place|GLOB_522|Bengkulu;
Bancahoeloe;query;place|GLOB_522|Bengkulu;
Bancahoulou;query;place|GLOB_522|Bengkulu;
Bancoelo;query;place|GLOB_522|Bengkulu;
Bancoeloe;query;place|GLOB_522|Bengkulu;
Bankahoeloe;query;place|GLOB_522|Bengkulu;
Bankoele;query;place|GLOB_522|Bengkulu;
Bankoeloe;query;place|GLOB_522|Bengkulu;
Bengkulen;query;place|GLOB_522|Bengkulu;
Bengkulu;query;place|GLOB_522|Bengkulu;
Benkoele;query;place|GLOB_522|Bengkulu;
Benkulen;query;place|GLOB_522|Bengkulu;
Bandjarmasin;query;place|GLOB_523|Banjarmasin;
Bandjarmassin;query;place|GLOB_523|Banjarmasin;
Bandjermassing;query;place|GLOB_523|Banjarmasin;
Bandjirmassin;query;place|GLOB_523|Banjarmasin;
Banjarmasin;query;place|GLOB_523|Banjarmasin;
Banjarmassingh;query;place|GLOB_523|Banjarmasin;
Banjer;query;place|GLOB_523|Banjarmasin;
Banjer Massing;query;place|GLOB_523|Banjarmasin;
Banjer-massin;query;place|GLOB_523|Banjarmasin;
Banjermassen;query;place|GLOB_523|Banjarmasin;
Banjermassing;query;place|GLOB_523|Banjarmasin;
Banjermassingh;query;place|GLOB_523|Banjarmasin;
Beniarmassin;query;place|GLOB_523|Banjarmasin;
Benjermassing;query;place|GLOB_523|Banjarmasin;
Bagelpoer;query;place|GLOB_525|Bhāgalpur;
Baggelpour;query;place|GLOB_525|Bhāgalpur;
Baggerpoer;query;place|GLOB_525|Bhāgalpur;
Baggerpour;query;place|GLOB_525|Bhāgalpur;
Bhagalpur;query;place|GLOB_525|Bhāgalpur;
Bhāgalpur;query;place|GLOB_525|Bhāgalpur;
Bab al Mandab;query;place|GLOB_526|Bab el Mandeb;
Bab el Mandeb;query;place|GLOB_526|Bab el Mandeb;
Babelmandel;query;place|GLOB_526|Bab el Mandeb;
Baai Fals;query;place|GLOB_527|False Bay;
Baay Fals;query;place|GLOB_527|False Bay;
Baay Vals;query;place|GLOB_527|False Bay;
Bhaij Fals;query;place|GLOB_527|False Bay;
Bhaijfals;query;place|GLOB_527|False Bay;
C. Falço;query;place|GLOB_527|False Bay;
Cabo Falço;query;place|GLOB_527|False Bay;
False Bay;query;place|GLOB_527|False Bay;
Kaap Vals;query;place|GLOB_527|False Bay;
Valsbaai;query;place|GLOB_527|False Bay;
Valse Baai;query;place|GLOB_527|False Bay;
de Baai Fals;query;place|GLOB_527|False Bay;
Aywika;query;place|GLOB_528|Azheekal (Kollam);
Azheekal (Kollam);query;place|GLOB_528|Azheekal (Kollam);
Azhi Mukam;query;place|GLOB_528|Azheekal (Kollam);
Groot Aijwieke;query;place|GLOB_528|Azheekal (Kollam);
Groot Aijwika;query;place|GLOB_528|Azheekal (Kollam);
Aywika;query;place|GLOB_528_HUM_1|Groot Aijwieke;
Azhi Mukam;query;place|GLOB_528_HUM_1|Groot Aijwieke;
Groot Aijwieke;query;place|GLOB_528_HUM_1|Groot Aijwieke;
Aywika;query;place|GLOB_528_HUM_2|Tjerri Aijwike;
Azhi Mukam;query;place|GLOB_528_HUM_2|Tjerri Aijwike;
Tjerri Aijwike;query;place|GLOB_528_HUM_2|Tjerri Aijwike;
Aywika;query;place|GLOB_528_HUM_3|Klijn Aijwike;
Azhi Mukam;query;place|GLOB_528_HUM_3|Klijn Aijwike;
Klijn Aijwike;query;place|GLOB_528_HUM_3|Klijn Aijwike;
Balloecher;query;place|GLOB_529|Baloesir;
Baloesir;query;place|GLOB_529|Baloesir;
Hangewelle;query;place|GLOB_53|Hanwella;
Hangwelle;query;place|GLOB_53|Hanwella;
Hanwella;query;place|GLOB_53|Hanwella;
Hanwelle;query;place|GLOB_53|Hanwella;
fort Hanwella;query;place|GLOB_53|Hanwella;
Chennai;query;place|GLOB_530|Chennai;
Madras;query;place|GLOB_530|Chennai;
Madraspatam;query;place|GLOB_530|Chennai;
Madraspatnam;query;place|GLOB_530|Chennai;
Kakinada;query;place|GLOB_532|Kakinada;
Kakinara;query;place|GLOB_532|Kakinada;
Djambi;query;place|GLOB_533|Kota Jambi;
Iamby;query;place|GLOB_533|Kota Jambi;
Jambi;query;place|GLOB_533|Kota Jambi;
Jambij;query;place|GLOB_533|Kota Jambi;
Jambij Logie;query;place|GLOB_533|Kota Jambi;
Jamby;query;place|GLOB_533|Kota Jambi;
Jamy;query;place|GLOB_533|Kota Jambi;
Kota Jambi;query;place|GLOB_533|Kota Jambi;
Fort Jacatra;query;place|GLOB_535|Fort Jacatra;
Jacatra, fort;query;place|GLOB_535|Fort Jacatra;
Jaccatra;query;place|GLOB_535|Fort Jacatra;
Jakatra;query;place|GLOB_535|Fort Jacatra;
fort Jacattra;query;place|GLOB_535|Fort Jacatra;
fort Jaccatra;query;place|GLOB_535|Fort Jacatra;
fort Jacketraa;query;place|GLOB_535|Fort Jacatra;
fort Jakkatra;query;place|GLOB_535|Fort Jacatra;
France;query;place|GLOB_536|Mauritius;
Ile de France;query;place|GLOB_536|Mauritius;
Ilha da França;query;place|GLOB_536|Mauritius;
Ilha de França;query;place|GLOB_536|Mauritius;
Isle de France;query;place|GLOB_536|Mauritius;
Maratange;query;place|GLOB_536|Mauritius;
Matatan;query;place|GLOB_536|Mauritius;
Matatana;query;place|GLOB_536|Mauritius;
Matatane;query;place|GLOB_536|Mauritius;
Matatanne;query;place|GLOB_536|Mauritius;
Matitanana;query;place|GLOB_536|Mauritius;
Mattanana;query;place|GLOB_536|Mauritius;
Mattanina;query;place|GLOB_536|Mauritius;
Mattatana;query;place|GLOB_536|Mauritius;
Maurice;query;place|GLOB_536|Mauritius;
Mauritius;query;place|GLOB_536|Mauritius;
île de France;query;place|GLOB_536|Mauritius;
Iaffanapatna;query;place|GLOB_538|Jaffna;
Iaffanapatnam;query;place|GLOB_538|Jaffna;
Iaphanapatam;query;place|GLOB_538|Jaffna;
Jaffanapatnam;query;place|GLOB_538|Jaffna;
Jaffena;query;place|GLOB_538|Jaffna;
Jaffenapatnam;query;place|GLOB_538|Jaffna;
Jaffenepatnaem;query;place|GLOB_538|Jaffna;
Jaffna;query;place|GLOB_538|Jaffna;
Jaffnapatnam;query;place|GLOB_538|Jaffna;
Jafna;query;place|GLOB_538|Jaffna;
Jafnapatam;query;place|GLOB_538|Jaffna;
Jafnapatnam;query;place|GLOB_538|Jaffna;
Jaftenapatnam;query;place|GLOB_538|Jaffna;
Jassna;query;place|GLOB_538|Jaffna;
Jeftenapatnam;query;place|GLOB_538|Jaffna;
Iaffanapatna;query;place|GLOB_538_HUM_1|Jaffna;
Iaffanapatnam;query;place|GLOB_538_HUM_1|Jaffna;
Iaphanapatam;query;place|GLOB_538_HUM_1|Jaffna;
Jaffanapatnam;query;place|GLOB_538_HUM_1|Jaffna;
Jaffena;query;place|GLOB_538_HUM_1|Jaffna;
Jaffenapatnam;query;place|GLOB_538_HUM_1|Jaffna;
Jaffenepatnaem;query;place|GLOB_538_HUM_1|Jaffna;
Jaffna;query;place|GLOB_538_HUM_1|Jaffna;
Jaffnapatnam;query;place|GLOB_538_HUM_1|Jaffna;
Jafna;query;place|GLOB_538_HUM_1|Jaffna;
Jafnapatam;query;place|GLOB_538_HUM_1|Jaffna;
Jafnapatnam;query;place|GLOB_538_HUM_1|Jaffna;
Jaftenapatnam;query;place|GLOB_538_HUM_1|Jaffna;
Jassna;query;place|GLOB_538_HUM_1|Jaffna;
Jeftenapatnam;query;place|GLOB_538_HUM_1|Jaffna;
Iaffanapatna;query;place|GLOB_538_HUM_2|Jaffna;
Iaffanapatnam;query;place|GLOB_538_HUM_2|Jaffna;
Iaphanapatam;query;place|GLOB_538_HUM_2|Jaffna;
Jaffanapatnam;query;place|GLOB_538_HUM_2|Jaffna;
Jaffena;query;place|GLOB_538_HUM_2|Jaffna;
Jaffenapatnam;query;place|GLOB_538_HUM_2|Jaffna;
Jaffenepatnaem;query;place|GLOB_538_HUM_2|Jaffna;
Jaffna;query;place|GLOB_538_HUM_2|Jaffna;
Jaffnapatnam;query;place|GLOB_538_HUM_2|Jaffna;
Jafna;query;place|GLOB_538_HUM_2|Jaffna;
Jafnapatam;query;place|GLOB_538_HUM_2|Jaffna;
Jafnapatnam;query;place|GLOB_538_HUM_2|Jaffna;
Jaftenapatnam;query;place|GLOB_538_HUM_2|Jaffna;
Jassna;query;place|GLOB_538_HUM_2|Jaffna;
Jeftenapatnam;query;place|GLOB_538_HUM_2|Jaffna;
Iaffanapatna;query;place|GLOB_538_HUM_3|Jaffna Fort;
Iaffanapatnam;query;place|GLOB_538_HUM_3|Jaffna Fort;
Iaphanapatam;query;place|GLOB_538_HUM_3|Jaffna Fort;
Jaffanapatnam;query;place|GLOB_538_HUM_3|Jaffna Fort;
Jaffena;query;place|GLOB_538_HUM_3|Jaffna Fort;
Jaffenapatnam;query;place|GLOB_538_HUM_3|Jaffna Fort;
Jaffenepatnaem;query;place|GLOB_538_HUM_3|Jaffna Fort;
Jaffna;query;place|GLOB_538_HUM_3|Jaffna Fort;
Jaffna Fort;query;place|GLOB_538_HUM_3|Jaffna Fort;
Jaffnapatnam;query;place|GLOB_538_HUM_3|Jaffna Fort;
Jafna;query;place|GLOB_538_HUM_3|Jaffna Fort;
Jafnapatam;query;place|GLOB_538_HUM_3|Jaffna Fort;
Jafnapatnam;query;place|GLOB_538_HUM_3|Jaffna Fort;
Jaftenapatnam;query;place|GLOB_538_HUM_3|Jaffna Fort;
Jassna;query;place|GLOB_538_HUM_3|Jaffna Fort;
Jeftenapatnam;query;place|GLOB_538_HUM_3|Jaffna Fort;
Ayuthia;query;place|GLOB_539|Siam;
Ayutthaya;query;place|GLOB_539|Siam;
Iudiad;query;place|GLOB_539|Siam;
Iudja;query;place|GLOB_539|Siam;
Jocdia;query;place|GLOB_539|Siam;
Judea;query;place|GLOB_539|Siam;
Judia;query;place|GLOB_539|Siam;
Judja;query;place|GLOB_539|Siam;
Siam;query;place|GLOB_539|Siam;
Firando;query;place|GLOB_54|Hirado;
Firato;query;place|GLOB_54|Hirado;
Hirado;query;place|GLOB_54|Hirado;
平戸;query;place|GLOB_54|Hirado;
Linga;query;place|GLOB_541|Pulau Lingga (Indonesia);
Linge;query;place|GLOB_541|Pulau Lingga (Indonesia);
Lingga;query;place|GLOB_541|Pulau Lingga (Indonesia);
Lingij;query;place|GLOB_541|Pulau Lingga (Indonesia);
Lingo;query;place|GLOB_541|Pulau Lingga (Indonesia);
Pulau Lingga (Indonesia);query;place|GLOB_541|Pulau Lingga (Indonesia);
Madano;query;place|GLOB_542|Mendono;
Madona;query;place|GLOB_542|Mendono;
Mandano;query;place|GLOB_542|Mendono;
Mendono;query;place|GLOB_542|Mendono;
Mondona;query;place|GLOB_542|Mendono;
Machian;query;place|GLOB_543|Pulau Makian;
Macquiaan;query;place|GLOB_543|Pulau Makian;
Macquiam;query;place|GLOB_543|Pulau Makian;
Macquian;query;place|GLOB_543|Pulau Makian;
Makian;query;place|GLOB_543|Pulau Makian;
Makéan;query;place|GLOB_543|Pulau Makian;
Pulau Makian;query;place|GLOB_543|Pulau Makian;
Espanagie;query;place|GLOB_544|Sungai Linggi;
Panagi;query;place|GLOB_544|Sungai Linggi;
Panagie;query;place|GLOB_544|Sungai Linggi;
Pannagi;query;place|GLOB_544|Sungai Linggi;
Pannagie;query;place|GLOB_544|Sungai Linggi;
Penagie;query;place|GLOB_544|Sungai Linggi;
Sungai Linggi;query;place|GLOB_544|Sungai Linggi;
Baru;query;place|GLOB_545|Baru;
Courang;query;place|GLOB_545|Baru;
Catauon;query;place|GLOB_546|Ketahun;
Cottoun;query;place|GLOB_546|Ketahun;
Ketahun;query;place|GLOB_546|Ketahun;
Ketaun;query;place|GLOB_546|Ketahun;
Cotta Rana;query;place|GLOB_547|Kota-Rena;
Cottarenna;query;place|GLOB_547|Kota-Rena;
Cottarinna;query;place|GLOB_547|Kota-Rena;
Kota-Rena;query;place|GLOB_547|Kota-Rena;
Kotah Rena;query;place|GLOB_547|Kota-Rena;
Coerettij;query;place|GLOB_548|Koratti;
Coerti;query;place|GLOB_548|Koratti;
Coerty;query;place|GLOB_548|Koratti;
Corettij;query;place|GLOB_548|Koratti;
Coretty;query;place|GLOB_548|Koratti;
Corretij;query;place|GLOB_548|Koratti;
Corretty;query;place|GLOB_548|Koratti;
Koratti;query;place|GLOB_548|Koratti;
Collesegrepatnam;query;place|GLOB_549|Kulasekarapatnam;
Kulasekarapatnam;query;place|GLOB_549|Kulasekarapatnam;
Kulasekharapatnam;query;place|GLOB_549|Kulasekarapatnam;
Firando;query;place|GLOB_54_GEO_1|Hirado Shima;
Firato;query;place|GLOB_54_GEO_1|Hirado Shima;
Hirado;query;place|GLOB_54_GEO_1|Hirado Shima;
Hirado Shima;query;place|GLOB_54_GEO_1|Hirado Shima;
平戸;query;place|GLOB_54_GEO_1|Hirado Shima;
Firando;query;place|GLOB_54_HUM_1|Hirado (city);
Firato;query;place|GLOB_54_HUM_1|Hirado (city);
Hirado;query;place|GLOB_54_HUM_1|Hirado (city);
Hirado (city);query;place|GLOB_54_HUM_1|Hirado (city);
平戸;query;place|GLOB_54_HUM_1|Hirado (city);
Hoenoemoa;query;place|GLOB_55|Pulau Saparua;
Honimoa;query;place|GLOB_55|Pulau Saparua;
Pulau Saparua;query;place|GLOB_55|Pulau Saparua;
Saparauwa;query;place|GLOB_55|Pulau Saparua;
Saparoea;query;place|GLOB_55|Pulau Saparua;
Saparoua;query;place|GLOB_55|Pulau Saparua;
Saparua;query;place|GLOB_55|Pulau Saparua;
Saparua eiland;query;place|GLOB_55|Pulau Saparua;
Helsignoor;query;place|GLOB_550|Helsingør;
Helsingör;query;place|GLOB_550|Helsingør;
Helsingør;query;place|GLOB_550|Helsingør;
Hulffsdorp;query;place|GLOB_551|Hulftsdorp ;
Hulfsdorp;query;place|GLOB_551|Hulftsdorp ;
Hulftsdorp ;query;place|GLOB_551|Hulftsdorp ;
Hulptsdorp;query;place|GLOB_551|Hulftsdorp ;
Hulsdorp;query;place|GLOB_551|Hulftsdorp ;
Hulstdorf;query;place|GLOB_551|Hulftsdorp ;
Hulstdorp;query;place|GLOB_551|Hulftsdorp ;
Hulstsdorp;query;place|GLOB_551|Hulftsdorp ;
Hultsdorf;query;place|GLOB_551|Hulftsdorp ;
Hultsdorp;query;place|GLOB_551|Hulftsdorp ;
Hülffsdorf;query;place|GLOB_551|Hulftsdorp ;
Hooghly;query;place|GLOB_552|Hugli;
Hougelij;query;place|GLOB_552|Hugli;
Houglij;query;place|GLOB_552|Hugli;
Hougly;query;place|GLOB_552|Hugli;
Hugli;query;place|GLOB_552|Hugli;
Hugly;query;place|GLOB_552|Hugli;
Oegli;query;place|GLOB_552|Hugli;
Ougely;query;place|GLOB_552|Hugli;
Ouglij;query;place|GLOB_552|Hugli;
Hitland;query;place|GLOB_553|Shetland Islands;
Hitlant;query;place|GLOB_553|Shetland Islands;
Shetland Islands;query;place|GLOB_553|Shetland Islands;
Shetland eilanden;query;place|GLOB_553|Shetland Islands;
Shetland-eilanden;query;place|GLOB_553|Shetland Islands;
Cajurim;query;place|GLOB_554|Hijli;
Cassuri;query;place|GLOB_554|Hijli;
Hijili;query;place|GLOB_554|Hijli;
Hijli;query;place|GLOB_554|Hijli;
Hingelij;query;place|GLOB_554|Hijli;
Hinsele;query;place|GLOB_554|Hijli;
Hinseley;query;place|GLOB_554|Hijli;
Cajurim;query;place|GLOB_554_GEO_1|Hijli;
Cassuri;query;place|GLOB_554_GEO_1|Hijli;
Hijili;query;place|GLOB_554_GEO_1|Hijli;
Hijli;query;place|GLOB_554_GEO_1|Hijli;
Hingelij;query;place|GLOB_554_GEO_1|Hijli;
Hinsele;query;place|GLOB_554_GEO_1|Hijli;
Hinseley;query;place|GLOB_554_GEO_1|Hijli;
Cajurim;query;place|GLOB_554_HUM_1|Hijli;
Cassuri;query;place|GLOB_554_HUM_1|Hijli;
Hijili;query;place|GLOB_554_HUM_1|Hijli;
Hijli;query;place|GLOB_554_HUM_1|Hijli;
Hingelij;query;place|GLOB_554_HUM_1|Hijli;
Hinsele;query;place|GLOB_554_HUM_1|Hijli;
Hinseley;query;place|GLOB_554_HUM_1|Hijli;
Cairo;query;place|GLOB_555|Cairo;
Groot-Cairo;query;place|GLOB_555|Cairo;
Grece;query;place|GLOB_556|Gresik;
Gresik;query;place|GLOB_556|Gresik;
Gressic;query;place|GLOB_556|Gresik;
Grisee;query;place|GLOB_556|Gresik;
Grisse;query;place|GLOB_556|Gresik;
Grissec;query;place|GLOB_556|Gresik;
Grissee;query;place|GLOB_556|Gresik;
Grissick;query;place|GLOB_556|Gresik;
Grissicq;query;place|GLOB_556|Gresik;
Grissiess;query;place|GLOB_556|Gresik;
Grissé;query;place|GLOB_556|Gresik;
Grissée;query;place|GLOB_556|Gresik;
Gangas;query;place|GLOB_557|Ganges River;
Ganges;query;place|GLOB_557|Ganges River;
Ganges River;query;place|GLOB_557|Ganges River;
Gerways;query;place|GLOB_558|Girreway pattoe;
Ghierreway Pattoe;query;place|GLOB_558|Girreway pattoe;
Girrewaij;query;place|GLOB_558|Girreway pattoe;
Girreway pattoe;query;place|GLOB_558|Girreway pattoe;
Giruwayu Pattu;query;place|GLOB_558|Girreway pattoe;
Girways;query;place|GLOB_558|Girreway pattoe;
Goa (Makassar);query;place|GLOB_559|Gowa (Indonesia);
Goah;query;place|GLOB_559|Gowa (Indonesia);
Gowa;query;place|GLOB_559|Gowa (Indonesia);
Gowa (Indonesia);query;place|GLOB_559|Gowa (Indonesia);
Gondij. Poulo;query;place|GLOB_560|Pulau Legundi;
Groot-Lagondi;query;place|GLOB_560|Pulau Legundi;
Legoendi, Pulau;query;place|GLOB_560|Pulau Legundi;
Poelo Gondij;query;place|GLOB_560|Pulau Legundi;
Poulo Gondy;query;place|GLOB_560|Pulau Legundi;
Pulau Legundi;query;place|GLOB_560|Pulau Legundi;
Geser;query;place|GLOB_561|Pulau Geser;
Gesser;query;place|GLOB_561|Pulau Geser;
Giser;query;place|GLOB_561|Pulau Geser;
Gisser;query;place|GLOB_561|Pulau Geser;
Poulo Gisser;query;place|GLOB_561|Pulau Geser;
Pulau Geser;query;place|GLOB_561|Pulau Geser;
Pulau Gisser;query;place|GLOB_561|Pulau Geser;
Gale Corle;query;place|GLOB_562|Galle (korale);
Galle (korale);query;place|GLOB_562|Galle (korale);
Galle Korala;query;place|GLOB_562|Galle (korale);
Gontong;query;place|GLOB_563|Gontong Island;
Gontong Island;query;place|GLOB_563|Gontong Island;
Gontong, Poulo;query;place|GLOB_563|Gontong Island;
Gontong, Poulou;query;place|GLOB_563|Gontong Island;
Carimon Java;query;place|GLOB_564|Karimunjawa;
Crimon Java;query;place|GLOB_564|Karimunjawa;
Karimon Djawa;query;place|GLOB_564|Karimunjawa;
Karimunjawa;query;place|GLOB_564|Karimunjawa;
Carimon Java;query;place|GLOB_564_GEO_1|Pulau Karimunjawa;
Crimon Java;query;place|GLOB_564_GEO_1|Pulau Karimunjawa;
Karimon Djawa;query;place|GLOB_564_GEO_1|Pulau Karimunjawa;
Karimunjawa;query;place|GLOB_564_GEO_1|Pulau Karimunjawa;
Pulau Karimunjawa;query;place|GLOB_564_GEO_1|Pulau Karimunjawa;
Carimon Java;query;place|GLOB_564_GEO_2|Pulau-pulau Karimunjawa;
Crimon Java;query;place|GLOB_564_GEO_2|Pulau-pulau Karimunjawa;
Karimon Djawa;query;place|GLOB_564_GEO_2|Pulau-pulau Karimunjawa;
Karimunjawa;query;place|GLOB_564_GEO_2|Pulau-pulau Karimunjawa;
Pulau-pulau Karimunjawa;query;place|GLOB_564_GEO_2|Pulau-pulau Karimunjawa;
Colchester;query;place|GLOB_565|Colchester;
Coulchester;query;place|GLOB_565|Colchester;
Cochin Chine;query;place|GLOB_566|Đàng Trong;
Cochin-China;query;place|GLOB_566|Đàng Trong;
Cochinchina;query;place|GLOB_566|Đàng Trong;
Coetchenchina;query;place|GLOB_566|Đàng Trong;
Couchim China;query;place|GLOB_566|Đàng Trong;
Couchin China;query;place|GLOB_566|Đàng Trong;
Coutchenchina;query;place|GLOB_566|Đàng Trong;
Coutchenschijna;query;place|GLOB_566|Đàng Trong;
Quinam;query;place|GLOB_566|Đàng Trong;
Đàng Trong;query;place|GLOB_566|Đàng Trong;
広南;query;place|GLOB_566|Đàng Trong;
Cottaringen;query;place|GLOB_567|Kotawaringin;
Cotuaringa;query;place|GLOB_567|Kotawaringin;
Cotuaringe;query;place|GLOB_567|Kotawaringin;
Cotuaringen;query;place|GLOB_567|Kotawaringin;
Cotuaringin;query;place|GLOB_567|Kotawaringin;
Kota-Waringin;query;place|GLOB_567|Kotawaringin;
Kotawaringin;query;place|GLOB_567|Kotawaringin;
Cotatenga;query;place|GLOB_568|Kotatenga;
Cotta Tenga;query;place|GLOB_568|Kotatenga;
Kota Tengah;query;place|GLOB_568|Kotatenga;
Kotatenga;query;place|GLOB_568|Kotatenga;
Kotatengah;query;place|GLOB_568|Kotatenga;
Cotta Baro;query;place|GLOB_569|Cotta Baroe;
Cotta Baroe;query;place|GLOB_569|Cotta Baroe;
Kotabaru;query;place|GLOB_569|Cotta Baroe;
Esfahan;query;place|GLOB_57|Isfahan;
Isfahan;query;place|GLOB_57|Isfahan;
Ispahan;query;place|GLOB_57|Isfahan;
Sfaen;query;place|GLOB_57|Isfahan;
Spahan;query;place|GLOB_57|Isfahan;
spahan;query;place|GLOB_57|Isfahan;
Djocjocarta;query;place|GLOB_570|Yogyakarta;
Djockjocarta;query;place|GLOB_570|Yogyakarta;
Djokjacarta;query;place|GLOB_570|Yogyakarta;
Djokjakarta;query;place|GLOB_570|Yogyakarta;
Djokjo;query;place|GLOB_570|Yogyakarta;
Djokjocarta;query;place|GLOB_570|Yogyakarta;
Jogjakarta;query;place|GLOB_570|Yogyakarta;
Jogyakarta;query;place|GLOB_570|Yogyakarta;
Yogyakarta;query;place|GLOB_570|Yogyakarta;
Laccadive eilanden;query;place|GLOB_571|Lakshadweep;
Lakshadweep;query;place|GLOB_571|Lakshadweep;
Leckerdivose eylanden;query;place|GLOB_571|Lakshadweep;
Lifao;query;place|GLOB_572|Lifau;
Lifau;query;place|GLOB_572|Lifau;
Liffou;query;place|GLOB_572|Lifau;
Lifoa;query;place|GLOB_572|Lifau;
Liphao;query;place|GLOB_572|Lifau;
Lyffou;query;place|GLOB_572|Lifau;
Madura;query;place|GLOB_573|Madurai (India);
Madurai;query;place|GLOB_573|Madurai (India);
Madurai (India);query;place|GLOB_573|Madurai (India);
Madure;query;place|GLOB_573|Madurai (India);
Madura;query;place|GLOB_573_HUM_1|Madurai (India);
Madurai;query;place|GLOB_573_HUM_1|Madurai (India);
Madurai (India);query;place|GLOB_573_HUM_1|Madurai (India);
Madure;query;place|GLOB_573_HUM_1|Madurai (India);
Madura;query;place|GLOB_573_HUM_2|Madurai (India);
Madurai;query;place|GLOB_573_HUM_2|Madurai (India);
Madurai (India);query;place|GLOB_573_HUM_2|Madurai (India);
Madure;query;place|GLOB_573_HUM_2|Madurai (India);
Macao;query;place|GLOB_574|Macau;
Macau;query;place|GLOB_574|Macau;
Maccau;query;place|GLOB_574|Macau;
Maccauw;query;place|GLOB_574|Macau;
澳門;query;place|GLOB_574|Macau;
Caddoe;query;place|GLOB_575|Kedu;
Cadoe;query;place|GLOB_575|Kedu;
Kaddoe;query;place|GLOB_575|Kedu;
Kedoe;query;place|GLOB_575|Kedu;
Kedu;query;place|GLOB_575|Kedu;
Kets Mandui;query;place|GLOB_576|Mandvi;
Ketsmanduwe;query;place|GLOB_576|Mandvi;
Kitsmanduwie;query;place|GLOB_576|Mandvi;
Mandvi;query;place|GLOB_576|Mandvi;
Kets Mandui;query;place|GLOB_576_HUM_1|Mandvi;
Ketsmanduwe;query;place|GLOB_576_HUM_1|Mandvi;
Kitsmanduwie;query;place|GLOB_576_HUM_1|Mandvi;
Mandvi;query;place|GLOB_576_HUM_1|Mandvi;
Kets Mandui;query;place|GLOB_576_HUM_2|Mandvi;
Ketsmanduwe;query;place|GLOB_576_HUM_2|Mandvi;
Kitsmanduwie;query;place|GLOB_576_HUM_2|Mandvi;
Mandvi;query;place|GLOB_576_HUM_2|Mandvi;
Carge;query;place|GLOB_577|Kharg Island;
Chareek;query;place|GLOB_577|Kharg Island;
Gareek;query;place|GLOB_577|Kharg Island;
Gargo;query;place|GLOB_577|Kharg Island;
Garrak;query;place|GLOB_577|Kharg Island;
I. da Carga;query;place|GLOB_577|Kharg Island;
Kareck;query;place|GLOB_577|Kharg Island;
Kareek;query;place|GLOB_577|Kharg Island;
Karreck;query;place|GLOB_577|Kharg Island;
Karreek;query;place|GLOB_577|Kharg Island;
Kharg;query;place|GLOB_577|Kharg Island;
Kharg Island;query;place|GLOB_577|Kharg Island;
Khark;query;place|GLOB_577|Kharg Island;
Kyaracq;query;place|GLOB_577|Kharg Island;
Corintij;query;place|GLOB_578|Kerinci;
Corintsche;query;place|GLOB_578|Kerinci;
Kerinci;query;place|GLOB_578|Kerinci;
Korintji;query;place|GLOB_578|Kerinci;
Kryntje;query;place|GLOB_578|Kerinci;
Pankranjing;query;place|GLOB_578|Kerinci;
Corintij;query;place|GLOB_578_GEO_1|Kerinci;
Corintsche;query;place|GLOB_578_GEO_1|Kerinci;
Kerinci;query;place|GLOB_578_GEO_1|Kerinci;
Korintji;query;place|GLOB_578_GEO_1|Kerinci;
Kryntje;query;place|GLOB_578_GEO_1|Kerinci;
Pankranjing;query;place|GLOB_578_GEO_1|Kerinci;
Corintij;query;place|GLOB_578_HUM_1|Kerinci;
Corintsche;query;place|GLOB_578_HUM_1|Kerinci;
Kerinci;query;place|GLOB_578_HUM_1|Kerinci;
Korintji;query;place|GLOB_578_HUM_1|Kerinci;
Kryntje;query;place|GLOB_578_HUM_1|Kerinci;
Pankranjing;query;place|GLOB_578_HUM_1|Kerinci;
Jagannathpur;query;place|GLOB_58|Shree Jagannath Temple;
Jangernaatpour;query;place|GLOB_58|Shree Jagannath Temple;
Shree Jagannath Temple;query;place|GLOB_58|Shree Jagannath Temple;
Bagaleen;query;place|GLOB_580|Bagelen;
Bagelen;query;place|GLOB_580|Bagelen;
Bagelèn;query;place|GLOB_580|Bagelen;
Baggaleen;query;place|GLOB_580|Bagelen;
Baggileen;query;place|GLOB_580|Bagelen;
Aijerbangies;query;place|GLOB_581|Air Bangis;
Aijerbangis;query;place|GLOB_581|Air Bangis;
Air Bangis;query;place|GLOB_581|Air Bangis;
Airbangis;query;place|GLOB_581|Air Bangis;
Ajerbangis;query;place|GLOB_581|Air Bangis;
Ayer Bangis;query;place|GLOB_581|Air Bangis;
Ayer Bangus;query;place|GLOB_581|Air Bangis;
Bandar-e Rig;query;place|GLOB_582|Bandar-e Rīg;
Bandar-e Rīg;query;place|GLOB_582|Bandar-e Rīg;
Banderriek;query;place|GLOB_582|Bandar-e Rīg;
Bender Rich;query;place|GLOB_582|Bandar-e Rīg;
Benderik;query;place|GLOB_582|Bandar-e Rīg;
Benderriek;query;place|GLOB_582|Bandar-e Rīg;
Bendherriek;query;place|GLOB_582|Bandar-e Rīg;
Bhenderricq;query;place|GLOB_582|Bandar-e Rīg;
Batoe Baroe;query;place|GLOB_583|Batubara;
Batoebara;query;place|GLOB_583|Batubara;
Battoubara;query;place|GLOB_583|Batubara;
Battubara;query;place|GLOB_583|Batubara;
Batubara;query;place|GLOB_583|Batubara;
Bahrain;query;place|GLOB_586|Bahrain;
Bareen;query;place|GLOB_586|Bahrain;
Berryn;query;place|GLOB_586|Bahrain;
Allwatiernegary;query;place|GLOB_587|Alwa Tirunagari;
Alvatier;query;place|GLOB_587|Alwa Tirunagari;
Alwa Tirunagari;query;place|GLOB_587|Alwa Tirunagari;
Alwar Tirunagarai ;query;place|GLOB_587|Alwa Tirunagari;
Alwar Tirunagari;query;place|GLOB_587|Alwa Tirunagari;
Alwatiernegary;query;place|GLOB_587|Alwa Tirunagari;
Alwatiernegery;query;place|GLOB_587|Alwa Tirunagari;
Alwatirnegari;query;place|GLOB_587|Alwa Tirunagari;
Alwattiernegarij;query;place|GLOB_587|Alwa Tirunagari;
Addenare;query;place|GLOB_588|Pulau Adonara;
Addenarren;query;place|GLOB_588|Pulau Adonara;
Addinare;query;place|GLOB_588|Pulau Adonara;
Adenaar;query;place|GLOB_588|Pulau Adonara;
Adoenare;query;place|GLOB_588|Pulau Adonara;
Adonara;query;place|GLOB_588|Pulau Adonara;
Adonare;query;place|GLOB_588|Pulau Adonara;
Pulau Adonara;query;place|GLOB_588|Pulau Adonara;
Djawana;query;place|GLOB_59|Juwana;
Djoana;query;place|GLOB_59|Juwana;
Iawana;query;place|GLOB_59|Juwana;
Joana;query;place|GLOB_59|Juwana;
Joanna;query;place|GLOB_59|Juwana;
Juwana;query;place|GLOB_59|Juwana;
Amabesi;query;place|GLOB_590|Amabesi;
Amanatun;query;place|GLOB_591|Amanatun;
Amanatung;query;place|GLOB_591|Amanatun;
Amenatte;query;place|GLOB_591|Amanatun;
Amacone;query;place|GLOB_592|Amakono;
Amakona;query;place|GLOB_592|Amakono;
Amakong;query;place|GLOB_592|Amakono;
Amakono;query;place|GLOB_592|Amakono;
Amecone;query;place|GLOB_592|Amakono;
Ammaconij;query;place|GLOB_592|Amakono;
't Cherbon;query;place|GLOB_593|Cirebon;
Cerebon;query;place|GLOB_593|Cirebon;
Ceribon;query;place|GLOB_593|Cirebon;
Cheribon;query;place|GLOB_593|Cirebon;
Chirbon;query;place|GLOB_593|Cirebon;
Chirebon;query;place|GLOB_593|Cirebon;
Chiribon;query;place|GLOB_593|Cirebon;
Cirebon;query;place|GLOB_593|Cirebon;
Sirribon;query;place|GLOB_593|Cirebon;
Tsjeribon;query;place|GLOB_593|Cirebon;
Cassebassaar;query;place|GLOB_594|Cossimbazar;
Cassemb;query;place|GLOB_594|Cossimbazar;
Cassembas;query;place|GLOB_594|Cossimbazar;
Cassembasaar;query;place|GLOB_594|Cossimbazar;
Cassembazaar;query;place|GLOB_594|Cossimbazar;
Cassembazar;query;place|GLOB_594|Cossimbazar;
Cassimabasaar;query;place|GLOB_594|Cossimbazar;
Cassimambasear;query;place|GLOB_594|Cossimbazar;
Cassimbassaar;query;place|GLOB_594|Cossimbazar;
Cassimbazaar;query;place|GLOB_594|Cossimbazar;
Cassombasaar;query;place|GLOB_594|Cossimbazar;
Cessembazaar;query;place|GLOB_594|Cossimbazar;
Cossimbazar;query;place|GLOB_594|Cossimbazar;
Kasimbarar;query;place|GLOB_594|Cossimbazar;
Kasimbasar;query;place|GLOB_594|Cossimbazar;
Kasimbazar;query;place|GLOB_594|Cossimbazar;
Kassembazaar;query;place|GLOB_594|Cossimbazar;
Candapillie;query;place|GLOB_596|Kondapalle;
Condapilli;query;place|GLOB_596|Kondapalle;
Condapillij;query;place|GLOB_596|Kondapalle;
Kondapalle;query;place|GLOB_596|Kondapalle;
Kondapilli;query;place|GLOB_596|Kondapalle;
Candal;query;place|GLOB_597|Kendal;
Kendal;query;place|GLOB_597|Kendal;
Coilan de Sima;query;place|GLOB_598|Tangasseri;
Quilon de Cima;query;place|GLOB_598|Tangasseri;
Tangasseri;query;place|GLOB_598|Tangasseri;
Cattiaar;query;place|GLOB_599|Kaddaiparichchan;
Coetjaar;query;place|GLOB_599|Kaddaiparichchan;
Cotiaar;query;place|GLOB_599|Kaddaiparichchan;
Cotiar;query;place|GLOB_599|Kaddaiparichchan;
Cotjaer;query;place|GLOB_599|Kaddaiparichchan;
Cotjar;query;place|GLOB_599|Kaddaiparichchan;
Cutiar;query;place|GLOB_599|Kaddaiparichchan;
Kaddaiparichchan;query;place|GLOB_599|Kaddaiparichchan;
Koddiyar;query;place|GLOB_599|Kaddaiparichchan;
Koetjaar;query;place|GLOB_599|Kaddaiparichchan;
Kottiar;query;place|GLOB_599|Kaddaiparichchan;
Kottiyar;query;place|GLOB_599|Kaddaiparichchan;
Cattiaar;query;place|GLOB_599_GEO_1|Koddiyar Bay;
Coetjaar;query;place|GLOB_599_GEO_1|Koddiyar Bay;
Cotiaar;query;place|GLOB_599_GEO_1|Koddiyar Bay;
Cotiar;query;place|GLOB_599_GEO_1|Koddiyar Bay;
Cotjaer;query;place|GLOB_599_GEO_1|Koddiyar Bay;
Cotjar;query;place|GLOB_599_GEO_1|Koddiyar Bay;
Cutiar;query;place|GLOB_599_GEO_1|Koddiyar Bay;
Koddiyar;query;place|GLOB_599_GEO_1|Koddiyar Bay;
Koddiyar Bay;query;place|GLOB_599_GEO_1|Koddiyar Bay;
Koetjaar;query;place|GLOB_599_GEO_1|Koddiyar Bay;
Kottiar;query;place|GLOB_599_GEO_1|Koddiyar Bay;
Kottiyar;query;place|GLOB_599_GEO_1|Koddiyar Bay;
Cattiaar;query;place|GLOB_599_HUM_1|Kaddaiparichchan;
Coetjaar;query;place|GLOB_599_HUM_1|Kaddaiparichchan;
Cotiaar;query;place|GLOB_599_HUM_1|Kaddaiparichchan;
Cotiar;query;place|GLOB_599_HUM_1|Kaddaiparichchan;
Cotjaer;query;place|GLOB_599_HUM_1|Kaddaiparichchan;
Cotjar;query;place|GLOB_599_HUM_1|Kaddaiparichchan;
Cutiar;query;place|GLOB_599_HUM_1|Kaddaiparichchan;
Kaddaiparichchan;query;place|GLOB_599_HUM_1|Kaddaiparichchan;
Koddiyar;query;place|GLOB_599_HUM_1|Kaddaiparichchan;
Koetjaar;query;place|GLOB_599_HUM_1|Kaddaiparichchan;
Kottiar;query;place|GLOB_599_HUM_1|Kaddaiparichchan;
Kottiyar;query;place|GLOB_599_HUM_1|Kaddaiparichchan;
Cattiaar;query;place|GLOB_599_HUM_2|Kaddaiparichchan;
Coetjaar;query;place|GLOB_599_HUM_2|Kaddaiparichchan;
Cotiaar;query;place|GLOB_599_HUM_2|Kaddaiparichchan;
Cotiar;query;place|GLOB_599_HUM_2|Kaddaiparichchan;
Cotjaer;query;place|GLOB_599_HUM_2|Kaddaiparichchan;
Cotjar;query;place|GLOB_599_HUM_2|Kaddaiparichchan;
Cutiar;query;place|GLOB_599_HUM_2|Kaddaiparichchan;
Kaddaiparichchan;query;place|GLOB_599_HUM_2|Kaddaiparichchan;
Koddiyar;query;place|GLOB_599_HUM_2|Kaddaiparichchan;
Koetjaar;query;place|GLOB_599_HUM_2|Kaddaiparichchan;
Kottiar;query;place|GLOB_599_HUM_2|Kaddaiparichchan;
Kottiyar;query;place|GLOB_599_HUM_2|Kaddaiparichchan;
Amfoan;query;place|GLOB_6|Amfoan;
Amfuan;query;place|GLOB_6|Amfoan;
Amphioen;query;place|GLOB_6|Amfoan;
Amphoan;query;place|GLOB_6|Amfoan;
Amphoang;query;place|GLOB_6|Amfoan;
Sorbian;query;place|GLOB_6|Amfoan;
Chiraas;query;place|GLOB_600|Shiraz;
Chiras;query;place|GLOB_600|Shiraz;
Shiraz;query;place|GLOB_600|Shiraz;
Siras;query;place|GLOB_600|Shiraz;
Sjiraas;query;place|GLOB_600|Shiraz;
Boelacomba;query;place|GLOB_601|Bulukumba;
Boele Comba;query;place|GLOB_601|Bulukumba;
Boele Cumba;query;place|GLOB_601|Bulukumba;
Boelecomba;query;place|GLOB_601|Bulukumba;
Boelicamba;query;place|GLOB_601|Bulukumba;
Boelocoembo;query;place|GLOB_601|Bulukumba;
Boeloecombo;query;place|GLOB_601|Bulukumba;
Boulocomba;query;place|GLOB_601|Bulukumba;
Boulocombo;query;place|GLOB_601|Bulukumba;
Bulukumba;query;place|GLOB_601|Bulukumba;
Bellimoer;query;place|GLOB_602|Bilimora;
Bilimoera;query;place|GLOB_602|Bilimora;
Bilimora;query;place|GLOB_602|Bilimora;
Cabeyna;query;place|GLOB_603|Pulau Kabaena;
Cabina;query;place|GLOB_603|Pulau Kabaena;
Cambeyna;query;place|GLOB_603|Pulau Kabaena;
Camboina;query;place|GLOB_603|Pulau Kabaena;
Camboino;query;place|GLOB_603|Pulau Kabaena;
Cambona;query;place|GLOB_603|Pulau Kabaena;
Kabaena;query;place|GLOB_603|Pulau Kabaena;
Pulau Kabaena;query;place|GLOB_603|Pulau Kabaena;
Bhavnagar;query;place|GLOB_604|Bhavnagar;
Bouwnager;query;place|GLOB_604|Bhavnagar;
Saruaso;query;place|GLOB_606|Saruaso;
Sirwassa;query;place|GLOB_606|Saruaso;
Souroassa;query;place|GLOB_606|Saruaso;
Suruaso;query;place|GLOB_606|Saruaso;
Soeracarta;query;place|GLOB_607|Surakarta;
Solo;query;place|GLOB_607|Surakarta;
Souracarta;query;place|GLOB_607|Surakarta;
Surakarta;query;place|GLOB_607|Surakarta;
Soerabaija;query;place|GLOB_608|Surabaya;
Soerabaja;query;place|GLOB_608|Surabaya;
Soerabaya;query;place|GLOB_608|Surabaya;
Sourabaija;query;place|GLOB_608|Surabaya;
Sourabaja;query;place|GLOB_608|Surabaya;
Sourabaya;query;place|GLOB_608|Surabaya;
Surabaja;query;place|GLOB_608|Surabaya;
Surabaya;query;place|GLOB_608|Surabaya;
Zourabaya;query;place|GLOB_608|Surabaya;
Nagari Sunua;query;place|GLOB_609|Nagari Sunua;
Soenor;query;place|GLOB_609|Nagari Sunua;
Sunur;query;place|GLOB_609|Nagari Sunua;
Zoenoer;query;place|GLOB_609|Nagari Sunua;
Kalkare;query;place|GLOB_61|Kilakarai;
Kelkare;query;place|GLOB_61|Kilakarai;
Kilakarai;query;place|GLOB_61|Kilakarai;
Kilakkarai;query;place|GLOB_61|Kilakarai;
Kilkare;query;place|GLOB_61|Kilakarai;
Kilpekarre;query;place|GLOB_61|Kilakarai;
Ciampea;query;place|GLOB_610|Ciampea;
Sampia;query;place|GLOB_610|Ciampea;
Sjampia;query;place|GLOB_610|Ciampea;
Siringapatnam;query;place|GLOB_611|Sri Ranganathaswamy Temple;
Sri Ranganathaswamy Temple;query;place|GLOB_611|Sri Ranganathaswamy Temple;
Srirangapatnam;query;place|GLOB_611|Sri Ranganathaswamy Temple;
Tanadatar;query;place|GLOB_612|Tanah Datar;
Tanah Datar;query;place|GLOB_612|Tanah Datar;
Tanahdatar;query;place|GLOB_612|Tanah Datar;
Tannadatat;query;place|GLOB_612|Tanah Datar;
Tandjongpura;query;place|GLOB_613|Tanjungpura;
Tandjungpura;query;place|GLOB_613|Tanjungpura;
Tangjongpoura;query;place|GLOB_613|Tanjungpura;
Tangjung Pura;query;place|GLOB_613|Tanjungpura;
Tangjungpura;query;place|GLOB_613|Tanjungpura;
Tanijomgpoura;query;place|GLOB_613|Tanjungpura;
Tanjon Poura;query;place|GLOB_613|Tanjungpura;
Tanjong Poura;query;place|GLOB_613|Tanjungpura;
Tanjongpoura;query;place|GLOB_613|Tanjungpura;
Tanjonpoera;query;place|GLOB_613|Tanjungpura;
Tanjonpoura;query;place|GLOB_613|Tanjungpura;
Tanjungpura;query;place|GLOB_613|Tanjungpura;
Tagelande;query;place|GLOB_614|Tahulandang;
Tagulanda;query;place|GLOB_614|Tahulandang;
Tagulandang;query;place|GLOB_614|Tahulandang;
Tahulandang;query;place|GLOB_614|Tahulandang;
Pulau Tahulandang;query;place|GLOB_614_GEO_1|Pulau Tahulandang;
Tagelande;query;place|GLOB_614_GEO_1|Pulau Tahulandang;
Tagulanda;query;place|GLOB_614_GEO_1|Pulau Tahulandang;
Tagulandang;query;place|GLOB_614_GEO_1|Pulau Tahulandang;
Tahulandang;query;place|GLOB_614_GEO_1|Pulau Tahulandang;
Tagelande;query;place|GLOB_614_HUM_1|Tagulandang;
Tagulanda;query;place|GLOB_614_HUM_1|Tagulandang;
Tagulandang;query;place|GLOB_614_HUM_1|Tagulandang;
Tahulandang;query;place|GLOB_614_HUM_1|Tagulandang;
Taneta;query;place|GLOB_615|Tanete (Sulawesi);
Tanete (Selayar);query;place|GLOB_615|Tanete (Sulawesi);
Tanete (Sulawesi);query;place|GLOB_615|Tanete (Sulawesi);
Tanette;query;place|GLOB_615|Tanete (Sulawesi);
Tannette;query;place|GLOB_615|Tanete (Sulawesi);
Saccadan;query;place|GLOB_616|Sukadana;
Saccadane;query;place|GLOB_616|Sukadana;
Sucadano;query;place|GLOB_616|Sukadana;
Succadana;query;place|GLOB_616|Sukadana;
Sukadana;query;place|GLOB_616|Sukadana;
Poeloe Run;query;place|GLOB_617|Pulau Run;
Poulo Ron;query;place|GLOB_617|Pulau Run;
Poulo-Rhon;query;place|GLOB_617|Pulau Run;
Pulau Rhun;query;place|GLOB_617|Pulau Run;
Pulau Run;query;place|GLOB_617|Pulau Run;
Pulorin;query;place|GLOB_617|Pulau Run;
Rhun;query;place|GLOB_617|Pulau Run;
Rhun, Poelo;query;place|GLOB_617|Pulau Run;
Ron;query;place|GLOB_617|Pulau Run;
Run;query;place|GLOB_617|Pulau Run;
Run, Pulau;query;place|GLOB_617|Pulau Run;
Sieka;query;place|GLOB_619|Sika;
Sika;query;place|GLOB_619|Sika;
Sikka;query;place|GLOB_619|Sika;
Gnismich;query;place|GLOB_62|Qeshm;
Kishm;query;place|GLOB_62|Qeshm;
Kismis;query;place|GLOB_62|Qeshm;
Kismus;query;place|GLOB_62|Qeshm;
Qeshm;query;place|GLOB_62|Qeshm;
Cerematta;query;place|GLOB_620|Pulau Sermata;
Cerematten;query;place|GLOB_620|Pulau Sermata;
Pulau Sermata;query;place|GLOB_620|Pulau Sermata;
Sarmata;query;place|GLOB_620|Pulau Sermata;
Sermate;query;place|GLOB_620|Pulau Sermata;
Sermatte;query;place|GLOB_620|Pulau Sermata;
Sexumatta;query;place|GLOB_620|Pulau Sermata;
Vadakkudi;query;place|GLOB_621|Vadakkudi;
Waddacoeddi;query;place|GLOB_621|Vadakkudi;
Wade Coedie;query;place|GLOB_621|Vadakkudi;
Vidjagapatam;query;place|GLOB_622|Visakhapatnam;
Visagapatnam;query;place|GLOB_622|Visakhapatnam;
Visakhapatnam;query;place|GLOB_622|Visakhapatnam;
Vishakapatnam;query;place|GLOB_622|Visakhapatnam;
Vishakhapatnam;query;place|GLOB_622|Visakhapatnam;
Visiagapatnam;query;place|GLOB_622|Visakhapatnam;
Vizagapatam;query;place|GLOB_622|Visakhapatnam;
Walallawita;query;place|GLOB_623|Walallawita;
Walallwiti Korale ;query;place|GLOB_623|Walallawita;
Walewittecorle;query;place|GLOB_623|Walallawita;
Wallallawitte Corle;query;place|GLOB_623|Walallawita;
Wallaviti Korala;query;place|GLOB_623|Walallawita;
Wellewatte;query;place|GLOB_623|Walallawita;
Sind;query;place|GLOB_624|Sindh;
Sindh;query;place|GLOB_624|Sindh;
Sindi;query;place|GLOB_624|Sindh;
Zindi;query;place|GLOB_624|Sindh;
Ceranti;query;place|GLOB_625|Sirantih;
Sirantih;query;place|GLOB_625|Sirantih;
Zerantie;query;place|GLOB_625|Sirantih;
Sanaa;query;place|GLOB_626|Sanaa;
Zaana;query;place|GLOB_626|Sanaa;
Woya;query;place|GLOB_627|Woyo;
Woyo;query;place|GLOB_627|Woyo;
Wosi;query;place|GLOB_628|Wosi;
Wossie;query;place|GLOB_628|Wosi;
Wossij;query;place|GLOB_628|Wosi;
Cenrana (Bone);query;place|GLOB_629|Cenrana (Bone);
Chinra;query;place|GLOB_629|Cenrana (Bone);
Chinrana;query;place|GLOB_629|Cenrana (Bone);
Sindrana;query;place|GLOB_629|Cenrana (Bone);
Tinrana Bonij;query;place|GLOB_629|Cenrana (Bone);
Tjenrana;query;place|GLOB_629|Cenrana (Bone);
Tjenrana Boni;query;place|GLOB_629|Cenrana (Bone);
Tjinrana;query;place|GLOB_629|Cenrana (Bone);
Tsinrana;query;place|GLOB_629|Cenrana (Bone);
Tsinrana Bonij;query;place|GLOB_629|Cenrana (Bone);
Tsinrana-Bone;query;place|GLOB_629|Cenrana (Bone);
Hoamoal;query;place|GLOB_63|Semenanjung Hoamoal;
Klein-Ceram;query;place|GLOB_63|Semenanjung Hoamoal;
Semenanjung Hoamoal;query;place|GLOB_63|Semenanjung Hoamoal;
Thimiri;query;place|GLOB_630|Thimiri;
Tiemiriecotte;query;place|GLOB_630|Thimiri;
Timiri Kota;query;place|GLOB_630|Thimiri;
Tedong;query;place|GLOB_631|Tidung;
Thedong;query;place|GLOB_631|Tidung;
Tidung;query;place|GLOB_631|Tidung;
Dawei;query;place|GLOB_633|Dawei;
Tavay;query;place|GLOB_633|Dawei;
Tavoy;query;place|GLOB_633|Dawei;
Tawaay;query;place|GLOB_633|Dawei;
Tawaij;query;place|GLOB_633|Dawei;
Caringin;query;place|GLOB_634|Caringin;
Tjeringen, bogt van;query;place|GLOB_634|Caringin;
Tjiringin, bocht van;query;place|GLOB_634|Caringin;
Kepulauan Tukangbesi;query;place|GLOB_635|Kepulauan Tukangbesi;
Toekanbessij;query;place|GLOB_635|Kepulauan Tukangbesi;
Toucabesjes-eylanden;query;place|GLOB_635|Kepulauan Tukangbesi;
Tukangbesi eilanden;query;place|GLOB_635|Kepulauan Tukangbesi;
Tukangbesi-eilanden;query;place|GLOB_635|Kepulauan Tukangbesi;
Nagapatam;query;place|GLOB_636|Nagapattinam;
Nagapatnam;query;place|GLOB_636|Nagapattinam;
Nagapattinam;query;place|GLOB_636|Nagapattinam;
Nagappattinam;query;place|GLOB_636|Nagapattinam;
Nagene;query;place|GLOB_636|Nagapattinam;
Nagepatnam;query;place|GLOB_636|Nagapattinam;
Negapatam;query;place|GLOB_636|Nagapattinam;
Negapatnam;query;place|GLOB_636|Nagapattinam;
Muttingen;query;place|GLOB_637|Muttungal;
Muttungal;query;place|GLOB_637|Muttungal;
Mascat;query;place|GLOB_638|Muscat;
Mascate;query;place|GLOB_638|Muscat;
Mascatta;query;place|GLOB_638|Muscat;
Masquetta;query;place|GLOB_638|Muscat;
Masquette;query;place|GLOB_638|Muscat;
Mosschetten;query;place|GLOB_638|Muscat;
Muscat;query;place|GLOB_638|Muscat;
Muskette;query;place|GLOB_638|Muscat;
Musquette;query;place|GLOB_638|Muscat;
Musschat;query;place|GLOB_638|Muscat;
Laar;query;place|GLOB_64|Shahr-e Qadim-e Lar ;
Lar;query;place|GLOB_64|Shahr-e Qadim-e Lar ;
Lhaar;query;place|GLOB_64|Shahr-e Qadim-e Lar ;
Shahr-e Qadim-e Lar ;query;place|GLOB_64|Shahr-e Qadim-e Lar ;
Gunung Munara;query;place|GLOB_640|Gunung Munara;
Manara;query;place|GLOB_640|Gunung Munara;
Monara;query;place|GLOB_640|Gunung Munara;
Monarra;query;place|GLOB_640|Gunung Munara;
Moetapellij;query;place|GLOB_641|Motupalle;
Moetoepillij;query;place|GLOB_641|Motupalle;
Motupalle;query;place|GLOB_641|Motupalle;
Motupalli;query;place|GLOB_641|Motupalle;
Irian;query;place|GLOB_642|New Guinea;
New Guinea;query;place|GLOB_642|New Guinea;
Nieuw Guinea;query;place|GLOB_642|New Guinea;
Nieuw-Guinea;query;place|GLOB_642|New Guinea;
Niugini;query;place|GLOB_642|New Guinea;
Nova Guinea;query;place|GLOB_642|New Guinea;
Novo Guinea;query;place|GLOB_642|New Guinea;
Nugini;query;place|GLOB_642|New Guinea;
Papoea;query;place|GLOB_642|New Guinea;
Papua;query;place|GLOB_642|New Guinea;
Papuase eilanden;query;place|GLOB_642|New Guinea;
Tannapapoea;query;place|GLOB_642|New Guinea;
Neyla;query;place|GLOB_643|Pulau Nila;
Nhila;query;place|GLOB_643|Pulau Nila;
Niela;query;place|GLOB_643|Pulau Nila;
Niella;query;place|GLOB_643|Pulau Nila;
Nila;query;place|GLOB_643|Pulau Nila;
Nyla;query;place|GLOB_643|Pulau Nila;
Pulau Nila;query;place|GLOB_643|Pulau Nila;
Neliseram;query;place|GLOB_644|Nīleswaram;
Nilesaram;query;place|GLOB_644|Nīleswaram;
Nileswaram;query;place|GLOB_644|Nīleswaram;
Nisiram;query;place|GLOB_644|Nīleswaram;
Nīleswaram;query;place|GLOB_644|Nīleswaram;
Naimuti;query;place|GLOB_645|Noimuti;
Naymoetie;query;place|GLOB_645|Noimuti;
Naymuti;query;place|GLOB_645|Noimuti;
Noimuti;query;place|GLOB_645|Noimuti;
Cape Negrais;query;place|GLOB_646|Cape Negrais;
Naygrais;query;place|GLOB_646|Cape Negrais;
Negrais;query;place|GLOB_646|Cape Negrais;
Negras;query;place|GLOB_646|Cape Negrais;
Ade en Mantoetoe;query;place|GLOB_647|Manatutu;
Manatutu;query;place|GLOB_647|Manatutu;
Mantoete;query;place|GLOB_647|Manatutu;
Mantutu;query;place|GLOB_647|Manatutu;
Filippijnen;query;place|GLOB_648|Philippine Islands;
Philippine Islands;query;place|GLOB_648|Philippine Islands;
Philippines;query;place|GLOB_648|Philippine Islands;
Phillipines;query;place|GLOB_648|Philippine Islands;
Phillippines;query;place|GLOB_648|Philippine Islands;
Mandar;query;place|GLOB_649|Mandar;
Mandhaar;query;place|GLOB_649|Mandar;
Mandhar;query;place|GLOB_649|Mandar;
Lembo;query;place|GLOB_65|Lembo;
Lemboe;query;place|GLOB_65|Lembo;
Limboe;query;place|GLOB_65|Lembo;
Limbu;query;place|GLOB_65|Lembo;
Mocco Mocco;query;place|GLOB_650|Mukomuko;
Moucco Moucco;query;place|GLOB_650|Mukomuko;
Muko Muko;query;place|GLOB_650|Mukomuko;
Mukomuko;query;place|GLOB_650|Mukomuko;
Maubara;query;place|GLOB_651|Maubara;
Mobare;query;place|GLOB_651|Maubara;
Moaratambessie;query;place|GLOB_652|Muara Tembesi;
Mohara Tambessie;query;place|GLOB_652|Muara Tembesi;
Muara Tembesi;query;place|GLOB_652|Muara Tembesi;
Muaratembesi;query;place|GLOB_652|Muara Tembesi;
Batang Tembesi;query;place|GLOB_652_GEO_1|Batang Tembesi;
Tambessie;query;place|GLOB_652_GEO_1|Batang Tembesi;
Tembesi;query;place|GLOB_652_GEO_1|Batang Tembesi;
Moaratambessie;query;place|GLOB_652_HUM_1|Muara Tembesi;
Mohara Tambessie;query;place|GLOB_652_HUM_1|Muara Tembesi;
Muara Tembesi;query;place|GLOB_652_HUM_1|Muara Tembesi;
Muaratembesi;query;place|GLOB_652_HUM_1|Muara Tembesi;
Tambessie;query;place|GLOB_652_HUM_1|Muara Tembesi;
Tembesi;query;place|GLOB_652_HUM_1|Muara Tembesi;
De Mattarm;query;place|GLOB_654|Mataram (Indonesia);
Mataram;query;place|GLOB_654|Mataram (Indonesia);
Mataram (Indonesia);query;place|GLOB_654|Mataram (Indonesia);
Matarm;query;place|GLOB_654|Mataram (Indonesia);
Mattaram;query;place|GLOB_654|Mataram (Indonesia);
Mattarm;query;place|GLOB_654|Mataram (Indonesia);
Masan;query;place|GLOB_655|Masang;
Masang;query;place|GLOB_655|Masang;
Massang;query;place|GLOB_655|Masang;
Poedecerij;query;place|GLOB_656|Puducherry;
Poedechery;query;place|GLOB_656|Puducherry;
Pondicheri;query;place|GLOB_656|Puducherry;
Pondicherry;query;place|GLOB_656|Puducherry;
Pondichery;query;place|GLOB_656|Puducherry;
Pondichéry;query;place|GLOB_656|Puducherry;
Pondij;query;place|GLOB_656|Puducherry;
Pondycherry;query;place|GLOB_656|Puducherry;
Puducherry;query;place|GLOB_656|Puducherry;
Palcoer;query;place|GLOB_657|Paleoer;
Paleoer;query;place|GLOB_657|Paleoer;
Palkur;query;place|GLOB_657|Paleoer;
Poleoer;query;place|GLOB_657|Paleoer;
Poeleoer;query;place|GLOB_658|Puliyur;
Puliyur;query;place|GLOB_658|Puliyur;
Pulur;query;place|GLOB_658|Puliyur;
Pettapour;query;place|GLOB_660|Pithāpuram;
Pithapuram;query;place|GLOB_660|Pithāpuram;
Pithāpuram;query;place|GLOB_660|Pithāpuram;
Pitta Poer;query;place|GLOB_660|Pithāpuram;
Parsia;query;place|GLOB_661|Persia;
Percia;query;place|GLOB_661|Persia;
Persia;query;place|GLOB_661|Persia;
Perzië;query;place|GLOB_661|Persia;
Ponecayl;query;place|GLOB_662|Punnaikkayal;
Ponnecaijl;query;place|GLOB_662|Punnaikkayal;
Ponnecail;query;place|GLOB_662|Punnaikkayal;
Ponneceijl;query;place|GLOB_662|Punnaikkayal;
Ponnekail;query;place|GLOB_662|Punnaikkayal;
Ponnekayl;query;place|GLOB_662|Punnaikkayal;
Ponnocail;query;place|GLOB_662|Punnaikkayal;
Pundecail;query;place|GLOB_662|Punnaikkayal;
Punnaikkayal;query;place|GLOB_662|Punnaikkayal;
Punneikayal;query;place|GLOB_662|Punnaikkayal;
Oulaccam;query;place|GLOB_663|Ulakan;
Oulaccan;query;place|GLOB_663|Ulakan;
Oulax;query;place|GLOB_663|Ulakan;
Ulakan;query;place|GLOB_663|Ulakan;
Obi;query;place|GLOB_664|Pulau Obi;
Oeubi;query;place|GLOB_664|Pulau Obi;
Onbij;query;place|GLOB_664|Pulau Obi;
Oubij;query;place|GLOB_664|Pulau Obi;
Ouby;query;place|GLOB_664|Pulau Obi;
Pulau Obi;query;place|GLOB_664|Pulau Obi;
Patapahan;query;place|GLOB_665|Petapahan;
Patapan;query;place|GLOB_665|Petapahan;
Pattabahan;query;place|GLOB_665|Petapahan;
Pattapahan;query;place|GLOB_665|Petapahan;
Petapahan;query;place|GLOB_665|Petapahan;
Panday;query;place|GLOB_666|Pulau Pantar;
Pantar;query;place|GLOB_666|Pulau Pantar;
Pulau Pantar;query;place|GLOB_666|Pulau Pantar;
Gunung Penawangan;query;place|GLOB_667|Gunung Penawangan;
Panawangang;query;place|GLOB_667|Gunung Penawangan;
Penawungan, Gunung;query;place|GLOB_667|Gunung Penawangan;
Gunung Penawangan;query;place|GLOB_667_GEO_1|Gunung Penawangan;
Panawangang;query;place|GLOB_667_GEO_1|Gunung Penawangan;
Penawungan, Gunung;query;place|GLOB_667_GEO_1|Gunung Penawangan;
Gunung Penawangan;query;place|GLOB_667_HUM_1|Gunung Penawangan;
Panawangang;query;place|GLOB_667_HUM_1|Gunung Penawangan;
Penawungan, Gunung;query;place|GLOB_667_HUM_1|Gunung Penawangan;
Needamangalam;query;place|GLOB_668|Needamangalam;
Nidamangalam;query;place|GLOB_668|Needamangalam;
Nidan Magelan;query;place|GLOB_668|Needamangalam;
Radanegger;query;place|GLOB_669|Rādhānagar;
Radenagoor;query;place|GLOB_669|Rādhānagar;
Radhanagar;query;place|GLOB_669|Rādhānagar;
Rādhānagar;query;place|GLOB_669|Rādhānagar;
Manaar;query;place|GLOB_67|Mannar Island;
Manaer;query;place|GLOB_67|Mannar Island;
Manar;query;place|GLOB_67|Mannar Island;
Mannaar;query;place|GLOB_67|Mannar Island;
Mannar;query;place|GLOB_67|Mannar Island;
Mannar Island;query;place|GLOB_67|Mannar Island;
Poelicarro;query;place|GLOB_670|Pulikkakadavu;
Pollicarro;query;place|GLOB_670|Pulikkakadavu;
Pulikkakadavu;query;place|GLOB_670|Pulikkakadavu;
Poena;query;place|GLOB_671|Pune;
Poona;query;place|GLOB_671|Pune;
Pune;query;place|GLOB_671|Pune;
Boeroe;query;place|GLOB_672|Pulau Buru;
Boerom;query;place|GLOB_672|Pulau Buru;
Bouro;query;place|GLOB_672|Pulau Buru;
Buru;query;place|GLOB_672|Pulau Buru;
Buru, Pulau;query;place|GLOB_672|Pulau Buru;
Poeleboeroe;query;place|GLOB_672|Pulau Buru;
Pulau Buru;query;place|GLOB_672|Pulau Buru;
eylant Bouro;query;place|GLOB_672|Pulau Buru;
Piroe;query;place|GLOB_673|Piru;
Piru;query;place|GLOB_673|Piru;
Piroe;query;place|GLOB_673_GEO_1|Teluk Piru;
Piru;query;place|GLOB_673_GEO_1|Teluk Piru;
Teluk Piru;query;place|GLOB_673_GEO_1|Teluk Piru;
Piroe;query;place|GLOB_673_HUM_1|Piru;
Piru;query;place|GLOB_673_HUM_1|Piru;
Pikahoa;query;place|GLOB_674|Pikahoea;
Pikahoea;query;place|GLOB_674|Pikahoea;
Mangarai;query;place|GLOB_676|Manggarai;
Mangaray;query;place|GLOB_676|Manggarai;
Mangarij;query;place|GLOB_676|Manggarai;
Mangarry;query;place|GLOB_676|Manggarai;
Mangary;query;place|GLOB_676|Manggarai;
Mangerai;query;place|GLOB_676|Manggarai;
Mangeraij;query;place|GLOB_676|Manggarai;
Mangeray;query;place|GLOB_676|Manggarai;
Mangerey;query;place|GLOB_676|Manggarai;
Mangerij;query;place|GLOB_676|Manggarai;
Manggarai;query;place|GLOB_676|Manggarai;
Manggerai;query;place|GLOB_676|Manggarai;
Mangoray;query;place|GLOB_676|Manggarai;
Mangray;query;place|GLOB_676|Manggarai;
Manapaar;query;place|GLOB_677|Manappād;
Manapadu;query;place|GLOB_677|Manappād;
Manapaer;query;place|GLOB_677|Manappād;
Manapar;query;place|GLOB_677|Manappād;
Manapoar;query;place|GLOB_677|Manappād;
Manappād;query;place|GLOB_677|Manappād;
Mannapaar;query;place|GLOB_677|Manappād;
Mannapaer;query;place|GLOB_677|Manappād;
Mannepaar;query;place|GLOB_677|Manappād;
Mabaweda;query;place|GLOB_678|Weda;
Weda;query;place|GLOB_678|Weda;
Matesih;query;place|GLOB_679|Matesih;
Matesse;query;place|GLOB_679|Matesih;
Alam Minangkabau;query;place|GLOB_68|Alam Minangkabau;
Manicabo;query;place|GLOB_68|Alam Minangkabau;
Manincabo;query;place|GLOB_68|Alam Minangkabau;
Maning Cabo;query;place|GLOB_68|Alam Minangkabau;
Maningcabo;query;place|GLOB_68|Alam Minangkabau;
Menangkabwa;query;place|GLOB_68|Alam Minangkabau;
Minangkabau;query;place|GLOB_68|Alam Minangkabau;
Leitimor;query;place|GLOB_680|Semenanjung Laitimor;
Letjemor;query;place|GLOB_680|Semenanjung Laitimor;
Semenanjung Laitimor;query;place|GLOB_680|Semenanjung Laitimor;
Toelang Ikan;query;place|GLOB_681|Tulang Ikan;
Toelanikan;query;place|GLOB_681|Tulang Ikan;
Tulang Ikan;query;place|GLOB_681|Tulang Ikan;
Thrippunithura;query;place|GLOB_682|Tripunittura;
Tripontarre;query;place|GLOB_682|Tripunittura;
Tripunittura;query;place|GLOB_682|Tripunittura;
Toegoe;query;place|GLOB_683|Tugu;
Tugu;query;place|GLOB_683|Tugu;
Devipattanam;query;place|GLOB_684|Devipattinam;
Devipattinam;query;place|GLOB_684|Devipattinam;
Tewipatnam;query;place|GLOB_684|Devipattinam;
Pulau Tikus;query;place|GLOB_685|Pulau Tikus;
Tikus, Pulau;query;place|GLOB_685|Pulau Tikus;
Tiokos, Poelo;query;place|GLOB_685|Pulau Tikus;
Tegowanu;query;place|GLOB_686|Tegowanu;
Tigoewono;query;place|GLOB_686|Tegowanu;
Tigowanu;query;place|GLOB_686|Tegowanu;
Wayhale;query;place|GLOB_687|Wehali;
Waywiko Waihalé;query;place|GLOB_687|Wehali;
Wehali;query;place|GLOB_687|Wehali;
Vandavāsi;query;place|GLOB_688|Vandavāsi;
Wandawasch;query;place|GLOB_688|Vandavāsi;
Wandewaes;query;place|GLOB_688|Vandavāsi;
Wandiwash;query;place|GLOB_688|Vandavāsi;
Arangella;query;place|GLOB_689|Valluvanad;
Valliavattara;query;place|GLOB_689|Valluvanad;
Valluanatty;query;place|GLOB_689|Valluvanad;
Valluvanad;query;place|GLOB_689|Valluvanad;
Valluvanadu;query;place|GLOB_689|Valluvanad;
Villavattat;query;place|GLOB_689|Valluvanad;
Walianettij;query;place|GLOB_689|Valluvanad;
Walluanatte;query;place|GLOB_689|Valluvanad;
Waluanattij;query;place|GLOB_689|Valluvanad;
Waluwanattoe;query;place|GLOB_689|Valluvanad;
Maprana;query;place|GLOB_69|Maprana;
Mapranam;query;place|GLOB_69|Maprana;
Maprane;query;place|GLOB_69|Maprana;
Jayamkondacholapuram;query;place|GLOB_690|Jayamkondacholapuram;
Walecondapoeram;query;place|GLOB_690|Jayamkondacholapuram;
Vijayanagar;query;place|GLOB_691|Vizianagaram;
Visianagaram;query;place|GLOB_691|Vizianagaram;
Visianagarum;query;place|GLOB_691|Vizianagaram;
Vizianagaram;query;place|GLOB_691|Vizianagaram;
Siri-Sori;query;place|GLOB_692|Siri-Sori;
Sirijsorrij;query;place|GLOB_692|Siri-Sori;
Sirisori;query;place|GLOB_692|Siri-Sori;
Sorsorry;query;place|GLOB_692|Siri-Sori;
Chinsura;query;place|GLOB_693|Chunchura;
Chunchura;query;place|GLOB_693|Chunchura;
Sintsura;query;place|GLOB_693|Chunchura;
Sjunsora;query;place|GLOB_693|Chunchura;
Tjutjura;query;place|GLOB_693|Chunchura;
Tsunsiora;query;place|GLOB_693|Chunchura;
Samboang;query;place|GLOB_696|Zamboanga;
Samboanga;query;place|GLOB_696|Zamboanga;
Samboangan;query;place|GLOB_696|Zamboanga;
Sambouangen;query;place|GLOB_696|Zamboanga;
Zamboanga;query;place|GLOB_696|Zamboanga;
Siaco;query;place|GLOB_697|Sungai Siak;
Siak (rivier);query;place|GLOB_697|Sungai Siak;
Sungai Siak;query;place|GLOB_697|Sungai Siak;
Syac (rivier);query;place|GLOB_697|Sungai Siak;
Bayat;query;place|GLOB_698|Bayat;
Tambayat;query;place|GLOB_698|Bayat;
Tembajat;query;place|GLOB_698|Bayat;
Taboco;query;place|GLOB_699|Tahuna;
Taboekan;query;place|GLOB_699|Tahuna;
Taboucan;query;place|GLOB_699|Tahuna;
Tabukan;query;place|GLOB_699|Tahuna;
Tahuna;query;place|GLOB_699|Tahuna;
Taroenen;query;place|GLOB_699|Tahuna;
Taruna;query;place|GLOB_699|Tahuna;
Maprana;query;place|GLOB_69_HUM_1|Maprana;
Mapranam;query;place|GLOB_69_HUM_1|Maprana;
Maprane;query;place|GLOB_69_HUM_1|Maprana;
Maprana;query;place|GLOB_69_HUM_2|Maprana;
Mapranam;query;place|GLOB_69_HUM_2|Maprana;
Maprane;query;place|GLOB_69_HUM_2|Maprana;
Anchuthengu;query;place|GLOB_7|Anchuthengu;
Angengo;query;place|GLOB_7|Anchuthengu;
Anjengo;query;place|GLOB_7|Anchuthengu;
Anjengoa;query;place|GLOB_7|Anchuthengu;
Ansinga;query;place|GLOB_7|Anchuthengu;
Ansjenga;query;place|GLOB_7|Anchuthengu;
Ansjengee;query;place|GLOB_7|Anchuthengu;
Antsjenge;query;place|GLOB_7|Anchuthengu;
Carnapuli;query;place|GLOB_70|Karunagappally;
Karunagapalli;query;place|GLOB_70|Karunagappally;
Karunagappally;query;place|GLOB_70|Karunagappally;
Marta;query;place|GLOB_70|Karunagappally;
Martha, De;query;place|GLOB_70|Karunagappally;
Tappous;query;place|GLOB_700|Tapus;
Tappus;query;place|GLOB_700|Tapus;
Tapus;query;place|GLOB_700|Tapus;
Lau Tapus;query;place|GLOB_700_GEO_1|Lau Tapus;
Tappous;query;place|GLOB_700_GEO_1|Lau Tapus;
Tappus;query;place|GLOB_700_GEO_1|Lau Tapus;
Tapus;query;place|GLOB_700_GEO_1|Lau Tapus;
Tappous;query;place|GLOB_700_HUM_1|Tapus;
Tappus;query;place|GLOB_700_HUM_1|Tapus;
Tapus;query;place|GLOB_700_HUM_1|Tapus;
Tapanuli;query;place|GLOB_701|Tapanuli;
Tapianoelij;query;place|GLOB_701|Tapanuli;
Tappenoulie;query;place|GLOB_701|Tapanuli;
Tappianoelie;query;place|GLOB_701|Tapanuli;
Tapanuli;query;place|GLOB_701_GEO_1|Teluk Tapanuli;
Tapianoelij;query;place|GLOB_701_GEO_1|Teluk Tapanuli;
Tappenoulie;query;place|GLOB_701_GEO_1|Teluk Tapanuli;
Tappianoelie;query;place|GLOB_701_GEO_1|Teluk Tapanuli;
Teluk Tapanuli;query;place|GLOB_701_GEO_1|Teluk Tapanuli;
Tapanuli;query;place|GLOB_701_HUM_1|Tapanuli;
Tapianoelij;query;place|GLOB_701_HUM_1|Tapanuli;
Tappenoulie;query;place|GLOB_701_HUM_1|Tapanuli;
Tappianoelie;query;place|GLOB_701_HUM_1|Tapanuli;
Calewapho;query;place|GLOB_705|Callewaphoe;
Calleawaphoe;query;place|GLOB_705|Callewaphoe;
Callewaphoe;query;place|GLOB_705|Callewaphoe;
Callewaphu;query;place|GLOB_705|Callewaphoe;
Bandar-e Deylam;query;place|GLOB_706|Bandar-e Deylam;
Bender Delam;query;place|GLOB_706|Bandar-e Deylam;
Boelang Itam;query;place|GLOB_707|Bolangitang;
Bolang;query;place|GLOB_707|Bolangitang;
Bolang Hitam;query;place|GLOB_707|Bolangitang;
Bolangitang;query;place|GLOB_707|Bolangitang;
Bolaäng Hitam;query;place|GLOB_707|Bolangitang;
Bolaëng;query;place|GLOB_707|Bolangitang;
Boulang Itam;query;place|GLOB_707|Bolangitang;
Boulanghitam;query;place|GLOB_707|Bolangitang;
Bobbelij;query;place|GLOB_708|Bobbili;
Bobbili;query;place|GLOB_708|Bobbili;
Bobelie;query;place|GLOB_708|Bobbili;
Bhierbhoem;query;place|GLOB_709|Birbhum;
Bierboom;query;place|GLOB_709|Birbhum;
Birbhum;query;place|GLOB_709|Birbhum;
Maderen;query;place|GLOB_71|Matara (Sri Lanka);
Matara;query;place|GLOB_71|Matara (Sri Lanka);
Matara (Sri Lanka);query;place|GLOB_71|Matara (Sri Lanka);
Matere;query;place|GLOB_71|Matara (Sri Lanka);
Materen;query;place|GLOB_71|Matara (Sri Lanka);
Matturai;query;place|GLOB_71|Matara (Sri Lanka);
Matture;query;place|GLOB_71|Matara (Sri Lanka);
Mature;query;place|GLOB_71|Matara (Sri Lanka);
Maturea;query;place|GLOB_71|Matara (Sri Lanka);
Chettoa;query;place|GLOB_710|Chetwayi;
Chettua;query;place|GLOB_710|Chetwayi;
Chettuo;query;place|GLOB_710|Chetwayi;
Chettuvay;query;place|GLOB_710|Chetwayi;
Chettuwa;query;place|GLOB_710|Chetwayi;
Chetua;query;place|GLOB_710|Chetwayi;
Chetwai;query;place|GLOB_710|Chetwayi;
Chetway;query;place|GLOB_710|Chetwayi;
Chetwayi;query;place|GLOB_710|Chetwayi;
Chittua;query;place|GLOB_710|Chetwayi;
Citua;query;place|GLOB_710|Chetwayi;
Katua;query;place|GLOB_710|Chetwayi;
Kettoa;query;place|GLOB_710|Chetwayi;
Cawacatty;query;place|GLOB_711|Chavakkad;
Chavakkad;query;place|GLOB_711|Chavakkad;
Chavakkadu;query;place|GLOB_711|Chavakkad;
Chawecattij;query;place|GLOB_711|Chavakkad;
Chowghat;query;place|GLOB_711|Chavakkad;
Chandercoena;query;place|GLOB_712|Chandrakona;
Chandrakona;query;place|GLOB_712|Chandrakona;
S'jandercona;query;place|GLOB_712|Chandrakona;
Coealla Bidoor;query;place|GLOB_714|Sungai Bidor;
Coealla Bidor;query;place|GLOB_714|Sungai Bidor;
Kuala Bidur (rivier);query;place|GLOB_714|Sungai Bidor;
Sungai Bidor;query;place|GLOB_714|Sungai Bidor;
Chorasseen;query;place|GLOB_715|Khorasan Province;
Chorassoen;query;place|GLOB_715|Khorasan Province;
Khorasan;query;place|GLOB_715|Khorasan Province;
Khorasan Province;query;place|GLOB_715|Khorasan Province;
Cangiewaron;query;place|GLOB_716|Kanchipuram;
Canjewarom;query;place|GLOB_716|Kanchipuram;
Canjewaron;query;place|GLOB_716|Kanchipuram;
Cansjewarom;query;place|GLOB_716|Kanchipuram;
Conjeeveram;query;place|GLOB_716|Kanchipuram;
Conjivaram;query;place|GLOB_716|Kanchipuram;
Kanchipuram;query;place|GLOB_716|Kanchipuram;
Camper (rivier);query;place|GLOB_717|Sungai Kampar;
Kampar (rivier);query;place|GLOB_717|Sungai Kampar;
Sungai Kampar;query;place|GLOB_717|Sungai Kampar;
Caliwoengo;query;place|GLOB_718|Kaliwungu;
Caliwongo;query;place|GLOB_718|Kaliwungu;
Caliwongoe;query;place|GLOB_718|Kaliwungu;
Calliwongoe;query;place|GLOB_718|Kaliwungu;
Calwoengoe;query;place|GLOB_718|Kaliwungu;
Kaliwungu;query;place|GLOB_718|Kaliwungu;
Maderen;query;place|GLOB_71_HUM_1|Matara (Sri Lanka);
Matara;query;place|GLOB_71_HUM_1|Matara (Sri Lanka);
Matara (Sri Lanka);query;place|GLOB_71_HUM_1|Matara (Sri Lanka);
Matere;query;place|GLOB_71_HUM_1|Matara (Sri Lanka);
Materen;query;place|GLOB_71_HUM_1|Matara (Sri Lanka);
Matturai;query;place|GLOB_71_HUM_1|Matara (Sri Lanka);
Matture;query;place|GLOB_71_HUM_1|Matara (Sri Lanka);
Mature;query;place|GLOB_71_HUM_1|Matara (Sri Lanka);
Maturea;query;place|GLOB_71_HUM_1|Matara (Sri Lanka);
Maderen;query;place|GLOB_71_HUM_2|Matara (Sri Lanka);
Matara;query;place|GLOB_71_HUM_2|Matara (Sri Lanka);
Matara (Sri Lanka);query;place|GLOB_71_HUM_2|Matara (Sri Lanka);
Matere;query;place|GLOB_71_HUM_2|Matara (Sri Lanka);
Materen;query;place|GLOB_71_HUM_2|Matara (Sri Lanka);
Matturai;query;place|GLOB_71_HUM_2|Matara (Sri Lanka);
Matture;query;place|GLOB_71_HUM_2|Matara (Sri Lanka);
Mature;query;place|GLOB_71_HUM_2|Matara (Sri Lanka);
Maturea;query;place|GLOB_71_HUM_2|Matara (Sri Lanka);
Maderen;query;place|GLOB_71_HUM_3|Matara (Sri Lanka);
Matara;query;place|GLOB_71_HUM_3|Matara (Sri Lanka);
Matara (Sri Lanka);query;place|GLOB_71_HUM_3|Matara (Sri Lanka);
Matere;query;place|GLOB_71_HUM_3|Matara (Sri Lanka);
Materen;query;place|GLOB_71_HUM_3|Matara (Sri Lanka);
Matturai;query;place|GLOB_71_HUM_3|Matara (Sri Lanka);
Matture;query;place|GLOB_71_HUM_3|Matara (Sri Lanka);
Mature;query;place|GLOB_71_HUM_3|Matara (Sri Lanka);
Maturea;query;place|GLOB_71_HUM_3|Matara (Sri Lanka);
Carangouly;query;place|GLOB_720|Karunguli;
Carnigoely Palem;query;place|GLOB_720|Karunguli;
Carringoedie Palium;query;place|GLOB_720|Karunguli;
Karunguli;query;place|GLOB_720|Karunguli;
Caricamabaath;query;place|GLOB_721|Karimabad;
Cariem Abaad;query;place|GLOB_721|Karimabad;
Cariemabaath;query;place|GLOB_721|Karimabad;
Cariemabath;query;place|GLOB_721|Karimabad;
Carriem Abaat;query;place|GLOB_721|Karimabad;
Carriem-abath;query;place|GLOB_721|Karimabad;
Karimabad;query;place|GLOB_721|Karimabad;
Ayyampettai;query;place|GLOB_722|Ayyampettai;
Acapulco;query;place|GLOB_723|Acapulco de Juárez;
Acapulco de Juárez;query;place|GLOB_723|Acapulco de Juárez;
Aquapulco;query;place|GLOB_723|Acapulco de Juárez;
Basingh;query;place|GLOB_724|Vasai;
Bassein;query;place|GLOB_724|Vasai;
Bassijn;query;place|GLOB_724|Vasai;
Bassing;query;place|GLOB_724|Vasai;
Bassyn;query;place|GLOB_724|Vasai;
Vasai;query;place|GLOB_724|Vasai;
Badagara;query;place|GLOB_726|Badagara;
Bargare;query;place|GLOB_726|Badagara;
Bargaree;query;place|GLOB_726|Badagara;
Bebahan;query;place|GLOB_727|Behbahan;
Behbahan;query;place|GLOB_727|Behbahan;
Behbehan;query;place|GLOB_727|Behbahan;
Batang Tiga;query;place|GLOB_728|Kampung Batang Tiga;
Batantiga;query;place|GLOB_728|Kampung Batang Tiga;
Battantiga;query;place|GLOB_728|Kampung Batang Tiga;
Battatiga;query;place|GLOB_728|Kampung Batang Tiga;
Kampung Batang Tiga;query;place|GLOB_728|Kampung Batang Tiga;
Batamcapas;query;place|GLOB_729|Batang Kapas;
Batancapas;query;place|GLOB_729|Batang Kapas;
Batang Kapas;query;place|GLOB_729|Batang Kapas;
Batangcapas;query;place|GLOB_729|Batang Kapas;
Battang Capas;query;place|GLOB_729|Batang Kapas;
Kyoto;query;place|GLOB_73|Kyoto;
Miacco;query;place|GLOB_73|Kyoto;
Miaco;query;place|GLOB_73|Kyoto;
Miako;query;place|GLOB_73|Kyoto;
Miyako;query;place|GLOB_73|Kyoto;
京都;query;place|GLOB_73|Kyoto;
Bagoegede;query;place|GLOB_730|Batugade;
Batoe Geddie;query;place|GLOB_730|Batugade;
Batugade;query;place|GLOB_730|Batugade;
Caauwa;query;place|GLOB_731|Kawa;
Cauwo, bogt van;query;place|GLOB_731|Kawa;
Kawa;query;place|GLOB_731|Kawa;
Kawa, bocht van;query;place|GLOB_731|Kawa;
Chandernagore, Klein;query;place|GLOB_732|Kaksiale;
Kaksiale;query;place|GLOB_732|Kaksiale;
Kleen Chandernagoor;query;place|GLOB_732|Kaksiale;
Caduatta;query;place|GLOB_733|Caduatte-corle;
Caduatte;query;place|GLOB_733|Caduatte-corle;
Caduatte-corle;query;place|GLOB_733|Caduatte-corle;
Kadawatte;query;place|GLOB_733|Caduatte-corle;
Kadawatu;query;place|GLOB_733|Caduatte-corle;
Hoti;query;place|GLOB_734|Hoti (river);
Hoti (river);query;place|GLOB_734|Hoti (river);
Hotty;query;place|GLOB_734|Hoti (river);
Hoetemoeri;query;place|GLOB_735|Hutumuri;
Hoetoemoerie;query;place|GLOB_735|Hutumuri;
Hoetoemoerij;query;place|GLOB_735|Hutumuri;
Hoetoemorij;query;place|GLOB_735|Hutumuri;
Hoetoumoery;query;place|GLOB_735|Hutumuri;
Hottomoury;query;place|GLOB_735|Hutumuri;
Hutumuri;query;place|GLOB_735|Hutumuri;
Otemoery;query;place|GLOB_735|Hutumuri;
Lam pond;query;place|GLOB_736|Lampung;
Lampon;query;place|GLOB_736|Lampung;
Lampong;query;place|GLOB_736|Lampung;
Lampongs;query;place|GLOB_736|Lampung;
Lampongse districten;query;place|GLOB_736|Lampung;
Lampung;query;place|GLOB_736|Lampung;
Larantaka;query;place|GLOB_737|Larantuka;
Larantuka;query;place|GLOB_737|Larantuka;
Larantukas;query;place|GLOB_737|Larantuka;
Larentocke;query;place|GLOB_737|Larantuka;
Larentoek;query;place|GLOB_737|Larantuka;
Larentoeke;query;place|GLOB_737|Larantuka;
Larentuque;query;place|GLOB_737|Larantuka;
Dhaniakhali;query;place|GLOB_738|Dhanīakhāli;
Dhanīakhāli;query;place|GLOB_738|Dhanīakhāli;
Dhinniachalij;query;place|GLOB_738|Dhanīakhāli;
Eremera;query;place|GLOB_739|Ermera;
Ermera;query;place|GLOB_739|Ermera;
Al Mukha;query;place|GLOB_74|Mocha;
Mocca;query;place|GLOB_74|Mocha;
Mocha;query;place|GLOB_74|Mocha;
Mocka;query;place|GLOB_74|Mocha;
Moka;query;place|GLOB_74|Mocha;
Mokha;query;place|GLOB_74|Mocha;
Mokka;query;place|GLOB_74|Mocha;
Haripal;query;place|GLOB_740|Haripal;
Herriapaal;query;place|GLOB_740|Haripal;
Dasht-e Bar;query;place|GLOB_741|Dashtestān;
Dashtestān;query;place|GLOB_741|Dashtestān;
Desictan;query;place|GLOB_741|Dashtestān;
Desistan;query;place|GLOB_741|Dashtestān;
Danda Rajapur;query;place|GLOB_742|Danda-Rajpuri;
Danda-Rajpuri;query;place|GLOB_742|Danda-Rajpuri;
Denda-rajapoer;query;place|GLOB_742|Danda-Rajpuri;
Dendarayapoer;query;place|GLOB_742|Danda-Rajpuri;
Dendarayapour;query;place|GLOB_742|Danda-Rajpuri;
Dende Rajapour;query;place|GLOB_742|Danda-Rajpuri;
Denderagiepour;query;place|GLOB_742|Danda-Rajpuri;
Ceram;query;place|GLOB_744|Seram Island;
Groot-Ceram;query;place|GLOB_744|Seram Island;
Seram;query;place|GLOB_744|Seram Island;
Seram Island;query;place|GLOB_744|Seram Island;
Geria;query;place|GLOB_745|Vijayadurg;
Gheria Vijayadurg;query;place|GLOB_745|Vijayadurg;
Gueria;query;place|GLOB_745|Vijayadurg;
Vijayadurg;query;place|GLOB_745|Vijayadurg;
Bandar-e Genāveh;query;place|GLOB_746|Bandar-e Genāveh;
Ganaveh;query;place|GLOB_746|Bandar-e Genāveh;
Ghinova;query;place|GLOB_746|Bandar-e Genāveh;
Basclan;query;place|GLOB_747|Basilan Island;
Basilan;query;place|GLOB_747|Basilan Island;
Basilan Island;query;place|GLOB_747|Basilan Island;
Bancok;query;place|GLOB_748|Bangkok;
Bangkok;query;place|GLOB_748|Bangkok;
Bankock;query;place|GLOB_748|Bangkok;
Bankok;query;place|GLOB_748|Bangkok;
Bankoq;query;place|GLOB_748|Bangkok;
Amahai;query;place|GLOB_751|Amahai;
Amahaij;query;place|GLOB_751|Amahai;
Amahey;query;place|GLOB_751|Amahai;
Ammahay;query;place|GLOB_751|Amahai;
Ammahey;query;place|GLOB_751|Amahai;
Achttienenhalve dorpen;query;place|GLOB_752|Pappinivattom;
Paponette;query;place|GLOB_752|Pappinivattom;
Paponettij;query;place|GLOB_752|Pappinivattom;
Paponetty;query;place|GLOB_752|Pappinivattom;
Pappinivattam;query;place|GLOB_752|Pappinivattom;
Pappinivattom;query;place|GLOB_752|Pappinivattom;
Papponettij;query;place|GLOB_752|Pappinivattom;
Poponettij;query;place|GLOB_752|Pappinivattom;
Arcadoe;query;place|GLOB_753|Arcot;
Arcadu;query;place|GLOB_753|Arcot;
Arcot;query;place|GLOB_753|Arcot;
Aricadoe;query;place|GLOB_753|Arcot;
Arkadoe;query;place|GLOB_753|Arcot;
Arkadu;query;place|GLOB_753|Arcot;
Ambelau;query;place|GLOB_754|Pulau Ambelau;
Amblaauw;query;place|GLOB_754|Pulau Ambelau;
Amblau;query;place|GLOB_754|Pulau Ambelau;
Amblauw;query;place|GLOB_754|Pulau Ambelau;
Pulau Ambelau;query;place|GLOB_754|Pulau Ambelau;
Pamban Channel ;query;place|GLOB_756|Pāmban Channel;
Pamban, Engte van;query;place|GLOB_756|Pāmban Channel;
Pamban, nauw van;query;place|GLOB_756|Pāmban Channel;
Pambanar (Straat van);query;place|GLOB_756|Pāmban Channel;
Pambenaar (Straat van);query;place|GLOB_756|Pāmban Channel;
Pāmban Channel;query;place|GLOB_756|Pāmban Channel;
kanaal van Pambenaar;query;place|GLOB_756|Pāmban Channel;
naau van Pembenaar;query;place|GLOB_756|Pāmban Channel;
Pamacassan;query;place|GLOB_757|Pamekasan;
Pamakasan;query;place|GLOB_757|Pamekasan;
Pamakassan;query;place|GLOB_757|Pamekasan;
Pamekasan;query;place|GLOB_757|Pamekasan;
Pamacassan;query;place|GLOB_757_HUM_1|Pamekasan;
Pamakasan;query;place|GLOB_757_HUM_1|Pamekasan;
Pamakassan;query;place|GLOB_757_HUM_1|Pamekasan;
Pamekasan;query;place|GLOB_757_HUM_1|Pamekasan;
Pamacassan;query;place|GLOB_757_HUM_2|Pamekasan;
Pamakasan;query;place|GLOB_757_HUM_2|Pamekasan;
Pamakassan;query;place|GLOB_757_HUM_2|Pamekasan;
Pamekasan;query;place|GLOB_757_HUM_2|Pamekasan;
Narasapur;query;place|GLOB_76|Narasapur;
Narsapoer;query;place|GLOB_76|Narasapur;
Narsapour;query;place|GLOB_76|Narasapur;
Narsapourpeta;query;place|GLOB_76|Narasapur;
Narsapur;query;place|GLOB_76|Narasapur;
Palakollu;query;place|GLOB_760|Palakollu;
Palicol;query;place|GLOB_760|Palakollu;
Palikol;query;place|GLOB_760|Palakollu;
Palliacol;query;place|GLOB_760|Palakollu;
Moeta Pilly;query;place|GLOB_763|Motupalle;
Motupalle;query;place|GLOB_763|Motupalle;
Muttupilly;query;place|GLOB_763|Motupalle;
Moeroettoe;query;place|GLOB_764|Moratuwa;
Moratuwa;query;place|GLOB_764|Moratuwa;
Masoal;query;place|GLOB_765|Misool Island;
Misool;query;place|GLOB_765|Misool Island;
Misool Island;query;place|GLOB_765|Misool Island;
Misoöl;query;place|GLOB_765|Misool Island;
Mixoal;query;place|GLOB_765|Misool Island;
Noorwegen;query;place|GLOB_766|Đảo Long Châu;
Voorweegen;query;place|GLOB_766|Đảo Long Châu;
Đảo Long Châu;query;place|GLOB_766|Đảo Long Châu;
Coromandel Noord;query;place|GLOB_767|North Coromandel;
Noord-Coromandel;query;place|GLOB_767|North Coromandel;
North Coromandel;query;place|GLOB_767|North Coromandel;
Nausalamo;query;place|GLOB_768|Pulau Nusalaut;
Noesalaut;query;place|GLOB_768|Pulau Nusalaut;
Nusa Laut;query;place|GLOB_768|Pulau Nusalaut;
Nusalaut;query;place|GLOB_768|Pulau Nusalaut;
Nussalaut;query;place|GLOB_768|Pulau Nusalaut;
Nussalauwt;query;place|GLOB_768|Pulau Nusalaut;
Nussalout;query;place|GLOB_768|Pulau Nusalaut;
Nusu Laut;query;place|GLOB_768|Pulau Nusalaut;
Pulau Nusalaut;query;place|GLOB_768|Pulau Nusalaut;
Ambeno;query;place|GLOB_769|Oecusse;
Oecusse;query;place|GLOB_769|Oecusse;
Oeykoessi;query;place|GLOB_769|Oecusse;
Oeykoessy;query;place|GLOB_769|Oecusse;
Banda Neira;query;place|GLOB_77|Banda Neira;
Banda-Neira;query;place|GLOB_77|Banda Neira;
Bandanaira;query;place|GLOB_77|Banda Neira;
Neijera;query;place|GLOB_77|Banda Neira;
Neijra;query;place|GLOB_77|Banda Neira;
Neira;query;place|GLOB_77|Banda Neira;
Nera;query;place|GLOB_77|Banda Neira;
Neyra;query;place|GLOB_77|Banda Neira;
Oeva;query;place|GLOB_770|Uva;
Ouva;query;place|GLOB_770|Uva;
Uva;query;place|GLOB_770|Uva;
Naayidy Pilly;query;place|GLOB_771|Naayidy pilly;
Naayidy pilly;query;place|GLOB_771|Naayidy pilly;
Nagapaayidy Pilly;query;place|GLOB_771|Naayidy pilly;
Nayodipilli;query;place|GLOB_771|Naayidy pilly;
Tandjung Poetoes;query;place|GLOB_773|Tanjung Putus;
Tanjong Poetoes;query;place|GLOB_773|Tanjung Putus;
Tanjung Putus;query;place|GLOB_773|Tanjung Putus;
Tandjung Poetoes;query;place|GLOB_773_GEO_1|Tanjung Putus;
Tanjong Poetoes;query;place|GLOB_773_GEO_1|Tanjung Putus;
Tanjung Putus;query;place|GLOB_773_GEO_1|Tanjung Putus;
Tandjung Poetoes;query;place|GLOB_773_HUM_1|Tanjung Putus;
Tanjong Poetoes;query;place|GLOB_773_HUM_1|Tanjung Putus;
Tanjung Putus;query;place|GLOB_773_HUM_1|Tanjung Putus;
Sidoardjo;query;place|GLOB_775|Sidoarjo;
Sidoarjo;query;place|GLOB_775|Sidoarjo;
Sidoarju;query;place|GLOB_775|Sidoarjo;
Manialha;query;place|GLOB_777|Manila;
Manila;query;place|GLOB_777|Manila;
Manilha;query;place|GLOB_777|Manila;
Manilha's;query;place|GLOB_777|Manila;
Manilla;query;place|GLOB_777|Manila;
Manillas;query;place|GLOB_777|Manila;
Mannilla;query;place|GLOB_777|Manila;
Curia Muria;query;place|GLOB_778|Kuria Muria;
Kuria Muria;query;place|GLOB_778|Kuria Muria;
Curia Muria;query;place|GLOB_778_GEO_1|Kuria Muria Bay;
Kuria Muria;query;place|GLOB_778_GEO_1|Kuria Muria Bay;
Kuria Muria Bay;query;place|GLOB_778_GEO_1|Kuria Muria Bay;
Curia Muria;query;place|GLOB_778_GEO_2|Khuriya Muriya Islands;
Khuriya Muriya Islands;query;place|GLOB_778_GEO_2|Khuriya Muriya Islands;
Kuria Muria;query;place|GLOB_778_GEO_2|Khuriya Muriya Islands;
Carbaffa;query;place|GLOB_779|Korbaffo;
Curbaffa;query;place|GLOB_779|Korbaffo;
Curbattoe;query;place|GLOB_779|Korbaffo;
Korbaffo;query;place|GLOB_779|Korbaffo;
Korbafo;query;place|GLOB_779|Korbaffo;
Ambon Oerien;query;place|GLOB_78|Uring (Ambon);
Ambon Ourien;query;place|GLOB_78|Uring (Ambon);
Oering;query;place|GLOB_78|Uring (Ambon);
Ourien, Ambon;query;place|GLOB_78|Uring (Ambon);
Oury;query;place|GLOB_78|Uring (Ambon);
Uring;query;place|GLOB_78|Uring (Ambon);
Uring (Ambon);query;place|GLOB_78|Uring (Ambon);
Gazipoer;query;place|GLOB_784|Ghazīpur;
Gazipur;query;place|GLOB_784|Ghazīpur;
Ghazipur;query;place|GLOB_784|Ghazīpur;
Ghazīpur;query;place|GLOB_784|Ghazīpur;
Foja;query;place|GLOB_785|Foya;
Foya;query;place|GLOB_785|Foya;
Goemanio;query;place|GLOB_786|Pulau Gommu;
Gomumu;query;place|GLOB_786|Pulau Gommu;
Pulau Gommu;query;place|GLOB_786|Pulau Gommu;
Drie en Vier Corles;query;place|GLOB_787|Three and Four korales;
Drie en Vier Korala;query;place|GLOB_787|Three and Four korales;
Three and Four korales;query;place|GLOB_787|Three and Four korales;
Boangbessy;query;place|GLOB_79|Pulau Haruku;
Haroeke;query;place|GLOB_79|Pulau Haruku;
Haroeko;query;place|GLOB_79|Pulau Haruku;
Haroekoe;query;place|GLOB_79|Pulau Haruku;
Harouko;query;place|GLOB_79|Pulau Haruku;
Haruku;query;place|GLOB_79|Pulau Haruku;
Oma;query;place|GLOB_79|Pulau Haruku;
Oma eiland;query;place|GLOB_79|Pulau Haruku;
Pulau Haruku;query;place|GLOB_79|Pulau Haruku;
Bhay Bongoes;query;place|GLOB_790|Teluk Bungus;
Bongos;query;place|GLOB_790|Teluk Bungus;
Bongus, baai van;query;place|GLOB_790|Teluk Bungus;
Teluk Bungus;query;place|GLOB_790|Teluk Bungus;
Bocaaij;query;place|GLOB_791|Bokai;
Bocaij;query;place|GLOB_791|Bokai;
Bocais;query;place|GLOB_791|Bokai;
Bokaaij;query;place|GLOB_791|Bokai;
Bokai;query;place|GLOB_791|Bokai;
Bokaij;query;place|GLOB_791|Bokai;
Batacala;query;place|GLOB_793|Batticaloa;
Batecalou;query;place|GLOB_793|Batticaloa;
Baticaloa;query;place|GLOB_793|Batticaloa;
Batikalao;query;place|GLOB_793|Batticaloa;
Battacaloa;query;place|GLOB_793|Batticaloa;
Batticalao;query;place|GLOB_793|Batticaloa;
Batticalo;query;place|GLOB_793|Batticaloa;
Batticaloa;query;place|GLOB_793|Batticaloa;
Batticoloa;query;place|GLOB_793|Batticaloa;
Battikaloa;query;place|GLOB_793|Batticaloa;
Matecalo;query;place|GLOB_793|Batticaloa;
Batacala;query;place|GLOB_793_HUM_1|Batticaloa;
Batecalou;query;place|GLOB_793_HUM_1|Batticaloa;
Baticaloa;query;place|GLOB_793_HUM_1|Batticaloa;
Batikalao;query;place|GLOB_793_HUM_1|Batticaloa;
Battacaloa;query;place|GLOB_793_HUM_1|Batticaloa;
Batticalao;query;place|GLOB_793_HUM_1|Batticaloa;
Batticalo;query;place|GLOB_793_HUM_1|Batticaloa;
Batticaloa;query;place|GLOB_793_HUM_1|Batticaloa;
Batticoloa;query;place|GLOB_793_HUM_1|Batticaloa;
Battikaloa;query;place|GLOB_793_HUM_1|Batticaloa;
Matecalo;query;place|GLOB_793_HUM_1|Batticaloa;
Batacala;query;place|GLOB_793_HUM_2|Batticaloa Fort;
Batecalou;query;place|GLOB_793_HUM_2|Batticaloa Fort;
Baticaloa;query;place|GLOB_793_HUM_2|Batticaloa Fort;
Batikalao;query;place|GLOB_793_HUM_2|Batticaloa Fort;
Battacaloa;query;place|GLOB_793_HUM_2|Batticaloa Fort;
Batticalao;query;place|GLOB_793_HUM_2|Batticaloa Fort;
Batticalo;query;place|GLOB_793_HUM_2|Batticaloa Fort;
Batticaloa;query;place|GLOB_793_HUM_2|Batticaloa Fort;
Batticaloa Fort;query;place|GLOB_793_HUM_2|Batticaloa Fort;
Batticoloa;query;place|GLOB_793_HUM_2|Batticaloa Fort;
Battikaloa;query;place|GLOB_793_HUM_2|Batticaloa Fort;
Matecalo;query;place|GLOB_793_HUM_2|Batticaloa Fort;
Batacala;query;place|GLOB_793_HUM_3|Batticaloa;
Batecalou;query;place|GLOB_793_HUM_3|Batticaloa;
Baticaloa;query;place|GLOB_793_HUM_3|Batticaloa;
Batikalao;query;place|GLOB_793_HUM_3|Batticaloa;
Battacaloa;query;place|GLOB_793_HUM_3|Batticaloa;
Batticalao;query;place|GLOB_793_HUM_3|Batticaloa;
Batticalo;query;place|GLOB_793_HUM_3|Batticaloa;
Batticaloa;query;place|GLOB_793_HUM_3|Batticaloa;
Batticoloa;query;place|GLOB_793_HUM_3|Batticaloa;
Battikaloa;query;place|GLOB_793_HUM_3|Batticaloa;
Matecalo;query;place|GLOB_793_HUM_3|Batticaloa;
Banchang;query;place|GLOB_794|Batsjang;
Batsjang;query;place|GLOB_794|Batsjang;
Bengal;query;place|GLOB_796|Bengal;
Bengala;query;place|GLOB_796|Bengal;
Bengale;query;place|GLOB_796|Bengal;
Bengalen;query;place|GLOB_796|Bengal;
Campar;query;place|GLOB_798|Kampar;
Campher;query;place|GLOB_798|Kampar;
Camphor;query;place|GLOB_798|Kampar;
Kampar;query;place|GLOB_798|Kampar;
Caleture;query;place|GLOB_799|Kalutara;
Calitura;query;place|GLOB_799|Kalutara;
Caliture;query;place|GLOB_799|Kalutara;
Calituro;query;place|GLOB_799|Kalutara;
Calituure;query;place|GLOB_799|Kalutara;
Calteren;query;place|GLOB_799|Kalutara;
Calture;query;place|GLOB_799|Kalutara;
Kaltere;query;place|GLOB_799|Kalutara;
Kalutara;query;place|GLOB_799|Kalutara;
Aroe;query;place|GLOB_8|Pulau Wokam;
Arou;query;place|GLOB_8|Pulau Wokam;
Arouw;query;place|GLOB_8|Pulau Wokam;
Aru;query;place|GLOB_8|Pulau Wokam;
Pulau Wokam;query;place|GLOB_8|Pulau Wokam;
Wokam;query;place|GLOB_8|Pulau Wokam;
Wokan;query;place|GLOB_8|Pulau Wokam;
Ceijlan;query;place|GLOB_800|Sri Lanka;
Ceijlon;query;place|GLOB_800|Sri Lanka;
Ceilon;query;place|GLOB_800|Sri Lanka;
Ceylan;query;place|GLOB_800|Sri Lanka;
Ceylon;query;place|GLOB_800|Sri Lanka;
Cheylon;query;place|GLOB_800|Sri Lanka;
Cijlon;query;place|GLOB_800|Sri Lanka;
Cylon;query;place|GLOB_800|Sri Lanka;
Seylon;query;place|GLOB_800|Sri Lanka;
Sri Lanka;query;place|GLOB_800|Sri Lanka;
Zeylan;query;place|GLOB_800|Sri Lanka;
Caeb Materaca;query;place|GLOB_802|Ra’s al Madrakah;
Ras Madrakah;query;place|GLOB_802|Ra’s al Madrakah;
Ra’s al Madrakah;query;place|GLOB_802|Ra’s al Madrakah;
Caab Moelo;query;place|GLOB_803|Caab Moelo;
Kaap Moelo;query;place|GLOB_803|Caab Moelo;
Suadon;query;place|GLOB_803|Caab Moelo;
Kota Agung;query;place|GLOB_805|Kota Agung;
Kotaagung;query;place|GLOB_805|Kota Agung;
Lampon Samanca;query;place|GLOB_805|Kota Agung;
Lampong Samanca;query;place|GLOB_805|Kota Agung;
Lampong Samangka;query;place|GLOB_805|Kota Agung;
Lampong Semangka;query;place|GLOB_805|Kota Agung;
Calamba;query;place|GLOB_806|Colombo;
Colombe;query;place|GLOB_806|Colombo;
Colombo;query;place|GLOB_806|Colombo;
Columbo;query;place|GLOB_806|Colombo;
Kolombo;query;place|GLOB_806|Colombo;
Lethie;query;place|GLOB_810|Pulau Leti;
Lethij;query;place|GLOB_810|Pulau Leti;
Lethy;query;place|GLOB_810|Pulau Leti;
Leti;query;place|GLOB_810|Pulau Leti;
Letij;query;place|GLOB_810|Pulau Leti;
Letthy;query;place|GLOB_810|Pulau Leti;
Lety;query;place|GLOB_810|Pulau Leti;
Pulau Leti;query;place|GLOB_810|Pulau Leti;
Loeka;query;place|GLOB_812|Luca;
Luca;query;place|GLOB_812|Luca;
Bastion Holland;query;place|GLOB_813|Bastion Holland;
Holland (bolwerk te Cochin);query;place|GLOB_813|Bastion Holland;
Hollandia;query;place|GLOB_813|Bastion Holland;
Hina Corle;query;place|GLOB_814|Hina Korale;
Hina Korala;query;place|GLOB_814|Hina Korale;
Hina Korale;query;place|GLOB_814|Hina Korale;
Hina Korle;query;place|GLOB_814|Hina Korale;
Hewagam Korala;query;place|GLOB_815|Hewagama;
Hewagam Korale;query;place|GLOB_815|Hewagama;
Hewagama;query;place|GLOB_815|Hewagama;
Hewegam Corla;query;place|GLOB_815|Hewagama;
Hewegam Korle;query;place|GLOB_815|Hewagama;
East Indies;query;place|GLOB_816|East Indies;
India;query;place|GLOB_816|East Indies;
Indië;query;place|GLOB_816|East Indies;
Indië (Indonesië);query;place|GLOB_816|East Indies;
Haasespruit;query;place|GLOB_819|Hazenspruit;
Hazenspruit;query;place|GLOB_819|Hazenspruit;
Paleacate;query;place|GLOB_82|Pulicat;
Paleacatta;query;place|GLOB_82|Pulicat;
Paleacatte;query;place|GLOB_82|Pulicat;
Paliacate;query;place|GLOB_82|Pulicat;
Paliacatta;query;place|GLOB_82|Pulicat;
Paliacatte;query;place|GLOB_82|Pulicat;
Paliakata;query;place|GLOB_82|Pulicat;
Paliakatta;query;place|GLOB_82|Pulicat;
Palleacatte;query;place|GLOB_82|Pulicat;
Palliacatta;query;place|GLOB_82|Pulicat;
Palliacatte;query;place|GLOB_82|Pulicat;
Pellacata;query;place|GLOB_82|Pulicat;
Pleacatta;query;place|GLOB_82|Pulicat;
Pulicat;query;place|GLOB_82|Pulicat;
Hapitagama;query;place|GLOB_820|Hapitagama;
Happitagam Corle ;query;place|GLOB_820|Hapitagama;
Happitigam Korala;query;place|GLOB_820|Hapitagama;
Happittigam Corle;query;place|GLOB_820|Hapitagama;
Happittigam Korale ;query;place|GLOB_820|Hapitagama;
Darmaijoe;query;place|GLOB_821|Indramayu;
Indarmayo;query;place|GLOB_821|Indramayu;
Indramaijoe;query;place|GLOB_821|Indramayu;
Indramajoe;query;place|GLOB_821|Indramayu;
Indramaju;query;place|GLOB_821|Indramayu;
Indramayo;query;place|GLOB_821|Indramayu;
Indramayoe;query;place|GLOB_821|Indramayu;
Indramayou;query;place|GLOB_821|Indramayu;
Indramayu;query;place|GLOB_821|Indramayu;
Indrameijoe;query;place|GLOB_821|Indramayu;
Indramijoe;query;place|GLOB_821|Indramayu;
Cangiang;query;place|GLOB_823|Pulau Kangean;
Cangiangh;query;place|GLOB_823|Pulau Kangean;
Kangean;query;place|GLOB_823|Pulau Kangean;
Kangiang;query;place|GLOB_823|Pulau Kangean;
Kangiangh;query;place|GLOB_823|Pulau Kangean;
Kangéan;query;place|GLOB_823|Pulau Kangean;
Pulau Kangean;query;place|GLOB_823|Pulau Kangean;
Deccan;query;place|GLOB_826|Deccan (India);
Deccan (India);query;place|GLOB_826|Deccan (India);
Dekhan;query;place|GLOB_826|Deccan (India);
Dheccan;query;place|GLOB_826|Deccan (India);
Deccan;query;place|GLOB_826_GEO_1|Deccan plateau (India);
Deccan plateau (India);query;place|GLOB_826_GEO_1|Deccan plateau (India);
Dekhan;query;place|GLOB_826_GEO_1|Deccan plateau (India);
Dheccan;query;place|GLOB_826_GEO_1|Deccan plateau (India);
Deccan;query;place|GLOB_826_HUM_1|Deccan province (Mughal India);
Deccan province (Mughal India);query;place|GLOB_826_HUM_1|Deccan province (Mughal India);
Dekhan;query;place|GLOB_826_HUM_1|Deccan province (Mughal India);
Dheccan;query;place|GLOB_826_HUM_1|Deccan province (Mughal India);
Goa;query;place|GLOB_827|Goa (India);
Goa (India);query;place|GLOB_827|Goa (India);
Java;query;place|GLOB_828|Java;
David, fort St;query;place|GLOB_829|Fort Saint David;
Fort Saint David;query;place|GLOB_829|Fort Saint David;
St. David;query;place|GLOB_829|Fort Saint David;
Pamban;query;place|GLOB_83|Pāmban Island;
Pambe;query;place|GLOB_83|Pāmban Island;
Pambenaar;query;place|GLOB_83|Pāmban Island;
Pāmban Island;query;place|GLOB_83|Pāmban Island;
Rameswaram;query;place|GLOB_83|Pāmban Island;
Rameswaram Island;query;place|GLOB_83|Pāmban Island;
Rammenacoil;query;place|GLOB_83|Pāmban Island;
Bukittinggi (Indonesia);query;place|GLOB_831|Bukittinggi (Indonesia);
Fort de Kock;query;place|GLOB_831|Bukittinggi (Indonesia);
Timor;query;place|GLOB_832|Timor Island;
Timor Island;query;place|GLOB_832|Timor Island;
Lampong Toelang Bauwang;query;place|GLOB_833|Tulang Bawang;
Lampong Toulang Bauang;query;place|GLOB_833|Tulang Bawang;
Lampong Toulang Bauwang;query;place|GLOB_833|Tulang Bawang;
Lampong Toulong Bauwang;query;place|GLOB_833|Tulang Bawang;
Lampong Tulangbawang;query;place|GLOB_833|Tulang Bawang;
Tulang Bawang;query;place|GLOB_833|Tulang Bawang;
Tulangbawang;query;place|GLOB_833|Tulang Bawang;
Mahebourg;query;place|GLOB_834|Mahébourg;
Mahébourg;query;place|GLOB_834|Mahébourg;
Japan;query;place|GLOB_835|Japan;
Japana;query;place|GLOB_835|Japan;
Ammapette;query;place|GLOB_837|Ammapette;
Fida;query;place|GLOB_838|Ouidah;
Hueda;query;place|GLOB_838|Ouidah;
Juda;query;place|GLOB_838|Ouidah;
Ouidah;query;place|GLOB_838|Ouidah;
Whidah;query;place|GLOB_838|Ouidah;
Whydah;query;place|GLOB_838|Ouidah;
Casteel de Goede Hoop;query;place|GLOB_839|Castle of Good Hope;
Castle of Good Hope;query;place|GLOB_839|Castle of Good Hope;
Kasteel de Goede Hoop;query;place|GLOB_839|Castle of Good Hope;
Paser;query;place|GLOB_84|Pasir;
Pasir;query;place|GLOB_84|Pasir;
Passer;query;place|GLOB_84|Pasir;
Passir;query;place|GLOB_84|Pasir;
Baie du Cap;query;place|GLOB_840|Table Bay;
Table Bay;query;place|GLOB_840|Table Bay;
Tafelbaai;query;place|GLOB_840|Table Bay;
Cape Town;query;place|GLOB_841|Cape Town;
Kaapstad;query;place|GLOB_841|Cape Town;
Abarkūh;query;place|GLOB_844|Abarkūh;
Abercouh;query;place|GLOB_844|Abarkūh;
Aberkoegh;query;place|GLOB_844|Abarkūh;
Adam's Bridge;query;place|GLOB_846|Adam’s Bridge;
Adams brug;query;place|GLOB_846|Adam’s Bridge;
Adamsbrugh;query;place|GLOB_846|Adam’s Bridge;
Adam’s Bridge;query;place|GLOB_846|Adam’s Bridge;
Adodo;query;place|GLOB_847|Adodu;
Adodu;query;place|GLOB_847|Adodu;
Edouwde;query;place|GLOB_847|Adodu;
Agra;query;place|GLOB_849|Agra;
Akbar-abad;query;place|GLOB_849|Agra;
Patena;query;place|GLOB_85|Patna;
Patna;query;place|GLOB_85|Patna;
Pattena;query;place|GLOB_85|Patna;
Ahmadnagar;query;place|GLOB_851|Ahmadnagar;
Ahmednagar;query;place|GLOB_851|Ahmadnagar;
Allahabad;query;place|GLOB_852|Prayagraj;
Illebas;query;place|GLOB_852|Prayagraj;
Prayagraj;query;place|GLOB_852|Prayagraj;
Aden;query;place|GLOB_853|Aden;
Adam's Peak;query;place|GLOB_857|Adam’s Peak;
Adams Peak;query;place|GLOB_857|Adam’s Peak;
Adams Pieck;query;place|GLOB_857|Adam’s Peak;
Adams Piek;query;place|GLOB_857|Adam’s Peak;
Adam’s Peak;query;place|GLOB_857|Adam’s Peak;
Ambalangoda;query;place|GLOB_858|Ambalangoda;
Amblagedde;query;place|GLOB_858|Ambalangoda;
Amblagodde;query;place|GLOB_858|Ambalangoda;
Amblamgade;query;place|GLOB_858|Ambalangoda;
Amblanggoda;query;place|GLOB_858|Ambalangoda;
Amblangodde;query;place|GLOB_858|Ambalangoda;
Amblangode;query;place|GLOB_858|Ambalangoda;
Amblangodoe;query;place|GLOB_858|Ambalangoda;
Poenatoer;query;place|GLOB_86|Punnathur;
Punnathur;query;place|GLOB_86|Punnathur;
Pas Pyl;query;place|GLOB_860|Pas Pyl;
Paspijl;query;place|GLOB_860|Pas Pyl;
Paspyl;query;place|GLOB_860|Pas Pyl;
Pass Pyl;query;place|GLOB_860|Pas Pyl;
Pijl;query;place|GLOB_860|Pas Pyl;
Pijl, fort;query;place|GLOB_860|Pas Pyl;
fort Pijl;query;place|GLOB_860|Pas Pyl;
Moeliawale;query;place|GLOB_861|Mulliyawalai;
Moeliawalle;query;place|GLOB_861|Mulliyawalai;
Mollijwalle;query;place|GLOB_861|Mulliyawalai;
Mulliyawalai;query;place|GLOB_861|Mulliyawalai;
Appoeretotte;query;place|GLOB_863|Apretotte;
Appuratota;query;place|GLOB_863|Apretotte;
Apretotte;query;place|GLOB_863|Apretotte;
Vandeloos Bay;query;place|GLOB_864|Vandeloos Bay;
Verloosbaai;query;place|GLOB_864|Vandeloos Bay;
Verloosbaaij;query;place|GLOB_864|Vandeloos Bay;
Magam;query;place|GLOB_865|Magama;
Magama;query;place|GLOB_865|Magama;
Magame;query;place|GLOB_865|Magama;
Magamme;query;place|GLOB_865|Magama;
Magomo;query;place|GLOB_865|Magama;
Mahagam;query;place|GLOB_865|Magama;
Mahagama;query;place|GLOB_865|Magama;
Walawe;query;place|GLOB_866|Walawe;
Waluwe;query;place|GLOB_866|Walawe;
Walawe;query;place|GLOB_866_HUM_1|Walawe;
Waluwe;query;place|GLOB_866_HUM_1|Walawe;
Walawe;query;place|GLOB_866_HUM_2|Walawe;
Waluwe;query;place|GLOB_866_HUM_2|Walawe;
Tangale;query;place|GLOB_867|Tangalle;
Tangalla;query;place|GLOB_867|Tangalle;
Tangalle;query;place|GLOB_867|Tangalle;
Tangale;query;place|GLOB_867_HUM_1|Tangalle;
Tangalla;query;place|GLOB_867_HUM_1|Tangalle;
Tangalle;query;place|GLOB_867_HUM_1|Tangalle;
Tangale;query;place|GLOB_867_HUM_2|Tangalle Fort;
Tangalla;query;place|GLOB_867_HUM_2|Tangalle Fort;
Tangalle;query;place|GLOB_867_HUM_2|Tangalle Fort;
Tangalle Fort;query;place|GLOB_867_HUM_2|Tangalle Fort;
Deondere;query;place|GLOB_868|Devinuwara;
Devinuwara;query;place|GLOB_868|Devinuwara;
Dondere;query;place|GLOB_868|Devinuwara;
Dondra;query;place|GLOB_868|Devinuwara;
Dondure;query;place|GLOB_868|Devinuwara;
Parahyangan;query;place|GLOB_87|Parahyangan;
Prangerlanden;query;place|GLOB_87|Parahyangan;
Preanger;query;place|GLOB_87|Parahyangan;
Preangerlanden;query;place|GLOB_87|Parahyangan;
Priangan;query;place|GLOB_87|Parahyangan;
Prianger;query;place|GLOB_87|Parahyangan;
Prianger bovenlanden;query;place|GLOB_87|Parahyangan;
Préanger;query;place|GLOB_87|Parahyangan;
Meressa;query;place|GLOB_870|Mirissa city;
Mierissi;query;place|GLOB_870|Mirissa city;
Mirissa city;query;place|GLOB_870|Mirissa city;
Mirisse;query;place|GLOB_870|Mirissa city;
Accoeras;query;place|GLOB_872|Akuressa;
Accuras;query;place|GLOB_872|Akuressa;
Akuressa;query;place|GLOB_872|Akuressa;
Accoeras;query;place|GLOB_872_HUM_1|Akuressa;
Accuras;query;place|GLOB_872_HUM_1|Akuressa;
Akuressa;query;place|GLOB_872_HUM_1|Akuressa;
Accoeras;query;place|GLOB_872_HUM_2|Akuressa;
Accuras;query;place|GLOB_872_HUM_2|Akuressa;
Akuressa;query;place|GLOB_872_HUM_2|Akuressa;
Analadvia;query;place|GLOB_873|Analaitivu;
Analaitivu;query;place|GLOB_873|Analaitivu;
Annelletivo;query;place|GLOB_873|Analaitivu;
Annelletivoe;query;place|GLOB_873|Analaitivu;
Donneclara;query;place|GLOB_873|Analaitivu;
Eiland Rotterdam;query;place|GLOB_873|Analaitivu;
Bentota;query;place|GLOB_876|Bentota;
Bentotte;query;place|GLOB_876|Bentota;
Bentota;query;place|GLOB_876_HUM_1|Bentota;
Bentotte;query;place|GLOB_876_HUM_1|Bentota;
Bentota;query;place|GLOB_876_HUM_2|Bentota;
Bentotte;query;place|GLOB_876_HUM_2|Bentota;
Caab Commerijn;query;place|GLOB_877|Kanniyākumāri;
Caab Commeryn;query;place|GLOB_877|Kanniyākumāri;
Caab Commorijn;query;place|GLOB_877|Kanniyākumāri;
Caab Commoryn;query;place|GLOB_877|Kanniyākumāri;
Caab Kommorijn;query;place|GLOB_877|Kanniyākumāri;
Caap Commaryn;query;place|GLOB_877|Kanniyākumāri;
Caap Commerijn;query;place|GLOB_877|Kanniyākumāri;
Caeb Commorijn;query;place|GLOB_877|Kanniyākumāri;
Cape Comorin;query;place|GLOB_877|Kanniyākumāri;
Comorin, Kaap;query;place|GLOB_877|Kanniyākumāri;
Kaap Comorijn;query;place|GLOB_877|Kanniyākumāri;
Kanniyākumāri;query;place|GLOB_877|Kanniyākumāri;
Kanyakumari ;query;place|GLOB_877|Kanniyākumāri;
Caab Commerijn;query;place|GLOB_877_GEO_1|Cape Comorin;
Caab Commeryn;query;place|GLOB_877_GEO_1|Cape Comorin;
Caab Commorijn;query;place|GLOB_877_GEO_1|Cape Comorin;
Caab Commoryn;query;place|GLOB_877_GEO_1|Cape Comorin;
Caab Kommorijn;query;place|GLOB_877_GEO_1|Cape Comorin;
Caap Commaryn;query;place|GLOB_877_GEO_1|Cape Comorin;
Caap Commerijn;query;place|GLOB_877_GEO_1|Cape Comorin;
Caeb Commorijn;query;place|GLOB_877_GEO_1|Cape Comorin;
Cape Comorin;query;place|GLOB_877_GEO_1|Cape Comorin;
Comorin, Kaap;query;place|GLOB_877_GEO_1|Cape Comorin;
Kaap Comorijn;query;place|GLOB_877_GEO_1|Cape Comorin;
Kanyakumari ;query;place|GLOB_877_GEO_1|Cape Comorin;
Caab Commerijn;query;place|GLOB_877_HUM_1|Kanniyākumāri;
Caab Commeryn;query;place|GLOB_877_HUM_1|Kanniyākumāri;
Caab Commorijn;query;place|GLOB_877_HUM_1|Kanniyākumāri;
Caab Commoryn;query;place|GLOB_877_HUM_1|Kanniyākumāri;
Caab Kommorijn;query;place|GLOB_877_HUM_1|Kanniyākumāri;
Caap Commaryn;query;place|GLOB_877_HUM_1|Kanniyākumāri;
Caap Commerijn;query;place|GLOB_877_HUM_1|Kanniyākumāri;
Caeb Commorijn;query;place|GLOB_877_HUM_1|Kanniyākumāri;
Cape Comorin;query;place|GLOB_877_HUM_1|Kanniyākumāri;
Comorin, Kaap;query;place|GLOB_877_HUM_1|Kanniyākumāri;
Kaap Comorijn;query;place|GLOB_877_HUM_1|Kanniyākumāri;
Kanniyākumāri;query;place|GLOB_877_HUM_1|Kanniyākumāri;
Kanyakumari ;query;place|GLOB_877_HUM_1|Kanniyākumāri;
Caab Commerijn;query;place|GLOB_877_HUM_2|Kanniyākumāri;
Caab Commeryn;query;place|GLOB_877_HUM_2|Kanniyākumāri;
Caab Commorijn;query;place|GLOB_877_HUM_2|Kanniyākumāri;
Caab Commoryn;query;place|GLOB_877_HUM_2|Kanniyākumāri;
Caab Kommorijn;query;place|GLOB_877_HUM_2|Kanniyākumāri;
Caap Commaryn;query;place|GLOB_877_HUM_2|Kanniyākumāri;
Caap Commerijn;query;place|GLOB_877_HUM_2|Kanniyākumāri;
Caeb Commorijn;query;place|GLOB_877_HUM_2|Kanniyākumāri;
Cape Comorin;query;place|GLOB_877_HUM_2|Kanniyākumāri;
Comorin, Kaap;query;place|GLOB_877_HUM_2|Kanniyākumāri;
Kaap Comorijn;query;place|GLOB_877_HUM_2|Kanniyākumāri;
Kanniyākumāri;query;place|GLOB_877_HUM_2|Kanniyākumāri;
Kanyakumari ;query;place|GLOB_877_HUM_2|Kanniyākumāri;
Chilao;query;place|GLOB_878|Chilaw;
Chilau;query;place|GLOB_878|Chilaw;
Chilaw;query;place|GLOB_878|Chilaw;
Chilouw;query;place|GLOB_878|Chilaw;
Schilauw;query;place|GLOB_878|Chilaw;
Silauw;query;place|GLOB_878|Chilaw;
Silouw;query;place|GLOB_878|Chilaw;
Chilao;query;place|GLOB_878_HUM_1|Chilaw;
Chilau;query;place|GLOB_878_HUM_1|Chilaw;
Chilaw;query;place|GLOB_878_HUM_1|Chilaw;
Chilouw;query;place|GLOB_878_HUM_1|Chilaw;
Schilauw;query;place|GLOB_878_HUM_1|Chilaw;
Silauw;query;place|GLOB_878_HUM_1|Chilaw;
Silouw;query;place|GLOB_878_HUM_1|Chilaw;
Chilao;query;place|GLOB_878_HUM_2|Chilaw;
Chilau;query;place|GLOB_878_HUM_2|Chilaw;
Chilaw;query;place|GLOB_878_HUM_2|Chilaw;
Chilouw;query;place|GLOB_878_HUM_2|Chilaw;
Schilauw;query;place|GLOB_878_HUM_2|Chilaw;
Silauw;query;place|GLOB_878_HUM_2|Chilaw;
Silouw;query;place|GLOB_878_HUM_2|Chilaw;
An-Ping;query;place|GLOB_88|Fort Zeelandia;
Fort Oranje;query;place|GLOB_88|Fort Zeelandia;
Fort Zeelandia;query;place|GLOB_88|Fort Zeelandia;
Provintie;query;place|GLOB_88|Fort Zeelandia;
Zeelandia;query;place|GLOB_88|Fort Zeelandia;
fort Oranje;query;place|GLOB_88|Fort Zeelandia;
fort Provintia;query;place|GLOB_88|Fort Zeelandia;
fort Zeelandia;query;place|GLOB_88|Fort Zeelandia;
Ellewativo;query;place|GLOB_880|Eluvaitivu;
Eluvaitivu;query;place|GLOB_880|Eluvaitivu;
Eluvativu;query;place|GLOB_880|Eluvaitivu;
Woest Eijland;query;place|GLOB_880|Eluvaitivu;
Fishery Coast;query;place|GLOB_881|Pearl Fishery Coast;
Madurese kust;query;place|GLOB_881|Pearl Fishery Coast;
Overwal;query;place|GLOB_881|Pearl Fishery Coast;
Pearl Fishery Coast;query;place|GLOB_881|Pearl Fishery Coast;
Visserijkust;query;place|GLOB_881|Pearl Fishery Coast;
Giant's Tank;query;place|GLOB_883|Giants Tank;
Giants Tank;query;place|GLOB_883|Giants Tank;
Reuzentank;query;place|GLOB_883|Giants Tank;
Gandure;query;place|GLOB_884|Gintota;
Gendure;query;place|GLOB_884|Gintota;
Gindure;query;place|GLOB_884|Gintota;
Gintota;query;place|GLOB_884|Gintota;
Guidure;query;place|GLOB_884|Gintota;
Hackman;query;place|GLOB_885|Hakmana;
Hakman;query;place|GLOB_885|Hakmana;
Hakmana;query;place|GLOB_885|Hakmana;
Fort Hammenhiel;query;place|GLOB_886|Hammenhiel;
Ham en Hiel;query;place|GLOB_886|Hammenhiel;
Hamehiel;query;place|GLOB_886|Hammenhiel;
Hamenhiel;query;place|GLOB_886|Hammenhiel;
Hammenhiel;query;place|GLOB_886|Hammenhiel;
Hammerhiel;query;place|GLOB_886|Hammenhiel;
Ham en Hiel;query;place|GLOB_886_GEO_1|Hammenhiel;
Hamehiel;query;place|GLOB_886_GEO_1|Hammenhiel;
Hamenhiel;query;place|GLOB_886_GEO_1|Hammenhiel;
Hammenhiel;query;place|GLOB_886_GEO_1|Hammenhiel;
Hammerhiel;query;place|GLOB_886_GEO_1|Hammenhiel;
Fort Hammenhiel;query;place|GLOB_886_HUM_1|Hammenhiel;
Ham en Hiel;query;place|GLOB_886_HUM_1|Hammenhiel;
Hamehiel;query;place|GLOB_886_HUM_1|Hammenhiel;
Hamenhiel;query;place|GLOB_886_HUM_1|Hammenhiel;
Hammenhiel;query;place|GLOB_886_HUM_1|Hammenhiel;
Hammerhiel;query;place|GLOB_886_HUM_1|Hammenhiel;
Putelan;query;place|GLOB_89|Puttalam;
Putelang;query;place|GLOB_89|Puttalam;
Puttalam;query;place|GLOB_89|Puttalam;
Puttelam;query;place|GLOB_89|Puttalam;
Puttulang;query;place|GLOB_89|Puttalam;
Putulang;query;place|GLOB_89|Puttalam;
Jala;query;place|GLOB_893|Yala;
Jale;query;place|GLOB_893|Yala;
Jaleput;query;place|GLOB_893|Yala;
Tala;query;place|GLOB_893|Yala;
Tale;query;place|GLOB_893|Yala;
Yala;query;place|GLOB_893|Yala;
Jala;query;place|GLOB_893_HUM_1|Yala;
Jale;query;place|GLOB_893_HUM_1|Yala;
Jaleput;query;place|GLOB_893_HUM_1|Yala;
Tala;query;place|GLOB_893_HUM_1|Yala;
Tale;query;place|GLOB_893_HUM_1|Yala;
Yala;query;place|GLOB_893_HUM_1|Yala;
Jala;query;place|GLOB_893_HUM_2|Yala;
Jale;query;place|GLOB_893_HUM_2|Yala;
Jaleput;query;place|GLOB_893_HUM_2|Yala;
Tala;query;place|GLOB_893_HUM_2|Yala;
Tale;query;place|GLOB_893_HUM_2|Yala;
Yala;query;place|GLOB_893_HUM_2|Yala;
Alandale;query;place|GLOB_894|Alandale;
Alandelle;query;place|GLOB_894|Alandale;
Alendele;query;place|GLOB_894|Alandale;
Allandale;query;place|GLOB_894|Alandale;
Allandalle;query;place|GLOB_894|Alandale;
Koela Linggi;query;place|GLOB_895|Linggi (Malaysia);
Kuala Linggi;query;place|GLOB_895|Linggi (Malaysia);
Linggi;query;place|GLOB_895|Linggi (Malaysia);
Linggi (Malaysia);query;place|GLOB_895|Linggi (Malaysia);
Lingij;query;place|GLOB_895|Linggi (Malaysia);
Lingy;query;place|GLOB_895|Linggi (Malaysia);
Cottates;query;place|GLOB_896|Kottayam (Thekkumkur);
Kottayam;query;place|GLOB_896|Kottayam (Thekkumkur);
Kottayam (Thekkumkur);query;place|GLOB_896|Kottayam (Thekkumkur);
Nanjanād;query;place|GLOB_897|Nanjanād;
Nanjenadoe;query;place|GLOB_897|Nanjanād;
Daeuw;query;place|GLOB_898|Doelang;
Dauw;query;place|GLOB_898|Doelang;
Doelang;query;place|GLOB_898|Doelang;
Pulau Pisang (Johor);query;place|GLOB_899|Pulau Pisang (Johor);
Pulo Pisangh;query;place|GLOB_899|Pulau Pisang (Johor);
Atingen;query;place|GLOB_9|Attingal;
Attingal;query;place|GLOB_9|Attingal;
Kedah;query;place|GLOB_90|Kedah;
Quada;query;place|GLOB_90|Kedah;
Queda;query;place|GLOB_90|Kedah;
Pisang;query;place|GLOB_900|Pulau Pisang (North Maluku);
Poelo Paysang;query;place|GLOB_900|Pulau Pisang (North Maluku);
Poelo Pisang;query;place|GLOB_900|Pulau Pisang (North Maluku);
Pulau Pisang (North Maluku);query;place|GLOB_900|Pulau Pisang (North Maluku);
Pizangh;query;place|GLOB_901|Pulau Pisang (West Sumatra);
Pulau Pisang (West Sumatra);query;place|GLOB_901|Pulau Pisang (West Sumatra);
Calontjoetjoetsu;query;place|GLOB_902|Kulisusu (village);
Kaliasoesoe;query;place|GLOB_902|Kulisusu (village);
Kulisusu (village);query;place|GLOB_902|Kulisusu (village);
Palayankottai;query;place|GLOB_903|Pālamcottah;
Pālamcottah;query;place|GLOB_903|Pālamcottah;
Tanete (Selayar);query;place|GLOB_904|Tanete (Selayar);
Tanete (Sulawesi);query;place|GLOB_904|Tanete (Selayar);
Tanette;query;place|GLOB_904|Tanete (Selayar);
Tenette;query;place|GLOB_904|Tanete (Selayar);
Cenrana (Maros);query;place|GLOB_905|Cenrana (Maros);
Chinranna;query;place|GLOB_905|Cenrana (Maros);
Cindrana;query;place|GLOB_905|Cenrana (Maros);
Tjenrana;query;place|GLOB_905|Cenrana (Maros);
Zindrane;query;place|GLOB_905|Cenrana (Maros);
Zinrana;query;place|GLOB_905|Cenrana (Maros);
Cenrana (Maros);query;place|GLOB_905_GEO_1|Cenrana (Maros);
Chinranna;query;place|GLOB_905_GEO_1|Cenrana (Maros);
Cindrana;query;place|GLOB_905_GEO_1|Cenrana (Maros);
Tjenrana;query;place|GLOB_905_GEO_1|Cenrana (Maros);
Zindrane;query;place|GLOB_905_GEO_1|Cenrana (Maros);
Zinrana;query;place|GLOB_905_GEO_1|Cenrana (Maros);
Cenrana (Maros);query;place|GLOB_905_HUM_1|Cenrana (Maros);
Chinranna;query;place|GLOB_905_HUM_1|Cenrana (Maros);
Cindrana;query;place|GLOB_905_HUM_1|Cenrana (Maros);
Tjenrana;query;place|GLOB_905_HUM_1|Cenrana (Maros);
Zindrane;query;place|GLOB_905_HUM_1|Cenrana (Maros);
Zinrana;query;place|GLOB_905_HUM_1|Cenrana (Maros);
Cenrana (West Sulawesi);query;place|GLOB_906|Cenrana (West Sulawesi);
Tjenrana;query;place|GLOB_906|Cenrana (West Sulawesi);
Tsinara-na-Mandaar;query;place|GLOB_906|Cenrana (West Sulawesi);
Tsinrana;query;place|GLOB_906|Cenrana (West Sulawesi);
Karur;query;place|GLOB_907|Karur;
Baay Paar;query;place|GLOB_908|Vaippār;
Baij Pare;query;place|GLOB_908|Vaippār;
Baijpaar;query;place|GLOB_908|Vaippār;
Baipar;query;place|GLOB_908|Vaippār;
Vaippār;query;place|GLOB_908|Vaippār;
Vambar;query;place|GLOB_908|Vaippār;
Vypar;query;place|GLOB_908|Vaippār;
Wijpaer;query;place|GLOB_908|Vaippār;
Dingtai Wan;query;place|GLOB_909|Dingtai Wan;
Ting-hai;query;place|GLOB_909|Dingtai Wan;
Coenoe;query;place|GLOB_910|Kunnu;
Kunnu;query;place|GLOB_910|Kunnu;
Kunu;query;place|GLOB_910|Kunnu;
Moetoecoenoe;query;place|GLOB_910|Kunnu;
Moetoe;query;place|GLOB_911|Muttu;
Moetoecoenoe;query;place|GLOB_911|Muttu;
Muttu;query;place|GLOB_911|Muttu;
Groot-Banda Ourien;query;place|GLOB_912|Uring (Banda);
Lonthor Ourien;query;place|GLOB_912|Uring (Banda);
Oerien;query;place|GLOB_912|Uring (Banda);
Ourien;query;place|GLOB_912|Uring (Banda);
Ourien, Lonthor;query;place|GLOB_912|Uring (Banda);
Urien;query;place|GLOB_912|Uring (Banda);
Uring;query;place|GLOB_912|Uring (Banda);
Uring (Banda);query;place|GLOB_912|Uring (Banda);
Groot-Banda Ourien;query;place|GLOB_912_HUM_1|Uring (Banda);
Lonthor Ourien;query;place|GLOB_912_HUM_1|Uring (Banda);
Oerien;query;place|GLOB_912_HUM_1|Uring (Banda);
Ourien;query;place|GLOB_912_HUM_1|Uring (Banda);
Ourien, Lonthor;query;place|GLOB_912_HUM_1|Uring (Banda);
Urien;query;place|GLOB_912_HUM_1|Uring (Banda);
Uring;query;place|GLOB_912_HUM_1|Uring (Banda);
Uring (Banda);query;place|GLOB_912_HUM_1|Uring (Banda);
Groot-Banda Ourien;query;place|GLOB_912_HUM_2|Uring (Banda);
Lonthor Ourien;query;place|GLOB_912_HUM_2|Uring (Banda);
Oerien;query;place|GLOB_912_HUM_2|Uring (Banda);
Ourien;query;place|GLOB_912_HUM_2|Uring (Banda);
Ourien, Lonthor;query;place|GLOB_912_HUM_2|Uring (Banda);
Urien;query;place|GLOB_912_HUM_2|Uring (Banda);
Uring;query;place|GLOB_912_HUM_2|Uring (Banda);
Uring (Banda);query;place|GLOB_912_HUM_2|Uring (Banda);
Kuala Kedah;query;place|GLOB_913|Kuala Kedah;
Kuala Kedah;query;place|GLOB_913_HUM_1|Kuala Kedah;
Kota Kuala Kedah;query;place|GLOB_913_HUM_2|Kota Kuala Kedah;
Kuala Kedah;query;place|GLOB_913_HUM_2|Kota Kuala Kedah;
Kahawatte;query;place|GLOB_914|Kahawatte;
Khana;query;place|GLOB_915|Khana;
Lackelo;query;place|GLOB_916|Laclo;
Laclo;query;place|GLOB_916|Laclo;
Gunung Talang;query;place|GLOB_917|Gunung Talang;
Sulasih;query;place|GLOB_917|Gunung Talang;
Talang;query;place|GLOB_917|Gunung Talang;
Farilha;query;place|GLOB_918|Farilha;
Devenampatnam;query;place|GLOB_919|Devenampatnam;
Teganapatnam;query;place|GLOB_919|Devenampatnam;
Tegenapatam;query;place|GLOB_919|Devenampatnam;
Tegenapatnam;query;place|GLOB_919|Devenampatnam;
Tegene;query;place|GLOB_919|Devenampatnam;
Tegenepatnam;query;place|GLOB_919|Devenampatnam;
Tegnapatnam;query;place|GLOB_919|Devenampatnam;
Tengapatnam;query;place|GLOB_919|Devenampatnam;
Tengenapatnam;query;place|GLOB_919|Devenampatnam;
Tanjung Pinang;query;place|GLOB_92|Tanjung Pinang;
Tanjungpinang;query;place|GLOB_92|Tanjung Pinang;
Tegenepatnam;query;place|GLOB_920|Thengapattanam;
Tengapatam;query;place|GLOB_920|Thengapattanam;
Tengapatnam;query;place|GLOB_920|Thengapattanam;
Tengapattanam;query;place|GLOB_920|Thengapattanam;
Thengapattanam;query;place|GLOB_920|Thengapattanam;
Tonckin;query;place|GLOB_921|Đàng Ngoài;
Tonckyn;query;place|GLOB_921|Đàng Ngoài;
Toncquin;query;place|GLOB_921|Đàng Ngoài;
Tonkin;query;place|GLOB_921|Đàng Ngoài;
Tonquin;query;place|GLOB_921|Đàng Ngoài;
Đàng Ngoài;query;place|GLOB_921|Đàng Ngoài;
東京;query;place|GLOB_921|Đàng Ngoài;
Paramputtu;query;place|GLOB_922|Paramputtu;
Paroemportoe;query;place|GLOB_922|Paramputtu;
Purumportu;query;place|GLOB_922|Paramputtu;
Amanesi;query;place|GLOB_923|Amanesi;
Amanessie;query;place|GLOB_923|Amanesi;
Amenissie;query;place|GLOB_923|Amanesi;
Contera;query;place|GLOB_924|Contera;
Contere;query;place|GLOB_924|Contera;
Katira;query;place|GLOB_924|Contera;
Dianga;query;place|GLOB_925|Dianga;
Diange;query;place|GLOB_925|Dianga;
Diangu;query;place|GLOB_925|Dianga;
Calcapore;query;place|GLOB_926|Kalkapur;
Kalkapur;query;place|GLOB_926|Kalkapur;
Sumadang;query;place|GLOB_927|Sumedang;
Sumedang;query;place|GLOB_927|Sumedang;
Samboepo;query;place|GLOB_928|Somba Opu;
Sambopo;query;place|GLOB_928|Somba Opu;
Samboppo;query;place|GLOB_928|Somba Opu;
Somba Opu;query;place|GLOB_928|Somba Opu;
Fort Uring (Pulau Ela);query;place|GLOB_929|Fort Uring (Pulau Ela);
Ureng;query;place|GLOB_929|Fort Uring (Pulau Ela);
Vlissingen, Redoute;query;place|GLOB_929|Fort Uring (Pulau Ela);
Vlissingen, fort;query;place|GLOB_929|Fort Uring (Pulau Ela);
fort Hatua;query;place|GLOB_929|Fort Uring (Pulau Ela);
fort Ureng;query;place|GLOB_929|Fort Uring (Pulau Ela);
fort Vlissingen;query;place|GLOB_929|Fort Uring (Pulau Ela);
redoute Flissingen;query;place|GLOB_929|Fort Uring (Pulau Ela);
Rembau;query;place|GLOB_93|Rembau;
Rembauw;query;place|GLOB_93|Rembau;
Rembou;query;place|GLOB_93|Rembau;
Rembouw;query;place|GLOB_93|Rembau;
Rombou;query;place|GLOB_93|Rembau;
Rombouw;query;place|GLOB_93|Rembau;
Loji;query;place|GLOB_930|Loji;
Drie Gebroeders;query;place|GLOB_931|Nusa Telu;
Nusa Telu;query;place|GLOB_931|Nusa Telu;
Nusatelu;query;place|GLOB_931|Nusa Telu;
Poeloe Tiga;query;place|GLOB_931|Nusa Telu;
Dompel;query;place|GLOB_932|Dompel;
Karang Intan;query;place|GLOB_933|Karang Intan;
Karangintan;query;place|GLOB_933|Karang Intan;
Kiambang;query;place|GLOB_934|Kiambang;
Kiambangen;query;place|GLOB_934|Kiambang;
Lawang;query;place|GLOB_935|Lawang;
Padan-Padan;query;place|GLOB_936|Soreang;
Padang-Padang;query;place|GLOB_936|Soreang;
Soreang;query;place|GLOB_936|Soreang;
Pinto Gedong, Pulau;query;place|GLOB_937|Pulau Pintu Gedung;
Pintu Gedong, Pulau;query;place|GLOB_937|Pulau Pintu Gedung;
Pulau Pintu Gedung;query;place|GLOB_937|Pulau Pintu Gedung;
Vadakku Valliyur;query;place|GLOB_938|Vadakku Valliyūr;
Vadakku Valliyūr;query;place|GLOB_938|Vadakku Valliyūr;
Valliyur;query;place|GLOB_938|Vadakku Valliyūr;
Kota Tinggi;query;place|GLOB_939|Kota Tinggi;
Kota Tingi;query;place|GLOB_939|Kota Tinggi;
Pulau Roteh;query;place|GLOB_94|Pulau Roti;
Pulau Roti;query;place|GLOB_94|Pulau Roti;
Rote;query;place|GLOB_94|Pulau Roti;
Roteh;query;place|GLOB_94|Pulau Roti;
Roti;query;place|GLOB_94|Pulau Roti;
Rotti;query;place|GLOB_94|Pulau Roti;
Rottij;query;place|GLOB_94|Pulau Roti;
Rotty;query;place|GLOB_94|Pulau Roti;
Keraton Ngayogyakarta Hadiningrat;query;place|GLOB_940|Kraton Ngayogyakarta Hadiningrat;
Kraton Ngayogyakarta Hadiningrat;query;place|GLOB_940|Kraton Ngayogyakarta Hadiningrat;
Kraton Yogyakarta;query;place|GLOB_940|Kraton Ngayogyakarta Hadiningrat;
Shevaroy;query;place|GLOB_941|Shevaroy Hills;
Shevaroy Hills;query;place|GLOB_941|Shevaroy Hills;
Djepamanna;query;place|GLOB_942|Pammana;
Ipamanna;query;place|GLOB_942|Pammana;
Pammana;query;place|GLOB_942|Pammana;
Ypomanna;query;place|GLOB_942|Pammana;
Al Muhāb;query;place|GLOB_943|Al Muhāb;
Moheb;query;place|GLOB_943|Al Muhāb;
Moscovië;query;place|GLOB_95|Muscovy;
Moskovië;query;place|GLOB_95|Muscovy;
Muscovy;query;place|GLOB_95|Muscovy;
Muskovien;query;place|GLOB_95|Muscovy;
Rusland;query;place|GLOB_95|Muscovy;
Sadrangapatnam;query;place|GLOB_96|Sadras;
Sadras;query;place|GLOB_96|Sadras;
Sadraspatam;query;place|GLOB_96|Sadras;
Sadraspatnam;query;place|GLOB_96|Sadras;
Sadrempatnam;query;place|GLOB_96|Sadras;
Zadraspatnam;query;place|GLOB_96|Sadras;
Sabaragamuwa;query;place|GLOB_97|Sabaragamuwa;
Saffragam;query;place|GLOB_97|Sabaragamuwa;
Saffragam Korala;query;place|GLOB_97|Sabaragamuwa;
Sambilangan;query;place|GLOB_98|Sembilangan;
Sembilangan;query;place|GLOB_98|Sembilangan;
Lombock;query;place|GLOB_99|Lombok Island;
Lombok;query;place|GLOB_99|Lombok Island;
Lombok Island;query;place|GLOB_99|Lombok Island;
Salaparang;query;place|GLOB_99|Lombok Island;
Selaparang;query;place|GLOB_99|Lombok Island;
Babar-Dai;query;place|GLOB_E_1|Pulau Dai;
Babberjay;query;place|GLOB_E_1|Pulau Dai;
Pulau Dai;query;place|GLOB_E_1|Pulau Dai;
Mantai;query;place|GLOB_E_10|Mantota;
Manthai;query;place|GLOB_E_10|Mantota;
Mantota;query;place|GLOB_E_10|Mantota;
Mantotte;query;place|GLOB_E_10|Mantota;
Mentotte;query;place|GLOB_E_10|Mantota;
Marabel;query;place|GLOB_E_11|Marawila Town;
Maravile;query;place|GLOB_E_11|Marawila Town;
Marawila;query;place|GLOB_E_11|Marawila Town;
Marawila Town;query;place|GLOB_E_11|Marawila Town;
Moesjeltieve;query;place|GLOB_E_12|Musal Tīvu;
Musal Tivu ;query;place|GLOB_E_12|Musal Tīvu;
Musal Tīvu;query;place|GLOB_E_12|Musal Tīvu;
Haarlem Island;query;place|GLOB_E_13|Nainativu;
Nainativu;query;place|GLOB_E_13|Nainativu;
Naynativo;query;place|GLOB_E_13|Nainativu;
Nalla Tanni Tīvu;query;place|GLOB_E_14|Nalla Tanni Tīvu;
Nallatanni Tivu;query;place|GLOB_E_14|Nalla Tanni Tīvu;
Soetwaters Eyland;query;place|GLOB_E_14|Nalla Tanni Tīvu;
Vers Water Eyland;query;place|GLOB_E_14|Nalla Tanni Tīvu;
Nalloer;query;place|GLOB_E_15|Nallur;
Nallur;query;place|GLOB_E_15|Nallur;
Naloer;query;place|GLOB_E_15|Nallur;
Nalour;query;place|GLOB_E_15|Nallur;
Nanaddan;query;place|GLOB_E_16|Nanaddan;
Nanatan;query;place|GLOB_E_16|Nanaddan;
Nilwala Ganga;query;place|GLOB_E_18|Nilwala Ganga;
Nilwala River;query;place|GLOB_E_18|Nilwala Ganga;
Panadura;query;place|GLOB_E_21|Panadura;
Paneture;query;place|GLOB_E_21|Panadura;
Pamene;query;place|GLOB_E_22|Panama;
Panama;query;place|GLOB_E_22|Panama;
Panneme;query;place|GLOB_E_22|Panama;
Panoua;query;place|GLOB_E_22|Panama;
Point Calimere;query;place|GLOB_E_23|Point Calimere;
Ende;query;place|GLOB_E_242|Ende;
Endeh;query;place|GLOB_E_242|Ende;
Pudukkottai;query;place|GLOB_E_25|Pudukkottai;
Pudukkottai;query;place|GLOB_E_25_HUM_1|Pudukkottai;
Pudukkottai;query;place|GLOB_E_25_HUM_2|Pudukkottai;
Middelburg Island;query;place|GLOB_E_26|Pungudutivu;
Poengertivol;query;place|GLOB_E_26|Pungudutivu;
Pungudutivu;query;place|GLOB_E_26|Pungudutivu;
Punkudutivu ;query;place|GLOB_E_26|Pungudutivu;
Ramanathapuram;query;place|GLOB_E_31|Ramanathapuram;
Ramnad;query;place|GLOB_E_31|Ramanathapuram;
Ramanathapuram;query;place|GLOB_E_31_HUM_1|Ramanathapuram;
Ramnad;query;place|GLOB_E_31_HUM_1|Ramanathapuram;
Ramanathapuram;query;place|GLOB_E_31_HUM_2|Ramanathapuram;
Ramnad;query;place|GLOB_E_31_HUM_2|Ramanathapuram;
Jagannadhapuram;query;place|GLOB_E_32|Jagannadhapuram;
Jagannathapuram;query;place|GLOB_E_32|Jagannadhapuram;
Jagernaikpoeram;query;place|GLOB_E_32|Jagannadhapuram;
Jagernaykpoeram;query;place|GLOB_E_32|Jagannadhapuram;
Jaggernaijkpoeram;query;place|GLOB_E_32|Jagannadhapuram;
Jaggernaijperam;query;place|GLOB_E_32|Jagannadhapuram;
Jaggernaikpoeram;query;place|GLOB_E_32|Jagannadhapuram;
Jaggernampoeram;query;place|GLOB_E_32|Jagannadhapuram;
Jaggernaykpoeram;query;place|GLOB_E_32|Jagannadhapuram;
Rovanelle;query;place|GLOB_E_33|Ruwanwella;
Ruanelle;query;place|GLOB_E_33|Ruwanwella;
Ruwanwella;query;place|GLOB_E_33|Ruwanwella;
Rovanelle;query;place|GLOB_E_33_HUM_1|Ruwanwella;
Ruanelle;query;place|GLOB_E_33_HUM_1|Ruwanwella;
Ruwanwella;query;place|GLOB_E_33_HUM_1|Ruwanwella;
Rovanelle;query;place|GLOB_E_33_HUM_2|Ruwanwella;
Ruanelle;query;place|GLOB_E_33_HUM_2|Ruwanwella;
Ruwanwella;query;place|GLOB_E_33_HUM_2|Ruwanwella;
Rovanelle;query;place|GLOB_E_33_HUM_3|Ruwanwella Fort;
Ruanelle;query;place|GLOB_E_33_HUM_3|Ruwanwella Fort;
Ruwanwella;query;place|GLOB_E_33_HUM_3|Ruwanwella Fort;
Ruwanwella Fort;query;place|GLOB_E_33_HUM_3|Ruwanwella Fort;
Salpettij Corle;query;place|GLOB_E_34|Salpiti;
Salpiti;query;place|GLOB_E_34|Salpiti;
Salpiti Korale;query;place|GLOB_E_34|Salpiti;
Salpitte;query;place|GLOB_E_34|Salpiti;
Salpittij corle;query;place|GLOB_E_34|Salpiti;
Sitavacca;query;place|GLOB_E_35|Sitawaka;
Sitavake;query;place|GLOB_E_35|Sitawaka;
Sitavaque;query;place|GLOB_E_35|Sitawaka;
Sitawaka;query;place|GLOB_E_35|Sitawaka;
Situaque;query;place|GLOB_E_35|Sitawaka;
Sitwaka;query;place|GLOB_E_35|Sitawaka;
Sitavacca;query;place|GLOB_E_35_HUM_1|Sitawaka;
Sitavake;query;place|GLOB_E_35_HUM_1|Sitawaka;
Sitavaque;query;place|GLOB_E_35_HUM_1|Sitawaka;
Sitawaka;query;place|GLOB_E_35_HUM_1|Sitawaka;
Situaque;query;place|GLOB_E_35_HUM_1|Sitawaka;
Sitwaka;query;place|GLOB_E_35_HUM_1|Sitawaka;
Sitavacca;query;place|GLOB_E_35_HUM_2|Sitawaka;
Sitavake;query;place|GLOB_E_35_HUM_2|Sitawaka;
Sitavaque;query;place|GLOB_E_35_HUM_2|Sitawaka;
Sitawaka;query;place|GLOB_E_35_HUM_2|Sitawaka;
Situaque;query;place|GLOB_E_35_HUM_2|Sitawaka;
Sitwaka;query;place|GLOB_E_35_HUM_2|Sitawaka;
Sewaginga;query;place|GLOB_E_36|Sivaganga;
Sivaganga;query;place|GLOB_E_36|Sivaganga;
Sivagangai;query;place|GLOB_E_36|Sivaganga;
Sewaginga;query;place|GLOB_E_36_HUM_1|Sivaganga;
Sivaganga;query;place|GLOB_E_36_HUM_1|Sivaganga;
Sivagangai;query;place|GLOB_E_36_HUM_1|Sivaganga;
Sewaginga;query;place|GLOB_E_36_HUM_2|Sivaganga;
Sivaganga;query;place|GLOB_E_36_HUM_2|Sivaganga;
Sivagangai;query;place|GLOB_E_36_HUM_2|Sivaganga;
Dengka;query;place|GLOB_E_37|Pulau Dengka;
Pulau Dengka;query;place|GLOB_E_37|Pulau Dengka;
Vieux Grand Port;query;place|GLOB_E_41|Vieux Grand Port;
Tondi;query;place|GLOB_E_42|Tondi;
Tondi ;query;place|GLOB_E_42|Tondi;
Tondy;query;place|GLOB_E_42|Tondi;
Bempaar;query;place|GLOB_E_46|Vembār;
Bempaer;query;place|GLOB_E_46|Vembār;
Bempiaer;query;place|GLOB_E_46|Vembār;
Benbarra;query;place|GLOB_E_46|Vembār;
Vembar ;query;place|GLOB_E_46|Vembār;
Vembār;query;place|GLOB_E_46|Vembār;
Wembaer;query;place|GLOB_E_46|Vembār;
Tata;query;place|GLOB_E_49|Thatta;
Tatta;query;place|GLOB_E_49|Thatta;
Thatta;query;place|GLOB_E_49|Thatta;
Keraton Kasunanan;query;place|GLOB_E_50|Keraton Surakarta Hadiningrat;
Keraton Surakarta Hadiningrat;query;place|GLOB_E_50|Keraton Surakarta Hadiningrat;
Surakarta Hadiningrat;query;place|GLOB_E_50|Keraton Surakarta Hadiningrat;
Bossina;query;place|GLOB_E_51|Bossina;
Zeringe;query;place|GLOB_E_51|Bossina;
Rheo;query;place|GLOB_E_52|Riau Archipelago;
Riau;query;place|GLOB_E_52|Riau Archipelago;
Riau Archipelago;query;place|GLOB_E_52|Riau Archipelago;
Riauw;query;place|GLOB_E_52|Riau Archipelago;
Riou;query;place|GLOB_E_52|Riau Archipelago;
Riouw;query;place|GLOB_E_52|Riau Archipelago;
Rouw;query;place|GLOB_E_52|Riau Archipelago;
Painan;query;place|GLOB_E_53|Painan;
Pinang;query;place|GLOB_E_53|Painan;
Jinmen;query;place|GLOB_E_54|Kinmen Island;
Kinmen;query;place|GLOB_E_54|Kinmen Island;
Kinmen Island;query;place|GLOB_E_54|Kinmen Island;
Quemoy;query;place|GLOB_E_54|Kinmen Island;
Southeastern Islands;query;place|GLOB_E_55|Southeastern Islands;
Zuidooster-Eilanden;query;place|GLOB_E_55|Southeastern Islands;
Zuidoostereilanden;query;place|GLOB_E_55|Southeastern Islands;
Zuydooster-islands;query;place|GLOB_E_55|Southeastern Islands;
Southwestern Islands;query;place|GLOB_E_56|Southwestern Islands;
Zuidwestereilanden;query;place|GLOB_E_56|Southwestern Islands;
Benteng Tatas;query;place|GLOB_E_57|Benteng Tatas;
Fort Tatas;query;place|GLOB_E_57|Benteng Tatas;
Tatas;query;place|GLOB_E_57|Benteng Tatas;
Tatas, fort;query;place|GLOB_E_57|Benteng Tatas;
fort Banjarmasin;query;place|GLOB_E_57|Benteng Tatas;
fort Banjermassin;query;place|GLOB_E_57|Benteng Tatas;
fort Tatas;query;place|GLOB_E_57|Benteng Tatas;
Condaatche;query;place|GLOB_E_6|Kondachchi;
Condaatje;query;place|GLOB_E_6|Kondachchi;
Condaetje;query;place|GLOB_E_6|Kondachchi;
Condaitje;query;place|GLOB_E_6|Kondachchi;
Condatje;query;place|GLOB_E_6|Kondachchi;
Kondachchi;query;place|GLOB_E_6|Kondachchi;
Kondaichi;query;place|GLOB_E_6|Kondachchi;
Kotta;query;place|GLOB_E_7|Kotte;
Kotte;query;place|GLOB_E_7|Kotte;
Kotta;query;place|GLOB_E_7_HUM_1|Kotte kingdom;
Kotte;query;place|GLOB_E_7_HUM_1|Kotte kingdom;
Kotte kingdom;query;place|GLOB_E_7_HUM_1|Kotte kingdom;
Kotta;query;place|GLOB_E_7_HUM_2|Sri Jayewardenepura Kotte;
Kotte;query;place|GLOB_E_7_HUM_2|Sri Jayewardenepura Kotte;
Sri Jayewardenepura Kotte;query;place|GLOB_E_7_HUM_2|Sri Jayewardenepura Kotte;
Mandagetto;query;place|GLOB_E_9|Mandegelle;
Mandegelle;query;place|GLOB_E_9|Mandegelle;
Chiplun;query;place|GLOB_NB_2|Chiplun;
Kumbharli;query;place|GLOB_NB_3|Kumbharli;
Helwak;query;place|GLOB_NB_4|Helwak;
Ghatmatha;query;place|GLOB_NB_5|Ghatmatha;
Yerad;query;place|GLOB_NB_6|Yerad;
Koyna River;query;place|GLOB_NB_7|Koyna River;
Patan;query;place|GLOB_NB_8|Patan;
Karad;query;place|GLOB_NB_9|Karad;
Kasegaon;query;place|GLOB_NB_10|Kasegaon;
Wing;query;place|GLOB_NB_11|Wing;
Islampur;query;place|GLOB_NB_12|Islampur;
Kapuskhed;query;place|GLOB_NB_13|Kapuskhed;
Urun;query;place|GLOB_NB_14|Urun;
Walwa;query;place|GLOB_NB_15|Walwa;
Ashta;query;place|GLOB_NB_16|Ashta;
Miraj;query;place|GLOB_NB_17|Miraj;
Arag;query;place|GLOB_NB_18|Arag;
Bedag;query;place|GLOB_NB_19|Bedag;
Athani;query;place|GLOB_NB_20|Athani;
Kumta;query;place|GLOB_NB_21|Kumta;
Tikota;query;place|GLOB_NB_22|Tikota;
Nauraspur (Karnataka);query;place|GLOB_NB_23|Nauraspur (Karnataka);
Dicholi;query;place|GLOB_NB_25|Dicholi;
Arani;query;place|GLOB_NB_26|Arani;
Ulundurpet;query;place|GLOB_NB_27|Ulundurpet;
Seppakkam;query;place|GLOB_NB_28|Seppakkam;
Valikandapuram;query;place|GLOB_NB_29|Valikandapuram;
Kaveripakkam;query;place|GLOB_NB_30|Kaveripakkam;
Kudal;query;place|GLOB_NB_31|Kudal;
Mirjan;query;place|GLOB_NB_32|Mirjan;
Basrur;query;place|GLOB2_1206_GEO_1|Basrur;
Kundapura;query;place|GLOB_NB_34|Kundapura;
Raigad Fort;query;place|GLOB_NB_36|Raigad Fort;
Kolhapur;query;place|GLOB_NB_37|Kolhapur;
Solapur;query;place|GLOB_NB_38|Solapur;
Kalaburagi;query;place|GLOB_NB_39|Kalaburagi;
Sindhudurg Fort;query;place|GLOB_NB_40|Sindhudurg Fort;
Jaitapur;query;place|GLOB_NB_41|Jaitapur;
Rajgad Fort;query;place|GLOB_NB_42|Rajgad Fort;
Rangana Fort;query;place|GLOB_NB_43|Rangana Fort;
Vishalgad;query;place|GLOB_NB_44|Vishalgad;
Panhala;query;place|GLOB_NB_45|Panhala;
Pratapgad;query;place|GLOB_NB_46|Pratapgad;
Anjidiv Island;query;place|GLOB_NB_47|Anjidiv Island;
Ariyalur;query;place|GLOB_NB_48|Ariyalur;
Jhabua;query;place|GLOB_NB_49|Jhabua;
Satara;query;place|GLOB_NB_50|Satara;
Kharepatan;query;place|GLOB_NB_51|Kharepatan;
Nagpur;query;place|GLOB_NB_52|Nagpur;
Ootathur;query;place|GLOB_NB_53|Ootathur;
Ponda;query;place|GLOB_NB_54|Ponda;
Bidar;query;place|GLOB_NB_55|Bidar;
Hubballi;query;place|GLOB_NB_56|Hubballi;
Bankapur;query;place|GLOB_NB_57|Bankapur;
Dindigul;query;place|GLOB_NB_58|Dindigul;
Paranda;query;place|GLOB_NB_59|Paranda;
Sanganer;query;place|GLOB_NB_60|Sanganer;
Songadh;query;place|GLOB_NB_61|Songadh;
Ghogha;query;place|GLOB_NB_62|Ghogha;
Mayiladuthurai;query;place|GLOB_NB_63|Mayiladuthurai;
Kumbakonam;query;place|GLOB_NB_64|Kumbakonam;
Darasuram;query;place|GLOB_NB_65|Darasuram;
Sinhgad;query;place|GLOB_NB_66|Sinhgad;
Purandar Fort;query;place|GLOB_NB_67|Purandar Fort;
Thane;query;place|GLOB_NB_68|Thane;
Ankola;query;place|GLOB_NB_69|Ankola;
Gangolli;query;place|GLOB_NB_70|Gangolli;
Gooty;query;place|GLOB_NB_71|Gooty;
Dharwad;query;place|GLOB_NB_72|Dharwad;
Torgal;query;place|GLOB_NB_73|Torgal;
Belagavi;query;place|GLOB_NB_74|Belagavi;
Mahipalgad;query;place|GLOB_NB_75|Mahipalgad;
Shrimantgad;query;place|GLOB_NB_76|Shrimantgad;
Vallabhgad Fort;query;place|GLOB_NB_77|Vallabhgad Fort;
Rajhansgad;query;place|GLOB_NB_78|Rajhansgad;
Varanasi;query;place|GLOB_NB_79|Varanasi;
Vrindavan;query;place|GLOB_NB_80|Vrindavan;
Lucknow;query;place|GLOB_NB_81|Lucknow;
Medinipur;query;place|GLOB_NB_82|Medinipur;
Kamandurg;query;place|GLOB_NB_83|Kamandurg;
Adoni;query;place|GLOB_NB_84|Adoni;
Balapur;query;place|GLOB_NB_85|Balapur;
Tiruvannamalai;query;place|GLOB_NB_86|Tiruvannamalai;
Thirupathiripuliyur;query;place|GLOB_NB_87|Thirupathiripuliyur;
Krishna River;query;place|GLOB_NB_88|Krishna River;
Faridabad;query;place|GLOB_NB_90|Faridabad;
Mathura;query;place|GLOB_NB_91|Mathura;
Thiruvananthapuram;query;place|GLOB_NB_92|Thiruvananthapuram;
Mukundapuram;query;place|GLOB_NB_93|Mukundapuram;
Krishnankotta;query;place|GLOB_NB_94|Krishnankotta;
Madaplathuruth;query;place|GLOB_NB_95|Madaplathuruth;
Ramachandrapuram;query;place|GLOB_NB_96|Ramachandrapuram;
Tindivanam;query;place|GLOB_NB_97|Tindivanam;
Kalapettai;query;place|GLOB_NB_98|Kalapettai;
Ichchapuram;query;place|GLOB_NB_99|Ichchapuram;
Amalapuram;query;place|GLOB_NB_100|Amalapuram;
Karunapuram;query;place|GLOB_NB_101|Karunapuram;
Kuruvalapparkoil;query;place|GLOB_NB_102|Kuruvalapparkoil;
Pandanallur;query;place|GLOB_NB_103|Pandanallur;
Gangaikondacholapuram;query;place|GLOB_NB_104|Gangaikondacholapuram;
Karuppur;query;place|GLOB_NB_105|Karuppur;
Valathoor;query;place|GLOB_NB_106|Valathoor;
Tirumayiladi;query;place|GLOB_NB_107|Tirumayiladi;
Kollidam River;query;place|GLOB_NB_108|Kollidam River;
Cumbarjua;query;place|GLOB_NB_109|Cumbarjua;
Mormugao;query;place|GLOB_NB_110|Mormugao;
Mattanchery;query;place|GLOB_NB_111|Mattanchery;
Kankon;query;place|GLOB_NB_112|Kankon;
Sangameshwar;query;place|GLOB_NB_113|Sangameshwar;
Chidambarapuram;query;place|GLOB_NB_114|Chidambarapuram;
Kalakkad;query;place|GLOB_NB_115|Kalakkad;
Thirukkurungudi;query;place|GLOB_NB_116|Thirukkurungudi;
Panaikkudi;query;place|GLOB_NB_117|Panaikkudi;
Valathur;query;place|GLOB_NB_118|Valathur;
Viluppuram;query;place|GLOB_NB_119|Viluppuram;
Devikapuram;query;place|GLOB_NB_120|Devikapuram;
Palar River;query;place|GLOB_NB_121|Palar River;
Puthenkurish;query;place|GLOB_NB_122|Puthenkurish;
Aranattukara;query;place|GLOB_NB_123|Aranattukara;
Manjapra;query;place|GLOB_NB_124|Manjapra;
Poolakutty;query;place|GLOB_NB_125|Poolakutty;
Rampur (Ballia);query;place|GLOB_NB_126|Rampur (Ballia);
Yanam;query;place|GLOB_NB_127|Yanam;
Palitana;query;place|GLOB_NB_128|Palitana;
Pattukkottai;query;place|GLOB_NB_129|Pattukkottai;
Vedaraniyam;query;place|GLOB_NB_130|Vedaraniyam;
Alanthalai;query;place|GLOB_NB_131|Alanthalai;
Virapandianpatnam;query;place|GLOB_NB_132|Virapandianpatnam;
Puduppadi;query;place|GLOB_NB_133|Puduppadi;
Periyapattinam;query;place|GLOB_NB_134|Periyapattinam;
Vedalai;query;place|GLOB_NB_135|Vedalai;
Thiruppalaikkudi;query;place|GLOB_NB_136|Thiruppalaikkudi;
Pattanamaradur;query;place|GLOB_NB_137|Pattanamaradur;
Ammapattinam;query;place|GLOB_NB_138|Ammapattinam;
Aralvaimozhi;query;place|GLOB_NB_139|Aralvaimozhi;
Veeravanallur;query;place|GLOB_NB_140|Veeravanallur;
Kothamangalam;query;place|GLOB_NB_141|Kothamangalam;
Cheranalloor;query;place|GLOB_NB_142|Cheranalloor;
Kottanellur;query;place|GLOB_NB_143|Kottanellur;
Vellangallur;query;place|GLOB_NB_144|Vellangallur;
Ambasamudram;query;place|GLOB_NB_145|Ambasamudram;
Vagaikulam;query;place|GLOB_NB_146|Vagaikulam;
Tenkasi;query;place|GLOB_NB_147|Tenkasi;
Krishnapuram;query;place|GLOB_NB_148|Krishnapuram;
Pudur;query;place|GLOB_NB_149|Pudur;
Mukkudal;query;place|GLOB_NB_150|Mukkudal;
Pappakudi;query;place|GLOB_NB_151|Pappakudi;
Idaikal;query;place|GLOB_NB_152|Idaikal;
Kallidaikurichi;query;place|GLOB_NB_153|Kallidaikurichi;
Kalavai;query;place|GLOB_NB_154|Kalavai;
Tirumangalam;query;place|GLOB_NB_155|Tirumangalam;
Singampettai;query;place|GLOB_NB_156|Singampettai;
Desur;query;place|GLOB_NB_157|Desur;
Thiruvilwamala;query;place|GLOB_NB_158|Thiruvilwamala;
Coimbatore;query;place|GLOB_NB_159|Coimbatore;
Chittur (Kerala);query;place|GLOB_NB_160|Chittur (Kerala);
Ottapidaram;query;place|GLOB_NB_161|Ottapidaram;
Ettaiyapuram;query;place|GLOB_NB_162|Ettaiyapuram;
Palavanatham;query;place|GLOB_NB_163|Palavanatham;
Manthoppu;query;place|GLOB_NB_164|Manthoppu;
Shenkottai;query;place|GLOB_NB_165|Shenkottai;
Radhapuram;query;place|GLOB_NB_166|Radhapuram;
Eruvadi;query;place|GLOB_NB_167|Eruvadi;
Kannanallur;query;place|GLOB_NB_168|Kannanallur;
Sithoor ;query;place|GLOB_NB_169|Sithoor ;
Vijayanarayanam;query;place|GLOB_NB_170|Vijayanarayanam;
Nanguneri;query;place|GLOB_NB_171|Nanguneri;
Rajakkalmangalam;query;place|GLOB_NB_172|Rajakkalmangalam;
Thiruvalathur;query;place|GLOB_NB_173|Thiruvalathur;
Tarur;query;place|GLOB_NB_174|Tarur;
Thirunavaya;query;place|GLOB_NB_175|Thirunavaya;
Engandiyur;query;place|GLOB_NB_176|Engandiyur;
Thiruvallur (Kerala);query;place|GLOB_NB_177|Thiruvallur (Kerala);
Tiruvadi;query;place|GLOB_NB_178|Tiruvadi;
Manalurpettai;query;place|GLOB_NB_179|Manalurpettai;
Damalcherry pass;query;place|GLOB_NB_180|Damalcherry pass;
Jagadevipalaiyam;query;place|GLOB_NB_181|Jagadevipalaiyam;
Bhatkal;query;place|GLOB_NB_182|Bhatkal;
Tattamangalam;query;place|GLOB_NB_183|Tattamangalam;
Kunissery;query;place|GLOB_NB_184|Kunissery;
Parakkulangara;query;place|GLOB_NB_185|Parakkulangara;
Kalladikode;query;place|GLOB_NB_186|Kalladikode;
Hajipur;query;place|GLOB_NB_187|Hajipur;
Ramjibanpur;query;place|GLOB_NB_188|Ramjibanpur;
Khirpai;query;place|GLOB_NB_189|Khirpai;
Dewanganj;query;place|GLOB_NB_190|Dewanganj;
Tadipatri;query;place|GLOB_NB_191|Tadipatri;
Kanakagiri;query;place|GLOB_NB_192|Kanakagiri;
Gajendragarh;query;place|GLOB_NB_193|Gajendragarh;
Shirhatti;query;place|GLOB_NB_194|Shirhatti;
Gadag;query;place|GLOB_NB_195|Gadag;
Kittur;query;place|GLOB_NB_196|Kittur;
Anegundi;query;place|GLOB_NB_197|Anegundi;
Dammur;query;place|GLOB_NB_198|Dammur;
Havanur;query;place|GLOB_NB_199|Havanur;
Alipore;query;place|GLOB_NB_200|Alipore;
Sultanpur;query;place|GLOB_NB_201|Sultanpur;
Gandevi;query;place|GLOB_NB_202|Gandevi;
Jambusar;query;place|GLOB_NB_203|Jambusar;
Bhimpore;query;place|GLOB_NB_204|Bhimpore;
Valsad;query;place|GLOB_NB_205|Valsad;
Bhagwanpur;query;place|GLOB_NB_206|Bhagwanpur;
Mohanpur;query;place|GLOB_NB_207|Mohanpur;
Jagannathpur;query;place|GLOB_NB_208|Jagannathpur;
Dadpur;query;place|GLOB_NB_209|Dadpur;
Olmara;query;place|GLOB_NB_210|Olmara;
Burunda;query;place|GLOB_NB_211|Burunda;
Azimabad;query;place|GLOB_NB_212|Azimabad;
Akhtiyarpur;query;place|GLOB_NB_213|Akhtiyarpur;
Amirabad;query;place|GLOB_NB_214|Amirabad;
Paikar;query;place|GLOB_NB_215|Paikar;
Akbarpur;query;place|GLOB_NB_216|Akbarpur;
Panchkula;query;place|GLOB_NB_217|Panchkula;
Shahpur Tewari;query;place|GLOB_NB_218|Shahpur Tewari;
Dhansagar;query;place|GLOB_NB_219|Dhansagar;
Shahnagar;query;place|GLOB_NB_220|Shahnagar;
fort Noordholland;query;place|GLOB_PY_1|fort Noordholland;
Quemory;query;place|GLOB_PY_2|Quemory;
Yehliu;query;place|GLOB_PY_3|Yehliu;
Zeelandia (city);query;place|GLOB_PY_4|Zeelandia (city);
Pimaba;query;place|GLOB_PY_6|Pimaba;
Kelang (region);query;place|GLOB_PY_7|Kelang (region);
Yanshuei Xi;query;place|GLOB_PY_8|Yanshuei Xi;
Sandiao Jiao;query;place|GLOB_PY_10|Sandiao Jiao;
Pangsoya;query;place|GLOB_PY_11|Pangsoya;
Tayouan (bay, region);query;place|GLOB_PY_13|Tayouan (bay, region);
Stad cong hay;query;place|GLOB_PY_14|Stad cong hay;
Gaoping Xi;query;place|GLOB_PY_15|Gaoping Xi;
Dolatock;query;place|GLOB_PY_16|Dolatock;
Beigang Xi;query;place|GLOB_PY_17|Beigang Xi;
Kalowan;query;place|GLOB_PY_18|Kalowan;
Fort Provintia;query;place|GLOB_PY_19|Fort Provintia;
Lan Yu;query;place|GLOB_PY_21|Lan Yu;
Lyu Dao;query;place|GLOB_PY_22|Lyu Dao;
Liwu Xi;query;place|GLOB_PY_23|Liwu Xi;
Su'ao;query;place|GLOB_PY_24|Su'ao;
Hualien Xi;query;place|GLOB_PY_25|Hualien Xi;
Sanzhan Xi;query;place|GLOB_PY_26|Sanzhan Xi;
Siwkolan Xi;query;place|GLOB_PY_27|Siwkolan Xi;
Taimali;query;place|GLOB_PY_28|Taimali;
Sanxiantai;query;place|GLOB_PY_29|Sanxiantai;
Futou Wan;query;place|GLOB_PY_30|Futou Wan;
Pinghai Wan (Guangdong);query;place|GLOB_PY_31|Pinghai Wan (Guangdong);
Jockan;query;place|GLOB_PY_32|Jockan;
Lacjemue;query;place|GLOB_PY_33|Lacjemue;
Zeeburg (Taiwan);query;place|GLOB_PY_35|Zeeburg (Taiwan);
Sanye Gong Xi;query;place|GLOB_PY_36|Sanye Gong Xi;
Erren Xi;query;place|GLOB_PY_37|Erren Xi;
Bangsoor;query;place|GLOB_PY_38|Bangsoor;
Matsar;query;place|GLOB_PY_39|Matsar;
Eluanbi;query;place|GLOB_PY_50|Eluanbi;
Bitou Jiao;query;place|GLOB_PY_51|Bitou Jiao;
Fugui Jiao;query;place|GLOB_PY_52|Fugui Jiao;
Xiyu;query;place|GLOB_PY_53|Xiyu;
Victoria, redoubt (Taiwan);query;place|GLOB_PY_34|Victoria, redoubt (Taiwan);
Tamsui He;query;place|GLOB_PY_5|Tamsui He;
Erlin;query;place|GLOB_PY_54|Erlin;
Shou Shan;query;place|GLOB_PY_55|Shou Shan;
Dajia Xikou;query;place|GLOB_PY_12|Dajia Xikou;
Brouwershaven (Taiwan);query;place|GLOB_PY_20|Brouwershaven (Taiwan);
Jiangjun Xi;query;place|GLOB_PY_56|Jiangjun Xi;
Losarang;query;place|GLOB_RT_1|Losarang;
Tanjung Priok;query;place|GLOB_RT_2|Tanjung Priok;
Gunung Cereme;query;place|GLOB_RT_3|Gunung Cereme;
Losari;query;place|GLOB_RT_4|Losari;
Mundu;query;place|GLOB_RT_5|Mundu;
Kalijaga;query;place|GLOB_RT_6|Kalijaga;
Cilamaya;query;place|GLOB_RT_7|Cilamaya;
Sungai Segara Urip;query;place|GLOB_RT_8|Sungai Segara Urip;
Ampel;query;place|GLOB_RT_9|Ampel;
Tanjung Indramayu;query;place|GLOB_RT_11|Tanjung Indramayu;
Pekalangan;query;place|GLOB_RT_12|Pekalangan;
Fort de Beschermingh;query;place|GLOB_RT_13|Fort de Beschermingh;
Sungai Japura (Cimanis);query;place|GLOB_RT_14|Sungai Japura (Cimanis);
Karanganyar (Tegal);query;place|GLOB_RT_15|Karanganyar (Tegal);
Gunung Slamet;query;place|GLOB_RT_16|Gunung Slamet;
Kaligangsa;query;place|GLOB_RT_17|Kaligangsa;
Kali Babadan (Tegal);query;place|GLOB_RT_18|Kali Babadan (Tegal);
Kali Comal;query;place|GLOB_RT_19|Kali Comal;
Kali Kendal;query;place|GLOB_RT_20|Kali Kendal;
Kali Sambong;query;place|GLOB_RT_21|Kali Sambong;
Karanganyar (Semarang);query;place|GLOB_RT_22|Karanganyar (Semarang);
Ujungbatu;query;place|GLOB_RT_23|Ujungbatu;
Ujung Piring;query;place|GLOB_RT_24|Ujung Piring;
Ujung Kuniran;query;place|GLOB_RT_25|Ujung Kuniran;
Ujung Salaran;query;place|GLOB_RT_26|Ujung Salaran;
Gunung Arjuna;query;place|GLOB_RT_27|Gunung Arjuna;
Giri;query;place|GLOB_RT_28|Giri;
Tanjung Awarawar;query;place|GLOB_RT_29|Tanjung Awarawar;
Labuhan;query;place|GLOB_RT_30|Labuhan;
Paciran;query;place|GLOB_RT_31|Paciran;
Tanjung Piring;query;place|GLOB_RT_32|Tanjung Piring;
Kalianyar;query;place|GLOB_RT_33|Kalianyar;
Blimbing;query;place|GLOB_RT_34|Blimbing;
Pambon;query;place|GLOB_RT_35|Pambon;
Ujung Brebes;query;place|GLOB_RT_36|Ujung Brebes;
Kali Bongkok;query;place|GLOB_RT_37|Kali Bongkok;
Sungai Widuri;query;place|GLOB_RT_38|Sungai Widuri;
Sungai Larisan;query;place|GLOB_RT_39|Sungai Larisan;
Tanjung Larisan;query;place|GLOB_RT_40|Tanjung Larisan;
Sungai Kaliporong;query;place|GLOB_RT_41|Sungai Kaliporong;
Kali Pah;query;place|GLOB_RT_42|Kali Pah;
Kali Pakijingan;query;place|GLOB_RT_43|Kali Pakijingan;
Sungai Suradadi;query;place|GLOB_RT_44|Sungai Suradadi;
Sungai Padokan;query;place|GLOB_RT_45|Sungai Padokan;
Sungai Sumber;query;place|GLOB_RT_46|Sungai Sumber;
Sungai Mejabung;query;place|GLOB_RT_47|Sungai Mejabung;
Kali Sumur;query;place|GLOB_RT_48|Kali Sumur;
Sungai Padek;query;place|GLOB_RT_49|Sungai Padek;
Sungai Telukbarang;query;place|GLOB_RT_50|Sungai Telukbarang;
Tanjung Sumur;query;place|GLOB_RT_51|Tanjung Sumur;
Wiradesa;query;place|GLOB_RT_52|Wiradesa;
Kali Bremi;query;place|GLOB_RT_53|Kali Bremi;
Sungai Muncang;query;place|GLOB_RT_54|Sungai Muncang;
Kali Kinting;query;place|GLOB_RT_55|Kali Kinting;
Ujung Negoro;query;place|GLOB_RT_56|Ujung Negoro;
Kalijero;query;place|GLOB_RT_57|Kalijero;
Kali Amba;query;place|GLOB_RT_58|Kali Amba;
Kali Babadan (Kendal);query;place|GLOB_RT_59|Kali Babadan (Kendal);
Kali Roban;query;place|GLOB_RT_60|Kali Roban;
Kali Urang;query;place|GLOB_RT_61|Kali Urang;
Kali Lokawali;query;place|GLOB_RT_62|Kali Lokawali;
Kali Babungan;query;place|GLOB_RT_63|Kali Babungan;
Kali Turunsih;query;place|GLOB_RT_64|Kali Turunsih;
Paburanam;query;place|GLOB_RT_65|Paburanam;
Maratua;query;place|GLOB_RT_66|Maratua;
Sowan;query;place|GLOB_RT_67|Sowan;
Kali Mangkang;query;place|GLOB_RT_68|Kali Mangkang;
Tanjung Turunsi;query;place|GLOB_RT_69|Tanjung Turunsi;
Ujung Paburanam;query;place|GLOB_RT_70|Ujung Paburanam;
Ci Manuklama;query;place|GLOB_RT_71|Ci Manuklama;
Sungai Raja;query;place|GLOB_RT_72|Sungai Raja;
Ujung Juntikebon;query;place|GLOB_RT_73|Ujung Juntikebon;
Kali Gabus;query;place|GLOB_RT_74|Kali Gabus;
Sungai Junti;query;place|GLOB_RT_75|Sungai Junti;
Tegalagungbaru;query;place|GLOB_RT_76|Tegalagungbaru;
Tanjung Ujungtua;query;place|GLOB_RT_77|Tanjung Ujungtua;
Tanjung Tanah;query;place|GLOB_RT_78|Tanjung Tanah;
Sungai Pondok;query;place|GLOB_RT_79|Sungai Pondok;
Sungai Bungko;query;place|GLOB_RT_80|Sungai Bungko;
Sungai Celangcang;query;place|GLOB_RT_81|Sungai Celangcang;
Kalisapu;query;place|GLOB_RT_82|Kalisapu;
Tanjung Losari;query;place|GLOB_RT_83|Tanjung Losari;
Sungai Krakahan;query;place|GLOB_RT_84|Sungai Krakahan;
Tanjung Pasir;query;place|GLOB_RT_85|Tanjung Pasir;
Kandanghaur;query;place|GLOB_RT_86|Kandanghaur;
Ciparage;query;place|GLOB_RT_87|Ciparage;
Tanjung Cilamaya;query;place|GLOB_RT_88|Tanjung Cilamaya;
Sedulang Reefs;query;place|GLOB_RT_89|Sedulang Reefs;
Cemara;query;place|GLOB_RT_90|Cemara;
Sedari;query;place|GLOB_RT_91|Sedari;
Sarakan;query;place|GLOB_RT_92|Sarakan;
Pakis (Karawang);query;place|GLOB_RT_93|Pakis (Karawang);
Jeruk;query;place|GLOB_RT_95|Jeruk;
Tanjung Bobos;query;place|GLOB_RT_96|Tanjung Bobos;
Sungai Besar;query;place|GLOB_RT_97|Sungai Besar;
Kali Genuk;query;place|GLOB_RT_100|Kali Genuk;
Kali Wedung;query;place|GLOB_RT_101|Kali Wedung;
Kali Tuntang;query;place|GLOB_RT_103|Kali Tuntang;
Kali Sayung;query;place|GLOB_RT_104|Kali Sayung;
Kali Gemulak;query;place|GLOB_RT_105|Kali Gemulak;
Kali Serang;query;place|GLOB_RT_106|Kali Serang;
Kali Brajan;query;place|GLOB_RT_107|Kali Brajan;
Ujung Bugel;query;place|GLOB_RT_108|Ujung Bugel;
Kali Juwana;query;place|GLOB_RT_109|Kali Juwana;
Kali Karanggeneng;query;place|GLOB_RT_110|Kali Karanggeneng;
Kabongan Kidul;query;place|GLOB_RT_111|Kabongan Kidul;
Nyamplung;query;place|GLOB_RT_112|Nyamplung;
Pandangan Kulon;query;place|GLOB_RT_113|Pandangan Kulon;
Tanjungan (Rembang);query;place|GLOB_RT_114|Tanjungan (Rembang);
Kebloran;query;place|GLOB_RT_115|Kebloran;
Plawangan;query;place|GLOB_RT_116|Plawangan;
Kragan;query;place|GLOB_RT_117|Kragan;
Sarang;query;place|GLOB_RT_118|Sarang;
Bancar;query;place|GLOB_RT_119|Bancar;
Perbon;query;place|GLOB_RT_120|Perbon;
Jenu;query;place|GLOB_RT_121|Jenu;
Kenanti;query;place|GLOB_RT_122|Kenanti;
Gadon;query;place|GLOB_RT_123|Gadon;
Klutuk;query;place|GLOB_RT_124|Klutuk;
Jagers Boomen;query;place|GLOB_RT_125|Jagers Boomen;
Sedayulawas;query;place|GLOB_RT_126|Sedayulawas;
Brondong;query;place|GLOB_RT_127|Brondong;
Arosbaya;query;place|GLOB_RT_128|Arosbaya;
Socah;query;place|GLOB_RT_129|Socah;
Kamal;query;place|GLOB_RT_130|Kamal;
Kwanyar;query;place|GLOB_RT_131|Kwanyar;
Sukolilo ;query;place|GLOB_RT_132|Sukolilo ;
Batu Layar;query;place|GLOB_RT_133|Batu Layar;
Karang Jamuang;query;place|GLOB_RT_134|Karang Jamuang;
Sidokare;query;place|GLOB_RT_135|Sidokare;
Kemantren;query;place|GLOB_RT_136|Kemantren;
Weru;query;place|GLOB_RT_137|Weru;
Pangka;query;place|GLOB_RT_138|Pangka;
Kali Lewean;query;place|GLOB_RT_141|Kali Lewean;
Sungai Bedanten;query;place|GLOB_RT_142|Sungai Bedanten;
Gembong;query;place|GLOB_RT_143|Gembong;
Gerongan;query;place|GLOB_RT_144|Gerongan;
Kalialo;query;place|GLOB_RT_145|Kalialo;
Kapetingan;query;place|GLOB_RT_146|Kapetingan;
Penanggungan;query;place|GLOB_RT_147|Penanggungan;
Sidopurno;query;place|GLOB_RT_148|Sidopurno;
Kali Bokor;query;place|GLOB_RT_149|Kali Bokor;
Kali Anak;query;place|GLOB_RT_150|Kali Anak;
Lamong;query;place|GLOB_RT_151|Lamong;
Keputih;query;place|GLOB_RT_152|Keputih;
Dukuh Setro;query;place|GLOB_RT_153|Dukuh Setro;
Majaya;query;place|GLOB_RT_154|Majaya;
Kaliwatu;query;place|GLOB_RT_155|Kaliwatu;
Pulau Mandalika;query;place|GLOB_RT_156|Pulau Mandalika;
Muara Bringin;query;place|GLOB_RT_157|Muara Bringin;
Ujung Bringin;query;place|GLOB_RT_158|Ujung Bringin;
Tayu;query;place|GLOB_RT_159|Tayu;
Pangkalan;query;place|GLOB_RT_160|Pangkalan;
Luwang;query;place|GLOB_RT_161|Luwang;
Tanjung Api-api Anom;query;place|GLOB_RT_162|Tanjung Api-api Anom;
Ujung Bantungan;query;place|GLOB_RT_163|Ujung Bantungan;
Tanjung Blenderan;query;place|GLOB_RT_164|Tanjung Blenderan;
Dasun;query;place|GLOB_RT_165|Dasun;
Bonang (Rembang);query;place|GLOB_RT_166|Bonang (Rembang);
Leran;query;place|GLOB_RT_167|Leran;
Trahan;query;place|GLOB_RT_168|Trahan;
Jatisari;query;place|GLOB_RT_169|Jatisari;
Ujung Pangkalan;query;place|GLOB_RT_170|Ujung Pangkalan;
Bendo;query;place|GLOB_RT_171|Bendo;
Ujung Pendok;query;place|GLOB_RT_172|Ujung Pendok;
Labuhan Kidul;query;place|GLOB_RT_173|Labuhan Kidul;
Pulau Untung Jawa;query;place|GLOB_RT_177|Pulau Untung Jawa;
Pulau Ubi Kecil;query;place|GLOB_RT_178|Pulau Ubi Kecil;
Pulau Ubi Besar;query;place|GLOB_RT_179|Pulau Ubi Besar;
Pulau Rambut;query;place|GLOB_RT_180|Pulau Rambut;
Pulau Nyamuk Besar;query;place|GLOB_RT_181|Pulau Nyamuk Besar;
Pulau Damar Kecil;query;place|GLOB_RT_183|Pulau Damar Kecil;
Pulau Ayer Besar;query;place|GLOB_RT_184|Pulau Ayer Besar;
Karang Ayer Kecil;query;place|GLOB_RT_185|Karang Ayer Kecil;
Pulau Nyamuk Kecil;query;place|GLOB_RT_186|Pulau Nyamuk Kecil;
Karang Puluputri;query;place|GLOB_RT_187|Karang Puluputri;
Gosong Dapur;query;place|GLOB_RT_188|Gosong Dapur;
Pulau Panjang;query;place|GLOB_RT_189|Pulau Panjang;
Pulau Kelor (Jepara);query;place|GLOB_RT_190|Pulau Kelor (Jepara);
Pulau Penganten;query;place|GLOB_RT_191|Pulau Penganten;
Pulau Karang;query;place|GLOB_RT_192|Pulau Karang;
Gosong Reef;query;place|GLOB_RT_193|Gosong Reef;
Jetah;query;place|GLOB_RT_194|Jetah;
Karangwesi;query;place|GLOB_RT_195|Karangwesi;
Karangungkal;query;place|GLOB_RT_196|Karangungkal;
Sewoharjo;query;place|GLOB_RT_197|Sewoharjo;
Pulau Burung;query;place|GLOB_RT_182|Pulau Burung;
Vuyle bocht;query;place|GLOB_RT_198|Vuyle bocht;
Tanjung Bungin;query;place|GLOB_RT_199|Tanjung Bungin;
Sungai Balubuk;query;place|GLOB_RT_200|Sungai Balubuk;
Tanjung Merah;query;place|GLOB_RT_201|Tanjung Merah;
Randukuning;query;place|GLOB_RT_202|Randukuning;
Paloh;query;place|GLOB_RT_203|Paloh;
Tanjung Karangparudan;query;place|GLOB_RT_204|Tanjung Karangparudan;
Pasarbanggi;query;place|GLOB_RT_205|Pasarbanggi;
Kaliuntu;query;place|GLOB_RT_206|Kaliuntu;
Gedongmulyo;query;place|GLOB_RT_207|Gedongmulyo;
Jetak;query;place|GLOB_RT_208|Jetak;
Tanjung Kapal;query;place|GLOB_RT_209|Tanjung Kapal;
Dodokan;query;place|GLOB_RT_210|Dodokan;
Bogorejo;query;place|GLOB_RT_211|Bogorejo;
Sedan;query;place|GLOB_RT_212|Sedan;
Kalipang;query;place|GLOB_RT_213|Kalipang;
Belitung;query;place|GLOB_RT_214|Belitung;
Gondangkrojo;query;place|GLOB_RT_215|Gondangkrojo;
Sungai Pegat;query;place|GLOB_RT_216|Sungai Pegat;
Tanjung Bulu;query;place|GLOB_RT_217|Tanjung Bulu;
Temperak;query;place|GLOB_RT_218|Temperak;
Bajingjowo;query;place|GLOB_RT_219|Bajingjowo;
Serbung;query;place|GLOB_RT_220|Serbung;
Bulu;query;place|GLOB_RT_221|Bulu;
Trasan;query;place|GLOB_RT_222|Trasan;
Paradina;query;place|GLOB_RT_223|Paradina;
Sungai Bamar;query;place|GLOB_RT_224|Sungai Bamar;
Sendang;query;place|GLOB_RT_225|Sendang;
Tanjung Petakol;query;place|GLOB_RT_226|Tanjung Petakol;
Malawas;query;place|GLOB_RT_227|Malawas;
Kandang;query;place|GLOB_RT_228|Kandang;
Mamer;query;place|GLOB_RT_229|Mamer;
Ujung Gannangheen;query;place|GLOB_RT_230|Ujung Gannangheen;
Sungai Tropen;query;place|GLOB_RT_231|Sungai Tropen;
Dermo;query;place|GLOB_RT_232|Dermo;
Boro;query;place|GLOB_RT_233|Boro;
Tanjung Karangjahe;query;place|GLOB_RT_234|Tanjung Karangjahe;
Karangpilang;query;place|GLOB_RT_235|Karangpilang;
Dunung;query;place|GLOB_RT_236|Dunung;
Kali Jenu;query;place|GLOB_RT_237|Kali Jenu;
Kali Tuban;query;place|GLOB_RT_238|Kali Tuban;
Siombel;query;place|GLOB_RT_239|Siombel;
Dasin;query;place|GLOB_RT_240|Dasin;
Panyuran;query;place|GLOB_RT_241|Panyuran;
Tanjung Logung;query;place|GLOB_RT_242|Tanjung Logung;
Ujung Alang;query;place|GLOB_RT_243|Ujung Alang;
Ujung Watu;query;place|GLOB_RT_244|Ujung Watu;
Gunung Menjuluk;query;place|GLOB_RT_245|Gunung Menjuluk;
Banjaranyar;query;place|GLOB_RT_246|Banjaranyar;
Kranji;query;place|GLOB_RT_247|Kranji;
Wates;query;place|GLOB_RT_248|Wates;
Tanjung Paciran;query;place|GLOB_RT_249|Tanjung Paciran;
Tanjung Kodok;query;place|GLOB_RT_250|Tanjung Kodok;
Tanjung Pakis;query;place|GLOB_RT_251|Tanjung Pakis;
Pakis (Lamongan);query;place|GLOB_RT_252|Pakis (Lamongan);
Klayar;query;place|GLOB_RT_253|Klayar;
Japolan;query;place|GLOB_RT_254|Japolan;
Kali Roomo;query;place|GLOB_RT_255|Kali Roomo;
Bengawan Solo;query;place|GLOB_RT_256|Bengawan Solo;
Madalin;query;place|GLOB_RT_257|Madalin;
Tanjung Lodya;query;place|GLOB_RT_259|Tanjung Lodya;
Kali Sekarwoyo;query;place|GLOB_RT_260|Kali Sekarwoyo;
Setera;query;place|GLOB_RT_262|Setera;
Diana;query;place|GLOB_RT_263|Diana;
Tanjungan (Bangkalan);query;place|GLOB_RT_139|Tanjungan (Bangkalan);
Makanagon;query;place|GLOB_RT_174|Makanagon;
Igir Gajah;query;place|GLOB_RT_264|Igir Gajah;
Tanjung Pemalang;query;place|GLOB_RT_265|Tanjung Pemalang;
Ci Sanggarung;query;place|GLOB_RT_10|Ci Sanggarung;
Kali Pemali;query;place|GLOB_RT_140|Kali Pemali;
Tanjung Batu Sawang;query;place|GLOB_RT_175|Tanjung Batu Sawang;
Karang Kleta;query;place|GLOB_RT_176|Karang Kleta;
Karang Jeruk;query;place|GLOB_RT_98|Karang Jeruk;
Penowo Reef;query;place|GLOB_RT_258|Penowo Reef;
Pulau Cilik;query;place|GLOB_RT_261|Pulau Cilik;
Pulau Kelor (Jakarta);query;place|GLOB_RT_266|Pulau Kelor (Jakarta);
Mangeloor;query;place|GLOB2_1528|Mangaluru;
Maijsoer;query;place|GLOB_397|Mysuru;
Ceitaper;query;place|GLOB_NB_41|Jaitapur;
Rasapour;query;place|GLOB2_1275|Rajapur;
Varapolij;query;place|GLOB_358|Varappuzha;
Chipilon;query;place|GLOB_NB_2|Chiplun;
Chipelon;query;place|GLOB_NB_2|Chiplun;
Combaerle;query;place|GLOB_NB_3|Kumbharli;
Helewarck;query;place|GLOB_NB_4|Helwak;
Helevaecko;query;place|GLOB_NB_4|Helwak;
Gattamatte;query;place|GLOB_NB_5|Ghatmatha;
Weraed;query;place|GLOB_NB_6|Yerad;
Coijna;query;place|GLOB_NB_7|Koyna River;
Patan;query;place|GLOB_NB_8|Patan;
Karade;query;place|GLOB_NB_9|Karad;
Cassegam;query;place|GLOB_NB_10|Kasegaon;
Winge;query;place|GLOB_NB_11|Wing;
Isselampour;query;place|GLOB_NB_12|Islampur;
Tufset;query;place|GLOB_NB_13|Kapuskhed;
Veron;query;place|GLOB_NB_14|Urun;
Ballouwa;query;place|GLOB_NB_15|Walwa;
Asta;query;place|GLOB_NB_16|Ashta;
Mirisgie;query;place|GLOB_NB_17|Miraj;
Mirrisgij;query;place|GLOB_NB_17|Miraj;
Merisgie;query;place|GLOB_NB_17|Miraj;
Areeq;query;place|GLOB_NB_18|Arag;
Berec;query;place|GLOB_NB_19|Bedag;
Atteni;query;place|GLOB_NB_20|Athani;
Attenij;query;place|GLOB_NB_20|Athani;
Comath;query;place|GLOB_NB_21|Kumta;
Tickota;query;place|GLOB_NB_22|Tikota;
Neurenpour;query;place|GLOB_NB_23|Nauraspur (Karnataka);
Rajabaagh;query;place|GLOB2_1845|Raybag;
Rasabaagh;query;place|GLOB2_1845|Raybag;
Ragiebaagh;query;place|GLOB2_1845|Raybag;
Diteaulij;query;place|GLOB_NB_25|Dicholi;
Wandewazij;query;place|GLOB_688|Vandavāsi;
Wandewasij;query;place|GLOB_688|Vandavāsi;
Tsinsij;query;place|GLOB2_1071|Gingee;
Aarne;query;place|GLOB_NB_26|Arani;
Weloer;query;place|GLOB2_1837|Vellore;
Cansij;query;place|GLOB_716|Kanchipuram;
Olendoerpeet;query;place|GLOB_NB_27|Ulundurpet;
Zeijpakom;query;place|GLOB_NB_28|Seppakkam;
Waligond;query;place|GLOB_NB_29|Valikandapuram;
Kabrepaak;query;place|GLOB_NB_30|Kaveripakkam;
Mattancherij;query;place|GLOB_NB_111|Mattanchery;
Caudael;query;place|GLOB_NB_31|Kudal;
Coudewaer;query;place|GLOB_272|Karwar;
Mirzee;query;place|GLOB_NB_32|Mirjan;
Barsseloor;query;place|GLOB2_1206|Basrūr;
de rhee van Barsseloor;query;place|GLOB2_1206_GEO_1|Basrur;
Cundapoer;query;place|GLOB_NB_34|Kundapura;
Rairij;query;place|GLOB_NB_36|Raigad Fort;
Colapour;query;place|GLOB_NB_37|Kolhapur;
Colapoer;query;place|GLOB_NB_37|Kolhapur;
Solapoer;query;place|GLOB_NB_38|Solapur;
Solapour;query;place|GLOB_NB_38|Solapur;
Calberga;query;place|GLOB_NB_39|Kalaburagi;
Soendoedoerga;query;place|GLOB_NB_40|Sindhudurg Fort;
Rasgar;query;place|GLOB_NB_42|Rajgad Fort;
Rengena;query;place|GLOB_NB_43|Rangana Fort;
Kelna;query;place|GLOB_NB_44|Vishalgad;
Pannela;query;place|GLOB_NB_45|Panhala;
Pratapagarij;query;place|GLOB_NB_46|Pratapgad;
Angedivo;query;place|GLOB_NB_47|Anjidiv Island;
Angediva;query;place|GLOB_NB_47|Anjidiv Island;
Arrialoer;query;place|GLOB_NB_48|Ariyalur;
Sjaboua;query;place|GLOB_NB_49|Jhabua;
Satara;query;place|GLOB_NB_50|Satara;
Carepatam;query;place|GLOB_NB_51|Kharepatan;
Neggepour;query;place|GLOB_NB_52|Nagpur;
Oetatoer;query;place|GLOB_NB_53|Ootathur;
Oetaloer;query;place|GLOB_NB_53|Ootathur;
Ponda;query;place|GLOB_NB_54|Ponda;
Bidder;query;place|GLOB_NB_55|Bidar;
Oublij;query;place|GLOB_NB_56|Hubballi;
Banckpour;query;place|GLOB_NB_57|Bankapur;
Dindigal;query;place|GLOB_NB_58|Dindigul;
Parenda;query;place|GLOB_NB_59|Paranda;
Sanganer;query;place|GLOB_NB_60|Sanganer;
Songer;query;place|GLOB_NB_61|Songadh;
Goga;query;place|GLOB_NB_62|Ghogha;
Majoeram;query;place|GLOB_NB_63|Mayiladuthurai;
Coembaconatoe;query;place|GLOB_NB_64|Kumbakonam;
Coembeconan;query;place|GLOB_NB_64|Kumbakonam;
Darasoerpette;query;place|GLOB_NB_65|Darasuram;
Condana;query;place|GLOB_NB_66|Sinhgad;
Purandarij;query;place|GLOB_NB_67|Purandar Fort;
Tanna;query;place|GLOB_NB_68|Thane;
Ancola;query;place|GLOB_NB_69|Ankola;
Gangolij;query;place|GLOB_NB_70|Gangolli;
Goettij;query;place|GLOB_NB_71|Gooty;
Darwar;query;place|GLOB_NB_72|Dharwad;
Torgola;query;place|GLOB_NB_73|Torgal;
Bellegam;query;place|GLOB_NB_74|Belagavi;
Maja Palegaer;query;place|GLOB_NB_75|Mahipalgad;
Bomcapoe;query;place|GLOB_NB_57|Bankapur;
Simanta;query;place|GLOB_NB_76|Shrimantgad;
Walabo;query;place|GLOB_NB_77|Vallabhgad Fort;
Rasasa;query;place|GLOB_NB_78|Rajhansgad;
Benares;query;place|GLOB_NB_79|Varanasi;
Brindaban;query;place|GLOB_NB_80|Vrindavan;
Lecnouw;query;place|GLOB_NB_81|Lucknow;
Medinapour;query;place|GLOB_NB_82|Medinipur;
Camendroe;query;place|GLOB_NB_83|Kamandurg;
Adawinne;query;place|GLOB_NB_84|Adoni;
Ballapoer;query;place|GLOB_NB_85|Balapur;
Tieroenamale;query;place|GLOB_NB_86|Tiruvannamalai;
Tripapoelij;query;place|GLOB_NB_87|Thirupathiripuliyur;
Kistna;query;place|GLOB_NB_88|Krishna River;
Kitsna;query;place|GLOB_NB_88|Krishna River;
Ood;query;place|GLOB2_1668|Awadh;
Ferieda abaad;query;place|GLOB_NB_90|Faridabad;
Mattura;query;place|GLOB_NB_91|Mathura;
Tirawanandapoeram;query;place|GLOB_NB_92|Thiruvananthapuram;
Moecoendapoeram;query;place|GLOB_NB_93|Mukundapuram;
Kristnacotta;query;place|GLOB_NB_94|Krishnankotta;
Koeriapalli;query;place|GLOB_NB_95|Madaplathuruth;
Ramachindrapoeram;query;place|GLOB_NB_96|Ramachandrapuram;
Tindiwannam;query;place|GLOB_NB_97|Tindivanam;
Calapetta;query;place|GLOB_NB_98|Kalapettai;
Ietsapouram;query;place|GLOB_NB_99|Ichchapuram;
Amalapoeram;query;place|GLOB_NB_100|Amalapuram;
Carnapouram;query;place|GLOB_NB_101|Karunapuram;
Koeroewalapen koil;query;place|GLOB_NB_102|Kuruvalapparkoil;
Pandanellaoer;query;place|GLOB_NB_103|Pandanallur;
Guenge Condepoerem;query;place|GLOB_NB_104|Gangaikondacholapuram;
Carpoer;query;place|GLOB_NB_105|Karuppur;
Walletore;query;place|GLOB_NB_106|Valathoor;
Tirumaijladij;query;place|GLOB_NB_107|Tirumayiladi;
Colderon;query;place|GLOB_NB_108|Kollidam River;
Colleron;query;place|GLOB_NB_108|Kollidam River;
Tombaarsiuwe;query;place|GLOB_NB_109|Cumbarjua;
Combarjuan;query;place|GLOB_NB_109|Cumbarjua;
Marmagon;query;place|GLOB_NB_110|Mormugao;
Mattancherrij;query;place|GLOB_NB_111|Mattanchery;
Canacona;query;place|GLOB_NB_112|Kankon;
Sangamesuer;query;place|GLOB_NB_113|Sangameshwar;
Sidemberepoeram;query;place|GLOB_NB_114|Chidambarapuram;
Kallekadoe;query;place|GLOB_NB_115|Kalakkad;
Tiroekenekoedie;query;place|GLOB_NB_116|Thirukkurungudi;
Panekoedie;query;place|GLOB_NB_117|Panaikkudi;
Waldaoer;query;place|GLOB_NB_118|Valathur;
Welepoeram;query;place|GLOB_NB_119|Viluppuram;
Dewiekepoeram;query;place|GLOB_NB_120|Devikapuram;
Palaer;query;place|GLOB_NB_121|Palar River;
Pannicoessij;query;place|GLOB_NB_122|Puthenkurish;
Arranattoecarre;query;place|GLOB_NB_123|Aranattukara;
Manjapoeram;query;place|GLOB_NB_124|Manjapra;
Poelengattij;query;place|GLOB_NB_125|Poolakutty;
Rampour Balia;query;place|GLOB_NB_126|Rampur (Ballia);
Janom;query;place|GLOB_NB_127|Yanam;
Paltan;query;place|GLOB_NB_128|Palitana;
Pattoekotte;query;place|GLOB_NB_129|Pattukkottai;
Wedarmium;query;place|GLOB_NB_130|Vedaraniyam;
Allandale;query;place|GLOB_NB_131|Alanthalai;
Wirandepatnam;query;place|GLOB_NB_132|Virapandianpatnam;
Poedoepaddie;query;place|GLOB_NB_133|Puduppadi;
Periapatnam;query;place|GLOB_NB_134|Periyapattinam;
Wedalij;query;place|GLOB_NB_135|Vedalai;
Tripalekoedij;query;place|GLOB_NB_136|Thiruppalaikkudi;
Pattanamarroedoer;query;place|GLOB_NB_137|Pattanamaradur;
Ammapatnam;query;place|GLOB_NB_138|Ammapattinam;
Arambolij;query;place|GLOB_NB_139|Aralvaimozhi;
Wiervenaloer;query;place|GLOB_NB_140|Veeravanallur;
Coettamangalam;query;place|GLOB_NB_141|Kothamangalam;
Cheranaloer;query;place|GLOB_NB_142|Cheranalloor;
Kottanaloer;query;place|GLOB_NB_143|Kottanellur;
Bellangaloer;query;place|GLOB_NB_144|Vellangallur;
Ambachamoetram;query;place|GLOB_NB_145|Ambasamudram;
Wagecoelam;query;place|GLOB_NB_146|Vagaikulam;
Tengasie;query;place|GLOB_NB_147|Tenkasi;
Kistnapoeram;query;place|GLOB_NB_148|Krishnapuram;
Poedoeoer;query;place|GLOB_NB_149|Pudur;
Moecoerel;query;place|GLOB_NB_150|Mukkudal;
Papacoerij;query;place|GLOB_NB_151|Pappakudi;
Irrijkaal;query;place|GLOB_NB_152|Idaikal;
Kallerecoeritje;query;place|GLOB_NB_153|Kallidaikurichi;
Kalewe;query;place|GLOB_NB_154|Kalavai;
Trimangelan;query;place|GLOB_NB_155|Tirumangalam;
Singepatte;query;place|GLOB_NB_156|Singampettai;
Desoer;query;place|GLOB_NB_157|Desur;
Tirrewilla malle;query;place|GLOB_NB_158|Thiruvilwamala;
Coimbetore;query;place|GLOB_NB_159|Coimbatore;
Coimbatour;query;place|GLOB_NB_159|Coimbatore;
Chittoer;query;place|GLOB_NB_160|Chittur (Kerala);
Otepararam;query;place|GLOB_NB_161|Ottapidaram;
Hittearam;query;place|GLOB_NB_162|Ettaiyapuram;
Paalvenatam;query;place|GLOB_NB_163|Palavanatham;
Mantoop;query;place|GLOB_NB_164|Manthoppu;
Sinkote;query;place|GLOB_NB_165|Shenkottai;
Radapuram;query;place|GLOB_NB_166|Radhapuram;
Eerwaddie;query;place|GLOB_NB_167|Eruvadi;
Kannenaloer;query;place|GLOB_NB_168|Kannanallur;
Sittoer Wisejapadie;query;place|GLOB_NB_169|Sithoor ;
Wisejanarajenam;query;place|GLOB_NB_170|Vijayanarayanam;
Naanganaserie;query;place|GLOB_NB_171|Nanguneri;
Rasagelmangalam;query;place|GLOB_NB_172|Rajakkalmangalam;
Kirkenkoedie;query;place|GLOB_NB_116|Thirukkurungudi;
Tiroewallatoer;query;place|GLOB_NB_173|Thiruvalathur;
Taroernaddoe;query;place|GLOB_NB_174|Tarur;
Tiroewaaij;query;place|GLOB_NB_175|Thirunavaya;
Engadoer;query;place|GLOB_NB_176|Engandiyur;
Tiroewalloer;query;place|GLOB_NB_177|Thiruvallur (Kerala);
Tirroewaddhijse;query;place|GLOB_NB_178|Tiruvadi;
Mannelourpette;query;place|GLOB_NB_179|Manalurpettai;
Damalcherij;query;place|GLOB_NB_180|Damalcherry pass;
Jaghadeeuw-doerkam;query;place|GLOB_NB_181|Jagadevipalaiyam;
Batacala;query;place|GLOB_NB_182|Bhatkal;
Tattamangelon;query;place|GLOB_NB_183|Tattamangalam;
Connicheri;query;place|GLOB_NB_184|Kunissery;
Paara Colongere;query;place|GLOB_NB_185|Parakkulangara;
Kalladikotte;query;place|GLOB_NB_186|Kalladikode;
Hazepoor;query;place|GLOB_NB_187|Hajipur;
Ramgevenpoor;query;place|GLOB_NB_188|Ramjibanpur;
Kurpoy;query;place|GLOB_NB_189|Khirpai;
Dewan gunge;query;place|GLOB_NB_190|Dewanganj;
Barnagore;query;place|GLOB_343|Baranagar;
Tarputry;query;place|GLOB_NB_191|Tadipatri;
Kanick girry;query;place|GLOB_NB_192|Kanakagiri;
Gujanderghur;query;place|GLOB_NB_193|Gajendragarh;
Sirhitty;query;place|GLOB_NB_194|Shirhatti;
Gudduck;query;place|GLOB_NB_195|Gadag;
Kitore;query;place|GLOB_NB_196|Kittur;
Anogoondij;query;place|GLOB_NB_197|Anegundi;
Dammoor;query;place|GLOB_NB_198|Dammur;
Havanoor;query;place|GLOB_NB_199|Havanur;
Alijpoer;query;place|GLOB_NB_200|Alipore;
Sulthanpoer;query;place|GLOB_NB_201|Sultanpur;
Gendivie;query;place|GLOB_NB_202|Gandevi;
Jamboeser;query;place|GLOB_NB_203|Jambusar;
Bimpoer;query;place|GLOB_NB_204|Bhimpore;
Balsar;query;place|GLOB_NB_205|Valsad;
Bagwanpoor;query;place|GLOB_NB_206|Bhagwanpur;
Mohunpoer;query;place|GLOB_NB_207|Mohanpur;
Jeggernaatpoer;query;place|GLOB_NB_208|Jagannathpur;
Daadpoer;query;place|GLOB_NB_209|Dadpur;
Olmara;query;place|GLOB_NB_210|Olmara;
Boerong;query;place|GLOB_NB_211|Burunda;
Azimabaad;query;place|GLOB_NB_212|Azimabad;
Ichtiaarpoer;query;place|GLOB_NB_213|Akhtiyarpur;
Amierabaad;query;place|GLOB_NB_214|Amirabad;
Peyken;query;place|GLOB_NB_215|Paikar;
Akberpoer;query;place|GLOB_NB_216|Akbarpur;
Potsja kolla;query;place|GLOB_NB_217|Panchkula;
Sjahpoed;query;place|GLOB_NB_218|Shahpur Tewari;
Decan Sagier;query;place|GLOB_NB_219|Dhansagar;
Sjahnegger;query;place|GLOB_NB_220|Shahnagar;
T Eijlant kelang;query;place|GLOB_124|Heping Dao;
taijowan;query;place|GLOB_PY_13|Tayouan (bay, region);
tayowan;query;place|GLOB_PY_13|Tayouan (bay, region);
Kelangh;query;place|GLOB_124|Heping Dao;
Tijowan;query;place|GLOB_PY_13|Tayouan (bay, region);
Teijouvan;query;place|GLOB_PY_13|Tayouan (bay, region);
Packan;query;place|GLOB_147|Taiwan;
t eijlandt quelangh;query;place|GLOB_124|Heping Dao;
Tanswij;query;place|GLOB2_1117|Tan-shui;
Tajowan;query;place|GLOB_PY_13|Tayouan (bay, region);
Piscadores;query;place|GLOB2_1393|Penghu Qundao;
Lamai;query;place|GLOB_116|Liuqiu Yu;
stad Zelandia;query;place|GLOB_PY_4|Zeelandia (city);
Tamsui;query;place|GLOB2_1117|Tan-shui;
Tanswei;query;place|GLOB2_1117|Tan-shui;
tansue;query;place|GLOB2_1117|Tan-shui;
Nankin;query;place|GLOB_149|Nanjing;
Tumsuie;query;place|GLOB_PY_15|Gaoping Xi;
Tansvij;query;place|GLOB_PY_15|Gaoping Xi;
quelang;query;place|GLOB_PY_7|Kelang (region);
S. Jago;query;place|GLOB_PY_10|Sandiao Jiao;
Vavorlang;query;place|GLOB2_1461|Favorlangh;
Tajovan;query;place|GLOB_PY_13|Tayouan (bay, region);
Dorp kemora;query;place|GLOB_PY_2|Quemory;
Pangsoija;query;place|GLOB_PY_11|Pangsoya;
Rivier van Fabolangh;query;place|GLOB2_1461|Favorlangh;
港海;query;place|GLOB_PY_14|Stad cong hay;
Caap Diable;query;place|GLOB_PY_3|Yehliu;
Mattysen Eijlant;query;place|GLOB_116|Liuqiu Yu;
Pinamba;query;place|GLOB_PY_6|Pimaba;
St. Matheus Eijlant;query;place|GLOB_116|Liuqiu Yu;
Duijvels hock;query;place|GLOB_PY_3|Yehliu;
Duyvels hock;query;place|GLOB_PY_3|Yehliu;
Pehouw;query;place|GLOB2_1393|Penghu Qundao;
St. Jago;query;place|GLOB_PY_10|Sandiao Jiao;
Pangsoja;query;place|GLOB_PY_11|Pangsoya;
stadt proventie;query;place|GLOB2_1241|Saccam;
Quemoi;query;place|GLOB_E_54|Kinmen Island;
Cinchieu;query;place|GLOB_135|Chincheo;
Aimoi;query;place|GLOB_516|Xiamen;
Tolloutoek;query;place|GLOB_PY_16|Dolatock;
Tollentok;query;place|GLOB_PY_16|Dolatock;
Dollatock;query;place|GLOB_PY_16|Dolatock;
I. Maurijsij;query;place|GLOB_PY_22|Lyu Dao;
Bottol;query;place|GLOB_PY_21|Lan Yu;
Lamo;query;place|GLOB_118|Nan’ao Dao;
Baij van Houtausouw;query;place|GLOB_PY_30|Futou Wan;
Sanna Sanna;query;place|GLOB_PY_22|Lyu Dao;
Meuwen eijlande;query;place|GLOB_PY_29|Sanxiantai;
Baai St. Laurens;query;place|GLOB_PY_24|Su'ao;
Cinchieuw;query;place|GLOB_135|Chincheo;
Haarlems baij;query;place|GLOB_PY_31|Pinghai Wan (Guangdong);
Bay St. Laurens;query;place|GLOB_PY_24|Su'ao;
de vissers caep;query;place|GLOB_PY_32|Jockan;
de vissers baeij;query;place|GLOB_PY_32|Jockan;
de Haens baeij;query;place|GLOB_PY_32|Jockan;
het vlekje Provintie;query;place|GLOB2_1241|Saccam;
Tamijbalij;query;place|GLOB_PY_28|Taimali;
Tamebaly;query;place|GLOB_PY_28|Taimali;
Tavalij;query;place|GLOB_PY_28|Taimali;
Gout Rivier;query;place|GLOB_PY_25|Hualien Xi;
Goude Riv.;query;place|GLOB_PY_25|Hualien Xi;
Lacjemoie;query;place|GLOB_PY_33|Lacjemue;
Soute Riever;query;place|GLOB_PY_36|Sanye Gong Xi;
Verse Riever;query;place|GLOB_PY_37|Erren Xi;
Bassenboy;query;place|GLOB_199|Pei-hsien-wei;
Luermen;query;place|GLOB_PY_33|Lacjemue;
Banser;query;place|GLOB_PY_38|Bangsoor;
Metsaer;query;place|GLOB_PY_39|Matsar;
Noort Caep;query;place|GLOB_PY_52|Fugui Jiao;
Caep de Hoope;query;place|GLOB_PY_51|Bitou Jiao;
Suijt Caep;query;place|GLOB_PY_50|Eluanbi;
R. Singkan;query;place|GLOB_PY_8|Yanshuei Xi;
Sincans Riv.;query;place|GLOB_PY_8|Yanshuei Xi;
de stadt Proventie;query;place|GLOB2_1241|Saccam;
Kavalang;query;place|GLOB2_1795|Kavalan;
Matsaer;query;place|GLOB_PY_39|Matsar;
Vissers eijlt.;query;place|GLOB_PY_53|Xiyu;
Pinbae;query;place|GLOB_PY_6|Pimaba;
Pehouw;query;place|GLOB2_1393|Penghu Qundao;
Eijmoij;query;place|GLOB_516|Xiamen;
Aimoi;query;place|GLOB_516|Xiamen;
Sansana;query;place|GLOB_PY_22|Lyu Dao;
Varse Riv.;query;place|GLOB_PY_37|Erren Xi;
Keelung;query;place|GLOB_PY_7|Kelang (region);
Girim;query;place|GLOB_PY_54|Erlin;
Tanekoja;query;place|GLOB_168|Kaohsiung;
Lama;query;place|GLOB_118|Nan’ao Dao;
Tankoij;query;place|GLOB_168|Kaohsiung;
Tanky;query;place|GLOB_168|Kaohsiung;
Apen bergh;query;place|GLOB_PY_55|Shou Shan;
Loukion;query;place|GLOB2_E_8|Langqiao;
Moordadige Riever;query;place|GLOB_PY_56|Jiangjun Xi;
Verraders of Moordenaars R.;query;place|GLOB_PY_56|Jiangjun Xi;
Zant Hoek;query;place|GLOB_PY_54|Erlin;
Chilung;query;place|GLOB_PY_7|Kelang (region);
Kelangh;query;place|GLOB_PY_7|Kelang (region);
Quelangh;query;place|GLOB_PY_7|Kelang (region);
基隆;query;place|GLOB_PY_7|Kelang (region);
Jilong;query;place|GLOB_PY_7|Kelang (region);
Rivier van Pondack;query;place|GLOB_PY_17|Beigang Xi;
Lassarang;query;place|GLOB_RT_1|Losarang;
Ceri-bon;query;place|GLOB_593|Cirebon;
Tanjongh Priock;query;place|GLOB_RT_2|Tanjung Priok;
Berg Ceribon;query;place|GLOB_RT_3|Gunung Cereme;
Carawang;query;place|GLOB2_1050|Karawang;
Teggal;query;place|GLOB_458|Tegal;
Packalongan;query;place|GLOB_377|Pekalongan;
Gabbangh;query;place|GLOB_50|Gebang;
Negery Lossary;query;place|GLOB_RT_4|Losari;
Pamanoukan;query;place|GLOB2_1300|Pamanukan;
Mondoe;query;place|GLOB_RT_5|Mundu;
Calyjaga;query;place|GLOB_RT_6|Kalijaga;
Chillamaja;query;place|GLOB_RT_7|Cilamaya;
Songi Sagara Oerip;query;place|GLOB_RT_8|Sungai Segara Urip;
Lassam;query;place|GLOB2_1366|Lasem;
Rembang;query;place|GLOB2_936|Rembang;
Touban;query;place|GLOB2_1248|Tuban;
Bantem;query;place|GLOB2_899|Banten;
Ampel;query;place|GLOB_RT_9|Ampel;
Ynthassem;query;place|GLOB2_1603|Ciasem;
H. Indramaja;query;place|GLOB_RT_11|Tanjung Indramayu;
Antsioll;query;place|GLOB_504|Ancol;
Barangcassy;query;place|GLOB2_1429|Bekasi;
Padjalang;query;place|GLOB_RT_12|Pekalangan;
Oude Fort;query;place|GLOB_RT_13|Fort de Beschermingh;
Songi Jappoerae;query;place|GLOB_RT_14|Sungai Japura (Cimanis);
Bangcalon;query;place|GLOB2_1894|Bangkalan;
Carananjer;query;place|GLOB_RT_15|Karanganyar (Tegal);
Bergie Gadja;query;place|GLOB_RT_264|Igir Gajah;
Caligaroe;query;place|GLOB_RT_17|Kaligangsa;
Songi Babadang;query;place|GLOB_RT_18|Kali Babadan (Tegal);
R. Pamalang;query;place|GLOB_RT_19|Kali Comal;
R. Candael;query;place|GLOB_RT_20|Kali Kendal;
R. Batang;query;place|GLOB_RT_21|Kali Sambong;
Caranganjer;query;place|GLOB_RT_22|Karanganyar (Semarang);
Oedjong gattel;query;place|GLOB_RT_23|Ujungbatu;
Oedj. Piering;query;place|GLOB_RT_24|Ujung Piring;
Oedj. Kalieran;query;place|GLOB_RT_25|Ujung Kuniran;
Oedj. Passalarang;query;place|GLOB_RT_26|Ujung Salaran;
Berg Radjoenae;query;place|GLOB_RT_27|Gunung Arjuna;
Giery;query;place|GLOB_RT_28|Giri;
Oedjong awar awar;query;place|GLOB_RT_29|Tanjung Awarawar;
Laboean;query;place|GLOB_RT_30|Labuhan;
Patsierang;query;place|GLOB_RT_31|Paciran;
Tanjong Piering;query;place|GLOB_RT_32|Tanjung Piring;
Calianje;query;place|GLOB_RT_33|Kalianyar;
Blimbingh;query;place|GLOB_RT_34|Blimbing;
Paboenan;query;place|GLOB_RT_35|Pambon;
Berg Japan;query;place|GLOB_RT_27|Gunung Arjuna;
Berg Teggal;query;place|GLOB_RT_16|Gunung Slamet;
H. Brebos;query;place|GLOB_RT_36|Ujung Brebes;
Songi Bonco;query;place|GLOB_RT_37|Kali Bongkok;
Songi Larissan;query;place|GLOB_RT_39|Sungai Larisan;
Tanjong Larissan;query;place|GLOB_RT_40|Tanjung Larisan;
Songi Caliporoe;query;place|GLOB_RT_41|Sungai Kaliporong;
Songi Calipa;query;place|GLOB_RT_42|Kali Pah;
Songi Packijingin;query;place|GLOB_RT_43|Kali Pakijingan;
Songi Wadoery;query;place|GLOB_RT_38|Sungai Widuri;
Songi - Soumber;query;place|GLOB_RT_46|Sungai Sumber;
Songi Madjabon;query;place|GLOB_RT_47|Sungai Mejabung;
Songi Soumorde;query;place|GLOB_RT_48|Kali Sumur;
Songi Padack;query;place|GLOB_RT_49|Sungai Padek;
R. Tolecbarang;query;place|GLOB_RT_50|Sungai Telukbarang;
H. Soumor;query;place|GLOB_RT_51|Tanjung Sumur;
Negery Vradesa;query;place|GLOB_RT_52|Wiradesa;
R. Bremmy;query;place|GLOB_RT_53|Kali Bremi;
Songi Moetsiang;query;place|GLOB_RT_54|Sungai Muncang;
R. Kinteng;query;place|GLOB_RT_55|Kali Kinting;
H. Galloerang;query;place|GLOB_RT_56|Ujung Negoro;
Calijeroe;query;place|GLOB_RT_57|Kalijero;
R. Amba;query;place|GLOB_RT_58|Kali Amba;
R. Babadang;query;place|GLOB_RT_59|Kali Babadan (Kendal);
R. Roebang;query;place|GLOB_RT_60|Kali Roban;
R. Calioerang;query;place|GLOB_RT_61|Kali Urang;
R. Rockawaly;query;place|GLOB_RT_62|Kali Lokawali;
R. Baboengan;query;place|GLOB_RT_63|Kali Babungan;
R. Toeroensy;query;place|GLOB_RT_64|Kali Turunsih;
Paboelamian;query;place|GLOB_RT_65|Paburanam;
Marratoea;query;place|GLOB_RT_66|Maratua;
Negery Souwan;query;place|GLOB_RT_67|Sowan;
R. Mancan;query;place|GLOB_RT_68|Kali Mangkang;
H. Toeroensy;query;place|GLOB_RT_69|Tanjung Turunsi;
Oedjong Paboelamian;query;place|GLOB_RT_70|Ujung Paburanam;
R. Indramaja;query;place|GLOB_RT_71|Ci Manuklama;
Songi Radya;query;place|GLOB_RT_72|Sungai Raja;
Oedjong Jonty;query;place|GLOB_RT_73|Ujung Juntikebon;
Songi Cabben;query;place|GLOB_RT_74|Kali Gabus;
Songi Jonty;query;place|GLOB_RT_75|Sungai Junti;
Teggal Glap;query;place|GLOB_RT_76|Tegalagungbaru;
Oedjong Toea;query;place|GLOB_RT_77|Tanjung Ujungtua;
Oedjong Tanae;query;place|GLOB_RT_78|Tanjung Tanah;
Songi Pondoc;query;place|GLOB_RT_79|Sungai Pondok;
Songi Boncko;query;place|GLOB_RT_80|Sungai Bungko;
Songi Selansiang;query;place|GLOB_RT_81|Sungai Celangcang;
Qualisapoe;query;place|GLOB_RT_82|Kalisapu;
H. Lossary;query;place|GLOB_RT_83|Tanjung Losari;
Songi Carrakahan;query;place|GLOB_RT_84|Sungai Krakahan;
Oudjong Java ;query;place|GLOB_RT_85|Tanjung Pasir;
Cadang Awer;query;place|GLOB_RT_86|Kandanghaur;
Thipparaga;query;place|GLOB_RT_87|Ciparage;
Chillamaya ;query;place|GLOB_RT_88|Tanjung Cilamaya;
Carang Sandalang;query;place|GLOB_RT_89|Sedulang Reefs;
Chamara;query;place|GLOB_RT_90|Cemara;
Sadary;query;place|GLOB_RT_91|Sedari;
Sarackan;query;place|GLOB_RT_92|Sarakan;
Packis;query;place|GLOB_RT_93|Pakis (Karawang);
Ieroek;query;place|GLOB_RT_95|Jeruk;
H. Bobocks;query;place|GLOB_RT_96|Tanjung Bobos;
Grote Versche R.;query;place|GLOB_RT_97|Sungai Besar;
Torrabaja;query;place|GLOB2_1536|Terboyo;
R. Gnoek;query;place|GLOB_RT_100|Kali Genuk;
R. Wodang;query;place|GLOB_RT_101|Kali Wedung;
Quala Damac;query;place|GLOB_382|Demak;
Songi Damac;query;place|GLOB_RT_103|Kali Tuntang;
R. Sajong;query;place|GLOB_RT_104|Kali Sayung;
R. Gomoeloc;query;place|GLOB_RT_105|Kali Gemulak;
R. Toedoenang;query;place|GLOB_RT_106|Kali Serang;
R. Brajan;query;place|GLOB_RT_107|Kali Brajan;
Oedj. Ponoc;query;place|GLOB_RT_108|Ujung Bugel;
R. Jawana;query;place|GLOB_RT_109|Kali Juwana;
R. Rembang;query;place|GLOB_RT_110|Kali Karanggeneng;
Caboenan;query;place|GLOB_RT_111|Kabongan Kidul;
Samplon;query;place|GLOB_RT_112|Nyamplung;
Palidanan;query;place|GLOB_RT_113|Pandangan Kulon;
Tanjoenan;query;place|GLOB_RT_114|Tanjungan (Rembang);
Cabloeran;query;place|GLOB_RT_115|Kebloran;
Palawanan;query;place|GLOB_RT_116|Plawangan;
Marragan;query;place|GLOB_RT_117|Kragan;
Saram;query;place|GLOB_RT_118|Sarang;
Bantjar;query;place|GLOB_RT_119|Bancar;
Parnabeu;query;place|GLOB_RT_120|Perbon;
Jenoe Jeroedje;query;place|GLOB_RT_121|Jenu;
Kinanty;query;place|GLOB_RT_122|Kenanti;
Vagadon;query;place|GLOB_RT_123|Gadon;
Loetoe;query;place|GLOB_RT_124|Klutuk;
Jagers Boomen;query;place|GLOB_RT_125|Jagers Boomen;
Lydajoe;query;place|GLOB_RT_126|Sedayulawas;
Brendan;query;place|GLOB_RT_127|Brondong;
Arisbaja;query;place|GLOB_RT_128|Arosbaya;
Zootia;query;place|GLOB_RT_129|Socah;
Camaal;query;place|GLOB_RT_130|Kamal;
Quanjer;query;place|GLOB_RT_131|Kwanyar;
Soucalela;query;place|GLOB_RT_132|Sukolilo ;
Carang Leyer;query;place|GLOB_RT_133|Batu Layar;
Po. Panjannuca;query;place|GLOB_RT_134|Karang Jamuang;
Zedikarry;query;place|GLOB_RT_135|Sidokare;
Camantrin;query;place|GLOB_RT_136|Kemantren;
Waroe;query;place|GLOB_RT_137|Weru;
D' Negery Panka;query;place|GLOB_RT_138|Pangka;
H. Panca;query;place|GLOB_370|Ujung Pangkah;
Nieuw Leydago;query;place|GLOB2_1170|Sidayu;
R. Awin;query;place|GLOB_RT_141|Kali Lewean;
R. Badantin;query;place|GLOB_RT_142|Sungai Bedanten;
Gambong;query;place|GLOB_RT_143|Gembong;
Garonda;query;place|GLOB_RT_144|Gerongan;
Calialoo;query;place|GLOB_RT_145|Kalialo;
Pakatingan;query;place|GLOB_RT_146|Kapetingan;
Pannangoenang;query;place|GLOB_RT_147|Penanggungan;
Zydapurnae;query;place|GLOB_RT_148|Sidopurno;
Bokore;query;place|GLOB_RT_149|Kali Bokor;
R. Annac;query;place|GLOB_RT_150|Kali Anak;
Lammonje;query;place|GLOB_RT_151|Lamong;
Pourte;query;place|GLOB_RT_152|Keputih;
Gourientrin;query;place|GLOB_RT_153|Dukuh Setro;
Madjaja;query;place|GLOB_RT_154|Majaya;
Calywaton;query;place|GLOB_RT_155|Kaliwatu;
Plo. Mandelique;query;place|GLOB_RT_156|Pulau Mandalika;
R. Bringin Vers Watr.;query;place|GLOB_RT_157|Muara Bringin;
Oedjong Bringin;query;place|GLOB_RT_158|Ujung Bringin;
Tajouw;query;place|GLOB_RT_159|Tayu;
Packaran;query;place|GLOB_RT_160|Pangkalan;
Ingoewang;query;place|GLOB_RT_161|Luwang;
Oedj. Pantoenan;query;place|GLOB_RT_163|Ujung Bantungan;
Oedj. Blindering;query;place|GLOB_RT_164|Tanjung Blenderan;
Dasson;query;place|GLOB_RT_165|Dasun;
Boenan;query;place|GLOB_RT_166|Bonang (Rembang);
Leeran;query;place|GLOB_RT_167|Leran;
Tarran;query;place|GLOB_RT_168|Trahan;
Jatisary;query;place|GLOB_RT_169|Jatisari;
Oedjong Pankalan;query;place|GLOB_RT_170|Ujung Pangkalan;
Baenoe;query;place|GLOB_RT_171|Bendo;
Oedj. Pondock een hooge h.;query;place|GLOB_RT_172|Ujung Pendok;
Labuam;query;place|GLOB_RT_173|Labuhan Kidul;
Amsterdam;query;place|GLOB_RT_177|Pulau Untung Jawa;
Schiedam;query;place|GLOB_RT_178|Pulau Ubi Kecil;
Rotterdam;query;place|GLOB_RT_179|Pulau Ubi Besar;
Middelb.;query;place|GLOB_RT_180|Pulau Rambut;
Middelburg;query;place|GLOB_RT_180|Pulau Rambut;
Leyden;query;place|GLOB_RT_181|Pulau Nyamuk Besar;
Alckmaar;query;place|GLOB_RT_183|Pulau Damar Kecil;
Hoorn;query;place|GLOB_RT_184|Pulau Ayer Besar;
Haarlem;query;place|GLOB_RT_185|Karang Ayer Kecil;
Enckhuysen;query;place|GLOB_RT_186|Pulau Nyamuk Kecil;
Vader Smit;query;place|GLOB_RT_187|Karang Puluputri;
Enkhuysen Eylt;query;place|GLOB_RT_188|Gosong Dapur;
Po. Dowa;query;place|GLOB_RT_189|Pulau Panjang;
Po. Keloors;query;place|GLOB_RT_190|Pulau Kelor (Jepara);
Songi Sawadadi;query;place|GLOB_RT_44|Sungai Suradadi;
Songi Padoc;query;place|GLOB_RT_45|Sungai Padokan;
Duyven Eyl;query;place|GLOB_RT_182|Pulau Burung;
Vuyle Bocht;query;place|GLOB_RT_198|Vuyle bocht;
H. van Bongi;query;place|GLOB_RT_199|Tanjung Bungin;
Blatsians Spruyt;query;place|GLOB_RT_200|Sungai Balubuk;
Rode H.;query;place|GLOB_RT_201|Tanjung Merah;
Ronde Goutinge;query;place|GLOB_RT_202|Randukuning;
Palombo;query;place|GLOB_RT_203|Paloh;
Paduranan;query;place|GLOB_RT_204|Tanjung Karangparudan;
Zarbangi;query;place|GLOB_RT_205|Pasarbanggi;
Caliwontoe;query;place|GLOB_RT_206|Kaliuntu;
Goddon;query;place|GLOB_RT_207|Gedongmulyo;
Jitta;query;place|GLOB_RT_208|Jetak;
Oedj. Agon;query;place|GLOB_RT_209|Tanjung Kapal;
Doodo;query;place|GLOB_RT_210|Dodokan;
Benco;query;place|GLOB_RT_211|Bogorejo;
Zitta;query;place|GLOB_RT_212|Sedan;
Calapan;query;place|GLOB_RT_213|Kalipang;
Baliton;query;place|GLOB_RT_214|Belitung;
Pagoendom;query;place|GLOB_RT_215|Gondangkrojo;
R. Paggat;query;place|GLOB_RT_216|Sungai Pegat;
Een Hooge H. Boeloe;query;place|GLOB_RT_217|Tanjung Bulu;
Tampiera;query;place|GLOB_RT_218|Temperak;
Badsienan;query;place|GLOB_RT_219|Bajingjowo;
Serbon;query;place|GLOB_RT_220|Serbung;
Tiasson;query;place|GLOB_RT_222|Trasan;
Paradenae;query;place|GLOB_RT_223|Paradina;
Amboeloe;query;place|GLOB_RT_221|Bulu;
Zout Water R. Bamar;query;place|GLOB_RT_224|Sungai Bamar;
Sendanae;query;place|GLOB_RT_225|Sendang;
Een Hooge h. Oedjong Tockel;query;place|GLOB_RT_226|Tanjung Petakol;
Mallawas;query;place|GLOB_RT_227|Malawas;
Candang;query;place|GLOB_RT_228|Kandang;
Maneer;query;place|GLOB_RT_229|Mamer;
Oedj. Gannangheen;query;place|GLOB_RT_230|Ujung Gannangheen;
Zout Wat R. Troupou;query;place|GLOB_RT_231|Sungai Tropen;
Germae;query;place|GLOB_RT_232|Dermo;
Blarae;query;place|GLOB_RT_233|Boro;
Oedjong Balauwe;query;place|GLOB_RT_234|Tanjung Karangjahe;
Caranpilan;query;place|GLOB_RT_235|Karangpilang;
Doenoen;query;place|GLOB_RT_236|Dunung;
Vers wat R. Jennoe Cappoe;query;place|GLOB_RT_237|Kali Jenu;
R. Touban;query;place|GLOB_RT_238|Kali Tuban;
Siombel;query;place|GLOB_RT_239|Siombel;
Dassin;query;place|GLOB_RT_240|Dasin;
Pamanjoeran;query;place|GLOB_RT_241|Panyuran;
H. Legan;query;place|GLOB_RT_242|Tanjung Logung;
Oedj. Alanang;query;place|GLOB_RT_243|Ujung Alang;
Oedjong Watoe;query;place|GLOB_RT_244|Ujung Watu;
t' bergie Panguado;query;place|GLOB_RT_245|Gunung Menjuluk;
Banjeranjer;query;place|GLOB_RT_246|Banjaranyar;
Carangsin;query;place|GLOB_RT_247|Kranji;
Watis;query;place|GLOB_RT_248|Wates;
Een Lage H. Tambamallon;query;place|GLOB_RT_249|Tanjung Paciran;
H. Kodde;query;place|GLOB_RT_250|Tanjung Kodok;
Oedjong Pakis;query;place|GLOB_RT_251|Tanjung Pakis;
Pakis;query;place|GLOB_RT_252|Pakis (Lamongan);
Caleyer;query;place|GLOB_RT_253|Klayar;
Janpoolan;query;place|GLOB_RT_254|Japolan;
R. Roma;query;place|GLOB_RT_255|Kali Roomo;
R. Samangi;query;place|GLOB_RT_256|Bengawan Solo;
Madalyn;query;place|GLOB_RT_257|Madalin;
H. Paggat;query;place|GLOB_370|Ujung Pangkah;
H. Lodja;query;place|GLOB_RT_259|Tanjung Lodya;
R. Seckerwoja;query;place|GLOB_RT_260|Kali Sekarwoyo;
Zeetera;query;place|GLOB_RT_262|Setera;
Dianae;query;place|GLOB_RT_263|Diana;
D' Buffels;query;place|GLOB_RT_139|Tanjungan (Bangkalan);
Maccamangon;query;place|GLOB_RT_174|Makanagon;
Caranoukal;query;place|GLOB_RT_196|Karangungkal;
Zeewouw;query;place|GLOB_RT_197|Sewoharjo;
Oedj. Alanalang;query;place|GLOB_RT_162|Tanjung Api-api Anom;
Vissers Eyl. ;query;place|GLOB_RT_191|Pulau Penganten;
Po. Sawalan;query;place|GLOB_RT_192|Pulau Karang;
Carangossa;query;place|GLOB_RT_193|Gosong Reef;
Carandawa;query;place|GLOB_RT_194|Jetah;
Caranwessy;query;place|GLOB_RT_195|Karangwesi;
H. Pemalang;query;place|GLOB_RT_265|Tanjung Pemalang;
R. Lossary;query;place|GLOB_RT_10|Ci Sanggarung;
De Ruyge H.;query;place|GLOB_RT_85|Tanjung Pasir;
Schadelijke Hoek;query;place|GLOB_RT_88|Tanjung Cilamaya;
Po. Siwalan;query;place|GLOB_RT_191|Pulau Penganten;
R. Brebos;query;place|GLOB_RT_140|Kali Pemali;
Roode Steenberg;query;place|GLOB_RT_175|Tanjung Batu Sawang;
Ziloma;query;place|GLOB_RT_176|Karang Kleta;
met laag water eenige steene boven;query;place|GLOB_RT_98|Karang Jeruk;
met laeg water boven;query;place|GLOB_RT_258|Penowo Reef;
Boomties riff;query;place|GLOB_RT_261|Pulau Cilik;
D' Cuyper;query;place|GLOB2_1403|Pulau Kayangan;
Engels Onrust;query;place|GLOB_RT_266|Pulau Kelor (Jakarta);